<?xml version="1.0" encoding="UTF-8"?>
<spirit:component xmlns:xilinx="http://www.xilinx.com" xmlns:spirit="http://www.spiritconsortium.org/XMLSchema/SPIRIT/1685-2009" xmlns:xsi="http://www.w3.org/2001/XMLSchema-instance">
  <spirit:vendor>xilinx.com</spirit:vendor>
  <spirit:library>user</spirit:library>
  <spirit:name>Interface</spirit:name>
  <spirit:version>1.0</spirit:version>
  <spirit:busInterfaces>
    <spirit:busInterface>
      <spirit:name>S00_AXI</spirit:name>
      <spirit:busType spirit:vendor="xilinx.com" spirit:library="interface" spirit:name="aximm" spirit:version="1.0"/>
      <spirit:abstractionType spirit:vendor="xilinx.com" spirit:library="interface" spirit:name="aximm_rtl" spirit:version="1.0"/>
      <spirit:slave>
        <spirit:memoryMapRef spirit:memoryMapRef="S00_AXI"/>
      </spirit:slave>
      <spirit:portMaps>
        <spirit:portMap>
          <spirit:logicalPort>
            <spirit:name>AWADDR</spirit:name>
          </spirit:logicalPort>
          <spirit:physicalPort>
            <spirit:name>s00_axi_awaddr</spirit:name>
          </spirit:physicalPort>
        </spirit:portMap>
        <spirit:portMap>
          <spirit:logicalPort>
            <spirit:name>AWPROT</spirit:name>
          </spirit:logicalPort>
          <spirit:physicalPort>
            <spirit:name>s00_axi_awprot</spirit:name>
          </spirit:physicalPort>
        </spirit:portMap>
        <spirit:portMap>
          <spirit:logicalPort>
            <spirit:name>AWVALID</spirit:name>
          </spirit:logicalPort>
          <spirit:physicalPort>
            <spirit:name>s00_axi_awvalid</spirit:name>
          </spirit:physicalPort>
        </spirit:portMap>
        <spirit:portMap>
          <spirit:logicalPort>
            <spirit:name>AWREADY</spirit:name>
          </spirit:logicalPort>
          <spirit:physicalPort>
            <spirit:name>s00_axi_awready</spirit:name>
          </spirit:physicalPort>
        </spirit:portMap>
        <spirit:portMap>
          <spirit:logicalPort>
            <spirit:name>WDATA</spirit:name>
          </spirit:logicalPort>
          <spirit:physicalPort>
            <spirit:name>s00_axi_wdata</spirit:name>
          </spirit:physicalPort>
        </spirit:portMap>
        <spirit:portMap>
          <spirit:logicalPort>
            <spirit:name>WSTRB</spirit:name>
          </spirit:logicalPort>
          <spirit:physicalPort>
            <spirit:name>s00_axi_wstrb</spirit:name>
          </spirit:physicalPort>
        </spirit:portMap>
        <spirit:portMap>
          <spirit:logicalPort>
            <spirit:name>WVALID</spirit:name>
          </spirit:logicalPort>
          <spirit:physicalPort>
            <spirit:name>s00_axi_wvalid</spirit:name>
          </spirit:physicalPort>
        </spirit:portMap>
        <spirit:portMap>
          <spirit:logicalPort>
            <spirit:name>WREADY</spirit:name>
          </spirit:logicalPort>
          <spirit:physicalPort>
            <spirit:name>s00_axi_wready</spirit:name>
          </spirit:physicalPort>
        </spirit:portMap>
        <spirit:portMap>
          <spirit:logicalPort>
            <spirit:name>BRESP</spirit:name>
          </spirit:logicalPort>
          <spirit:physicalPort>
            <spirit:name>s00_axi_bresp</spirit:name>
          </spirit:physicalPort>
        </spirit:portMap>
        <spirit:portMap>
          <spirit:logicalPort>
            <spirit:name>BVALID</spirit:name>
          </spirit:logicalPort>
          <spirit:physicalPort>
            <spirit:name>s00_axi_bvalid</spirit:name>
          </spirit:physicalPort>
        </spirit:portMap>
        <spirit:portMap>
          <spirit:logicalPort>
            <spirit:name>BREADY</spirit:name>
          </spirit:logicalPort>
          <spirit:physicalPort>
            <spirit:name>s00_axi_bready</spirit:name>
          </spirit:physicalPort>
        </spirit:portMap>
        <spirit:portMap>
          <spirit:logicalPort>
            <spirit:name>ARADDR</spirit:name>
          </spirit:logicalPort>
          <spirit:physicalPort>
            <spirit:name>s00_axi_araddr</spirit:name>
          </spirit:physicalPort>
        </spirit:portMap>
        <spirit:portMap>
          <spirit:logicalPort>
            <spirit:name>ARPROT</spirit:name>
          </spirit:logicalPort>
          <spirit:physicalPort>
            <spirit:name>s00_axi_arprot</spirit:name>
          </spirit:physicalPort>
        </spirit:portMap>
        <spirit:portMap>
          <spirit:logicalPort>
            <spirit:name>ARVALID</spirit:name>
          </spirit:logicalPort>
          <spirit:physicalPort>
            <spirit:name>s00_axi_arvalid</spirit:name>
          </spirit:physicalPort>
        </spirit:portMap>
        <spirit:portMap>
          <spirit:logicalPort>
            <spirit:name>ARREADY</spirit:name>
          </spirit:logicalPort>
          <spirit:physicalPort>
            <spirit:name>s00_axi_arready</spirit:name>
          </spirit:physicalPort>
        </spirit:portMap>
        <spirit:portMap>
          <spirit:logicalPort>
            <spirit:name>RDATA</spirit:name>
          </spirit:logicalPort>
          <spirit:physicalPort>
            <spirit:name>s00_axi_rdata</spirit:name>
          </spirit:physicalPort>
        </spirit:portMap>
        <spirit:portMap>
          <spirit:logicalPort>
            <spirit:name>RRESP</spirit:name>
          </spirit:logicalPort>
          <spirit:physicalPort>
            <spirit:name>s00_axi_rresp</spirit:name>
          </spirit:physicalPort>
        </spirit:portMap>
        <spirit:portMap>
          <spirit:logicalPort>
            <spirit:name>RVALID</spirit:name>
          </spirit:logicalPort>
          <spirit:physicalPort>
            <spirit:name>s00_axi_rvalid</spirit:name>
          </spirit:physicalPort>
        </spirit:portMap>
        <spirit:portMap>
          <spirit:logicalPort>
            <spirit:name>RREADY</spirit:name>
          </spirit:logicalPort>
          <spirit:physicalPort>
            <spirit:name>s00_axi_rready</spirit:name>
          </spirit:physicalPort>
        </spirit:portMap>
      </spirit:portMaps>
      <spirit:parameters>
        <spirit:parameter>
          <spirit:name>WIZ_DATA_WIDTH</spirit:name>
          <spirit:value spirit:format="long" spirit:id="BUSIFPARAM_VALUE.S00_AXI.WIZ_DATA_WIDTH" spirit:choiceRef="choice_list_6fc15197">32</spirit:value>
        </spirit:parameter>
        <spirit:parameter>
          <spirit:name>WIZ_NUM_REG</spirit:name>
          <spirit:value spirit:format="long" spirit:id="BUSIFPARAM_VALUE.S00_AXI.WIZ_NUM_REG" spirit:minimum="4" spirit:maximum="512" spirit:rangeType="long">4</spirit:value>
        </spirit:parameter>
        <spirit:parameter>
          <spirit:name>SUPPORTS_NARROW_BURST</spirit:name>
          <spirit:value spirit:format="long" spirit:id="BUSIFPARAM_VALUE.S00_AXI.SUPPORTS_NARROW_BURST" spirit:choiceRef="choice_pairs_ce1226b1">0</spirit:value>
        </spirit:parameter>
      </spirit:parameters>
    </spirit:busInterface>
    <spirit:busInterface>
      <spirit:name>S00_AXI_RST</spirit:name>
      <spirit:busType spirit:vendor="xilinx.com" spirit:library="signal" spirit:name="reset" spirit:version="1.0"/>
      <spirit:abstractionType spirit:vendor="xilinx.com" spirit:library="signal" spirit:name="reset_rtl" spirit:version="1.0"/>
      <spirit:slave/>
      <spirit:portMaps>
        <spirit:portMap>
          <spirit:logicalPort>
            <spirit:name>RST</spirit:name>
          </spirit:logicalPort>
          <spirit:physicalPort>
            <spirit:name>s00_axi_aresetn</spirit:name>
          </spirit:physicalPort>
        </spirit:portMap>
      </spirit:portMaps>
      <spirit:parameters>
        <spirit:parameter>
          <spirit:name>POLARITY</spirit:name>
          <spirit:value spirit:id="BUSIFPARAM_VALUE.S00_AXI_RST.POLARITY" spirit:choiceRef="choice_list_9d8b0d81">ACTIVE_LOW</spirit:value>
        </spirit:parameter>
      </spirit:parameters>
    </spirit:busInterface>
    <spirit:busInterface>
      <spirit:name>S00_AXI_CLK</spirit:name>
      <spirit:busType spirit:vendor="xilinx.com" spirit:library="signal" spirit:name="clock" spirit:version="1.0"/>
      <spirit:abstractionType spirit:vendor="xilinx.com" spirit:library="signal" spirit:name="clock_rtl" spirit:version="1.0"/>
      <spirit:slave/>
      <spirit:portMaps>
        <spirit:portMap>
          <spirit:logicalPort>
            <spirit:name>CLK</spirit:name>
          </spirit:logicalPort>
          <spirit:physicalPort>
            <spirit:name>s00_axi_aclk</spirit:name>
          </spirit:physicalPort>
        </spirit:portMap>
      </spirit:portMaps>
      <spirit:parameters>
        <spirit:parameter>
          <spirit:name>ASSOCIATED_BUSIF</spirit:name>
          <spirit:value spirit:id="BUSIFPARAM_VALUE.S00_AXI_CLK.ASSOCIATED_BUSIF">S00_AXI</spirit:value>
        </spirit:parameter>
        <spirit:parameter>
          <spirit:name>ASSOCIATED_RESET</spirit:name>
          <spirit:value spirit:id="BUSIFPARAM_VALUE.S00_AXI_CLK.ASSOCIATED_RESET">s00_axi_aresetn</spirit:value>
        </spirit:parameter>
      </spirit:parameters>
    </spirit:busInterface>
  </spirit:busInterfaces>
  <spirit:memoryMaps>
    <spirit:memoryMap>
      <spirit:name>S00_AXI</spirit:name>
      <spirit:addressBlock>
        <spirit:name>S00_AXI_reg</spirit:name>
        <spirit:baseAddress spirit:format="long" spirit:resolve="user">0</spirit:baseAddress>
        <spirit:range spirit:format="long">4096</spirit:range>
        <spirit:width spirit:format="long">32</spirit:width>
        <spirit:usage>register</spirit:usage>
        <spirit:parameters>
          <spirit:parameter>
            <spirit:name>OFFSET_BASE_PARAM</spirit:name>
            <spirit:value spirit:id="ADDRBLOCKPARAM_VALUE.S00_AXI.S00_AXI_REG.OFFSET_BASE_PARAM">C_S00_AXI_BASEADDR</spirit:value>
          </spirit:parameter>
          <spirit:parameter>
            <spirit:name>OFFSET_HIGH_PARAM</spirit:name>
            <spirit:value spirit:id="ADDRBLOCKPARAM_VALUE.S00_AXI.S00_AXI_REG.OFFSET_HIGH_PARAM">C_S00_AXI_HIGHADDR</spirit:value>
          </spirit:parameter>
        </spirit:parameters>
      </spirit:addressBlock>
    </spirit:memoryMap>
  </spirit:memoryMaps>
  <spirit:model>
    <spirit:views>
      <spirit:view>
        <spirit:name>xilinx_verilogsynthesis</spirit:name>
        <spirit:displayName>Verilog Synthesis</spirit:displayName>
        <spirit:envIdentifier>verilogSource:vivado.xilinx.com:synthesis</spirit:envIdentifier>
        <spirit:language>verilog</spirit:language>
        <spirit:modelName>Interface_v1_0</spirit:modelName>
        <spirit:fileSetRef>
          <spirit:localName>xilinx_verilogsynthesis_view_fileset</spirit:localName>
        </spirit:fileSetRef>
        <spirit:parameters>
          <spirit:parameter>
            <spirit:name>viewChecksum</spirit:name>
            <spirit:value>64905542</spirit:value>
          </spirit:parameter>
        </spirit:parameters>
      </spirit:view>
      <spirit:view>
        <spirit:name>xilinx_verilogbehavioralsimulation</spirit:name>
        <spirit:displayName>Verilog Simulation</spirit:displayName>
        <spirit:envIdentifier>verilogSource:vivado.xilinx.com:simulation</spirit:envIdentifier>
        <spirit:language>verilog</spirit:language>
        <spirit:modelName>Interface_v1_0</spirit:modelName>
        <spirit:fileSetRef>
          <spirit:localName>xilinx_verilogbehavioralsimulation_view_fileset</spirit:localName>
        </spirit:fileSetRef>
        <spirit:parameters>
          <spirit:parameter>
            <spirit:name>viewChecksum</spirit:name>
            <spirit:value>64905542</spirit:value>
          </spirit:parameter>
        </spirit:parameters>
      </spirit:view>
      <spirit:view>
        <spirit:name>xilinx_softwaredriver</spirit:name>
        <spirit:displayName>Software Driver</spirit:displayName>
        <spirit:envIdentifier>:vivado.xilinx.com:sw.driver</spirit:envIdentifier>
        <spirit:fileSetRef>
          <spirit:localName>xilinx_softwaredriver_view_fileset</spirit:localName>
        </spirit:fileSetRef>
        <spirit:parameters>
          <spirit:parameter>
            <spirit:name>viewChecksum</spirit:name>
            <spirit:value>9cca58c4</spirit:value>
          </spirit:parameter>
        </spirit:parameters>
      </spirit:view>
      <spirit:view>
        <spirit:name>xilinx_xpgui</spirit:name>
        <spirit:displayName>UI Layout</spirit:displayName>
        <spirit:envIdentifier>:vivado.xilinx.com:xgui.ui</spirit:envIdentifier>
        <spirit:fileSetRef>
          <spirit:localName>xilinx_xpgui_view_fileset</spirit:localName>
        </spirit:fileSetRef>
        <spirit:parameters>
          <spirit:parameter>
            <spirit:name>viewChecksum</spirit:name>
            <spirit:value>dda4df14</spirit:value>
          </spirit:parameter>
        </spirit:parameters>
      </spirit:view>
      <spirit:view>
        <spirit:name>bd_tcl</spirit:name>
        <spirit:displayName>Block Diagram</spirit:displayName>
        <spirit:envIdentifier>:vivado.xilinx.com:block.diagram</spirit:envIdentifier>
        <spirit:fileSetRef>
          <spirit:localName>bd_tcl_view_fileset</spirit:localName>
        </spirit:fileSetRef>
        <spirit:parameters>
          <spirit:parameter>
            <spirit:name>viewChecksum</spirit:name>
            <spirit:value>16328387</spirit:value>
          </spirit:parameter>
        </spirit:parameters>
      </spirit:view>
    </spirit:views>
    <spirit:ports>
      <spirit:port>
        <spirit:name>grad_busy_0</spirit:name>
        <spirit:wire>
          <spirit:direction>in</spirit:direction>
          <spirit:wireTypeDefs>
            <spirit:wireTypeDef>
              <spirit:typeName>std_logic</spirit:typeName>
              <spirit:viewNameRef>xilinx_verilogsynthesis</spirit:viewNameRef>
              <spirit:viewNameRef>xilinx_verilogbehavioralsimulation</spirit:viewNameRef>
            </spirit:wireTypeDef>
          </spirit:wireTypeDefs>
        </spirit:wire>
      </spirit:port>
      <spirit:port>
        <spirit:name>grad_wea_ints_0</spirit:name>
        <spirit:wire>
          <spirit:direction>in</spirit:direction>
          <spirit:wireTypeDefs>
            <spirit:wireTypeDef>
              <spirit:typeName>std_logic</spirit:typeName>
              <spirit:viewNameRef>xilinx_verilogsynthesis</spirit:viewNameRef>
              <spirit:viewNameRef>xilinx_verilogbehavioralsimulation</spirit:viewNameRef>
            </spirit:wireTypeDef>
          </spirit:wireTypeDefs>
        </spirit:wire>
      </spirit:port>
      <spirit:port>
        <spirit:name>grad_addr_ints_0</spirit:name>
        <spirit:wire>
          <spirit:direction>in</spirit:direction>
          <spirit:vector>
            <spirit:left spirit:format="long">16</spirit:left>
            <spirit:right spirit:format="long">0</spirit:right>
          </spirit:vector>
          <spirit:wireTypeDefs>
            <spirit:wireTypeDef>
              <spirit:typeName>std_logic_vector</spirit:typeName>
              <spirit:viewNameRef>xilinx_verilogsynthesis</spirit:viewNameRef>
              <spirit:viewNameRef>xilinx_verilogbehavioralsimulation</spirit:viewNameRef>
            </spirit:wireTypeDef>
          </spirit:wireTypeDefs>
        </spirit:wire>
      </spirit:port>
      <spirit:port>
        <spirit:name>gamma_addr_ints_ref_0</spirit:name>
        <spirit:wire>
          <spirit:direction>in</spirit:direction>
          <spirit:vector>
            <spirit:left spirit:format="long">16</spirit:left>
            <spirit:right spirit:format="long">0</spirit:right>
          </spirit:vector>
          <spirit:wireTypeDefs>
            <spirit:wireTypeDef>
              <spirit:typeName>std_logic_vector</spirit:typeName>
              <spirit:viewNameRef>xilinx_verilogsynthesis</spirit:viewNameRef>
              <spirit:viewNameRef>xilinx_verilogbehavioralsimulation</spirit:viewNameRef>
            </spirit:wireTypeDef>
          </spirit:wireTypeDefs>
        </spirit:wire>
      </spirit:port>
      <spirit:port>
        <spirit:name>gamma_addr_ints_def_0</spirit:name>
        <spirit:wire>
          <spirit:direction>in</spirit:direction>
          <spirit:vector>
            <spirit:left spirit:format="long">16</spirit:left>
            <spirit:right spirit:format="long">0</spirit:right>
          </spirit:vector>
          <spirit:wireTypeDefs>
            <spirit:wireTypeDef>
              <spirit:typeName>std_logic_vector</spirit:typeName>
              <spirit:viewNameRef>xilinx_verilogsynthesis</spirit:viewNameRef>
              <spirit:viewNameRef>xilinx_verilogbehavioralsimulation</spirit:viewNameRef>
            </spirit:wireTypeDef>
          </spirit:wireTypeDefs>
        </spirit:wire>
      </spirit:port>
      <spirit:port>
        <spirit:name>frame_counter_0</spirit:name>
        <spirit:wire>
          <spirit:direction>in</spirit:direction>
          <spirit:vector>
            <spirit:left spirit:format="long">31</spirit:left>
            <spirit:right spirit:format="long">0</spirit:right>
          </spirit:vector>
          <spirit:wireTypeDefs>
            <spirit:wireTypeDef>
              <spirit:typeName>std_logic_vector</spirit:typeName>
              <spirit:viewNameRef>xilinx_verilogsynthesis</spirit:viewNameRef>
              <spirit:viewNameRef>xilinx_verilogbehavioralsimulation</spirit:viewNameRef>
            </spirit:wireTypeDef>
          </spirit:wireTypeDefs>
        </spirit:wire>
      </spirit:port>
      <spirit:port>
        <spirit:name>img_in_0_0</spirit:name>
        <spirit:wire>
          <spirit:direction>in</spirit:direction>
          <spirit:vector>
            <spirit:left spirit:format="long">31</spirit:left>
            <spirit:right spirit:format="long">0</spirit:right>
          </spirit:vector>
          <spirit:wireTypeDefs>
            <spirit:wireTypeDef>
              <spirit:typeName>std_logic_vector</spirit:typeName>
              <spirit:viewNameRef>xilinx_verilogsynthesis</spirit:viewNameRef>
              <spirit:viewNameRef>xilinx_verilogbehavioralsimulation</spirit:viewNameRef>
            </spirit:wireTypeDef>
          </spirit:wireTypeDefs>
        </spirit:wire>
      </spirit:port>
      <spirit:port>
        <spirit:name>img_in_1_0</spirit:name>
        <spirit:wire>
          <spirit:direction>in</spirit:direction>
          <spirit:vector>
            <spirit:left spirit:format="long">31</spirit:left>
            <spirit:right spirit:format="long">0</spirit:right>
          </spirit:vector>
          <spirit:wireTypeDefs>
            <spirit:wireTypeDef>
              <spirit:typeName>std_logic_vector</spirit:typeName>
              <spirit:viewNameRef>xilinx_verilogsynthesis</spirit:viewNameRef>
              <spirit:viewNameRef>xilinx_verilogbehavioralsimulation</spirit:viewNameRef>
            </spirit:wireTypeDef>
          </spirit:wireTypeDefs>
        </spirit:wire>
      </spirit:port>
      <spirit:port>
        <spirit:name>ref_img_out_0</spirit:name>
        <spirit:wire>
          <spirit:direction>out</spirit:direction>
          <spirit:vector>
            <spirit:left spirit:format="long">31</spirit:left>
            <spirit:right spirit:format="long">0</spirit:right>
          </spirit:vector>
          <spirit:wireTypeDefs>
            <spirit:wireTypeDef>
              <spirit:typeName>std_logic_vector</spirit:typeName>
              <spirit:viewNameRef>xilinx_verilogsynthesis</spirit:viewNameRef>
              <spirit:viewNameRef>xilinx_verilogbehavioralsimulation</spirit:viewNameRef>
            </spirit:wireTypeDef>
          </spirit:wireTypeDefs>
        </spirit:wire>
      </spirit:port>
      <spirit:port>
        <spirit:name>def_img_out_0</spirit:name>
        <spirit:wire>
          <spirit:direction>out</spirit:direction>
          <spirit:vector>
            <spirit:left spirit:format="long">31</spirit:left>
            <spirit:right spirit:format="long">0</spirit:right>
          </spirit:vector>
          <spirit:wireTypeDefs>
            <spirit:wireTypeDef>
              <spirit:typeName>std_logic_vector</spirit:typeName>
              <spirit:viewNameRef>xilinx_verilogsynthesis</spirit:viewNameRef>
              <spirit:viewNameRef>xilinx_verilogbehavioralsimulation</spirit:viewNameRef>
            </spirit:wireTypeDef>
          </spirit:wireTypeDefs>
        </spirit:wire>
      </spirit:port>
      <spirit:port>
        <spirit:name>out_grad_wea_ints_0</spirit:name>
        <spirit:wire>
          <spirit:direction>out</spirit:direction>
          <spirit:vector>
            <spirit:left spirit:format="long">3</spirit:left>
            <spirit:right spirit:format="long">0</spirit:right>
          </spirit:vector>
          <spirit:wireTypeDefs>
            <spirit:wireTypeDef>
              <spirit:typeName>std_logic_vector</spirit:typeName>
              <spirit:viewNameRef>xilinx_verilogsynthesis</spirit:viewNameRef>
              <spirit:viewNameRef>xilinx_verilogbehavioralsimulation</spirit:viewNameRef>
            </spirit:wireTypeDef>
          </spirit:wireTypeDefs>
        </spirit:wire>
      </spirit:port>
      <spirit:port>
        <spirit:name>out_grad_gamma_addr_ints_0_0</spirit:name>
        <spirit:wire>
          <spirit:direction>out</spirit:direction>
          <spirit:vector>
            <spirit:left spirit:format="long">31</spirit:left>
            <spirit:right spirit:format="long">0</spirit:right>
          </spirit:vector>
          <spirit:wireTypeDefs>
            <spirit:wireTypeDef>
              <spirit:typeName>std_logic_vector</spirit:typeName>
              <spirit:viewNameRef>xilinx_verilogsynthesis</spirit:viewNameRef>
              <spirit:viewNameRef>xilinx_verilogbehavioralsimulation</spirit:viewNameRef>
            </spirit:wireTypeDef>
          </spirit:wireTypeDefs>
        </spirit:wire>
      </spirit:port>
      <spirit:port>
        <spirit:name>out_grad_gamma_addr_ints_1_0</spirit:name>
        <spirit:wire>
          <spirit:direction>out</spirit:direction>
          <spirit:vector>
            <spirit:left spirit:format="long">31</spirit:left>
            <spirit:right spirit:format="long">0</spirit:right>
          </spirit:vector>
          <spirit:wireTypeDefs>
            <spirit:wireTypeDef>
              <spirit:typeName>std_logic_vector</spirit:typeName>
              <spirit:viewNameRef>xilinx_verilogsynthesis</spirit:viewNameRef>
              <spirit:viewNameRef>xilinx_verilogbehavioralsimulation</spirit:viewNameRef>
            </spirit:wireTypeDef>
          </spirit:wireTypeDefs>
        </spirit:wire>
      </spirit:port>
      <spirit:port>
        <spirit:name>s00_axi_awaddr</spirit:name>
        <spirit:wire>
          <spirit:direction>in</spirit:direction>
          <spirit:vector>
            <spirit:left spirit:format="long" spirit:resolve="dependent" spirit:dependency="(spirit:decode(id(&apos;MODELPARAM_VALUE.C_S00_AXI_ADDR_WIDTH&apos;)) - 1)">3</spirit:left>
            <spirit:right spirit:format="long">0</spirit:right>
          </spirit:vector>
          <spirit:wireTypeDefs>
            <spirit:wireTypeDef>
              <spirit:typeName>wire</spirit:typeName>
              <spirit:viewNameRef>xilinx_verilogsynthesis</spirit:viewNameRef>
              <spirit:viewNameRef>xilinx_verilogbehavioralsimulation</spirit:viewNameRef>
            </spirit:wireTypeDef>
          </spirit:wireTypeDefs>
        </spirit:wire>
      </spirit:port>
      <spirit:port>
        <spirit:name>s00_axi_awprot</spirit:name>
        <spirit:wire>
          <spirit:direction>in</spirit:direction>
          <spirit:vector>
            <spirit:left spirit:format="long">2</spirit:left>
            <spirit:right spirit:format="long">0</spirit:right>
          </spirit:vector>
          <spirit:wireTypeDefs>
            <spirit:wireTypeDef>
              <spirit:typeName>wire</spirit:typeName>
              <spirit:viewNameRef>xilinx_verilogsynthesis</spirit:viewNameRef>
              <spirit:viewNameRef>xilinx_verilogbehavioralsimulation</spirit:viewNameRef>
            </spirit:wireTypeDef>
          </spirit:wireTypeDefs>
        </spirit:wire>
      </spirit:port>
      <spirit:port>
        <spirit:name>s00_axi_awvalid</spirit:name>
        <spirit:wire>
          <spirit:direction>in</spirit:direction>
          <spirit:wireTypeDefs>
            <spirit:wireTypeDef>
              <spirit:typeName>wire</spirit:typeName>
              <spirit:viewNameRef>xilinx_verilogsynthesis</spirit:viewNameRef>
              <spirit:viewNameRef>xilinx_verilogbehavioralsimulation</spirit:viewNameRef>
            </spirit:wireTypeDef>
          </spirit:wireTypeDefs>
        </spirit:wire>
      </spirit:port>
      <spirit:port>
        <spirit:name>s00_axi_awready</spirit:name>
        <spirit:wire>
          <spirit:direction>out</spirit:direction>
          <spirit:wireTypeDefs>
            <spirit:wireTypeDef>
              <spirit:typeName>wire</spirit:typeName>
              <spirit:viewNameRef>xilinx_verilogsynthesis</spirit:viewNameRef>
              <spirit:viewNameRef>xilinx_verilogbehavioralsimulation</spirit:viewNameRef>
            </spirit:wireTypeDef>
          </spirit:wireTypeDefs>
        </spirit:wire>
      </spirit:port>
      <spirit:port>
        <spirit:name>s00_axi_wdata</spirit:name>
        <spirit:wire>
          <spirit:direction>in</spirit:direction>
          <spirit:vector>
            <spirit:left spirit:format="long" spirit:resolve="dependent" spirit:dependency="(spirit:decode(id(&apos;MODELPARAM_VALUE.C_S00_AXI_DATA_WIDTH&apos;)) - 1)">31</spirit:left>
            <spirit:right spirit:format="long">0</spirit:right>
          </spirit:vector>
          <spirit:wireTypeDefs>
            <spirit:wireTypeDef>
              <spirit:typeName>wire</spirit:typeName>
              <spirit:viewNameRef>xilinx_verilogsynthesis</spirit:viewNameRef>
              <spirit:viewNameRef>xilinx_verilogbehavioralsimulation</spirit:viewNameRef>
            </spirit:wireTypeDef>
          </spirit:wireTypeDefs>
        </spirit:wire>
      </spirit:port>
      <spirit:port>
        <spirit:name>s00_axi_wstrb</spirit:name>
        <spirit:wire>
          <spirit:direction>in</spirit:direction>
          <spirit:vector>
            <spirit:left spirit:format="long" spirit:resolve="dependent" spirit:dependency="((spirit:decode(id(&apos;MODELPARAM_VALUE.C_S00_AXI_DATA_WIDTH&apos;)) / 8) - 1)">3</spirit:left>
            <spirit:right spirit:format="long">0</spirit:right>
          </spirit:vector>
          <spirit:wireTypeDefs>
            <spirit:wireTypeDef>
              <spirit:typeName>wire</spirit:typeName>
              <spirit:viewNameRef>xilinx_verilogsynthesis</spirit:viewNameRef>
              <spirit:viewNameRef>xilinx_verilogbehavioralsimulation</spirit:viewNameRef>
            </spirit:wireTypeDef>
          </spirit:wireTypeDefs>
        </spirit:wire>
      </spirit:port>
      <spirit:port>
        <spirit:name>s00_axi_wvalid</spirit:name>
        <spirit:wire>
          <spirit:direction>in</spirit:direction>
          <spirit:wireTypeDefs>
            <spirit:wireTypeDef>
              <spirit:typeName>wire</spirit:typeName>
              <spirit:viewNameRef>xilinx_verilogsynthesis</spirit:viewNameRef>
              <spirit:viewNameRef>xilinx_verilogbehavioralsimulation</spirit:viewNameRef>
            </spirit:wireTypeDef>
          </spirit:wireTypeDefs>
        </spirit:wire>
      </spirit:port>
      <spirit:port>
        <spirit:name>s00_axi_wready</spirit:name>
        <spirit:wire>
          <spirit:direction>out</spirit:direction>
          <spirit:wireTypeDefs>
            <spirit:wireTypeDef>
              <spirit:typeName>wire</spirit:typeName>
              <spirit:viewNameRef>xilinx_verilogsynthesis</spirit:viewNameRef>
              <spirit:viewNameRef>xilinx_verilogbehavioralsimulation</spirit:viewNameRef>
            </spirit:wireTypeDef>
          </spirit:wireTypeDefs>
        </spirit:wire>
      </spirit:port>
      <spirit:port>
        <spirit:name>s00_axi_bresp</spirit:name>
        <spirit:wire>
          <spirit:direction>out</spirit:direction>
          <spirit:vector>
            <spirit:left spirit:format="long">1</spirit:left>
            <spirit:right spirit:format="long">0</spirit:right>
          </spirit:vector>
          <spirit:wireTypeDefs>
            <spirit:wireTypeDef>
              <spirit:typeName>wire</spirit:typeName>
              <spirit:viewNameRef>xilinx_verilogsynthesis</spirit:viewNameRef>
              <spirit:viewNameRef>xilinx_verilogbehavioralsimulation</spirit:viewNameRef>
            </spirit:wireTypeDef>
          </spirit:wireTypeDefs>
        </spirit:wire>
      </spirit:port>
      <spirit:port>
        <spirit:name>s00_axi_bvalid</spirit:name>
        <spirit:wire>
          <spirit:direction>out</spirit:direction>
          <spirit:wireTypeDefs>
            <spirit:wireTypeDef>
              <spirit:typeName>wire</spirit:typeName>
              <spirit:viewNameRef>xilinx_verilogsynthesis</spirit:viewNameRef>
              <spirit:viewNameRef>xilinx_verilogbehavioralsimulation</spirit:viewNameRef>
            </spirit:wireTypeDef>
          </spirit:wireTypeDefs>
        </spirit:wire>
      </spirit:port>
      <spirit:port>
        <spirit:name>s00_axi_bready</spirit:name>
        <spirit:wire>
          <spirit:direction>in</spirit:direction>
          <spirit:wireTypeDefs>
            <spirit:wireTypeDef>
              <spirit:typeName>wire</spirit:typeName>
              <spirit:viewNameRef>xilinx_verilogsynthesis</spirit:viewNameRef>
              <spirit:viewNameRef>xilinx_verilogbehavioralsimulation</spirit:viewNameRef>
            </spirit:wireTypeDef>
          </spirit:wireTypeDefs>
        </spirit:wire>
      </spirit:port>
      <spirit:port>
        <spirit:name>s00_axi_araddr</spirit:name>
        <spirit:wire>
          <spirit:direction>in</spirit:direction>
          <spirit:vector>
            <spirit:left spirit:format="long" spirit:resolve="dependent" spirit:dependency="(spirit:decode(id(&apos;MODELPARAM_VALUE.C_S00_AXI_ADDR_WIDTH&apos;)) - 1)">3</spirit:left>
            <spirit:right spirit:format="long">0</spirit:right>
          </spirit:vector>
          <spirit:wireTypeDefs>
            <spirit:wireTypeDef>
              <spirit:typeName>wire</spirit:typeName>
              <spirit:viewNameRef>xilinx_verilogsynthesis</spirit:viewNameRef>
              <spirit:viewNameRef>xilinx_verilogbehavioralsimulation</spirit:viewNameRef>
            </spirit:wireTypeDef>
          </spirit:wireTypeDefs>
        </spirit:wire>
      </spirit:port>
      <spirit:port>
        <spirit:name>s00_axi_arprot</spirit:name>
        <spirit:wire>
          <spirit:direction>in</spirit:direction>
          <spirit:vector>
            <spirit:left spirit:format="long">2</spirit:left>
            <spirit:right spirit:format="long">0</spirit:right>
          </spirit:vector>
          <spirit:wireTypeDefs>
            <spirit:wireTypeDef>
              <spirit:typeName>wire</spirit:typeName>
              <spirit:viewNameRef>xilinx_verilogsynthesis</spirit:viewNameRef>
              <spirit:viewNameRef>xilinx_verilogbehavioralsimulation</spirit:viewNameRef>
            </spirit:wireTypeDef>
          </spirit:wireTypeDefs>
        </spirit:wire>
      </spirit:port>
      <spirit:port>
        <spirit:name>s00_axi_arvalid</spirit:name>
        <spirit:wire>
          <spirit:direction>in</spirit:direction>
          <spirit:wireTypeDefs>
            <spirit:wireTypeDef>
              <spirit:typeName>wire</spirit:typeName>
              <spirit:viewNameRef>xilinx_verilogsynthesis</spirit:viewNameRef>
              <spirit:viewNameRef>xilinx_verilogbehavioralsimulation</spirit:viewNameRef>
            </spirit:wireTypeDef>
          </spirit:wireTypeDefs>
        </spirit:wire>
      </spirit:port>
      <spirit:port>
        <spirit:name>s00_axi_arready</spirit:name>
        <spirit:wire>
          <spirit:direction>out</spirit:direction>
          <spirit:wireTypeDefs>
            <spirit:wireTypeDef>
              <spirit:typeName>wire</spirit:typeName>
              <spirit:viewNameRef>xilinx_verilogsynthesis</spirit:viewNameRef>
              <spirit:viewNameRef>xilinx_verilogbehavioralsimulation</spirit:viewNameRef>
            </spirit:wireTypeDef>
          </spirit:wireTypeDefs>
        </spirit:wire>
      </spirit:port>
      <spirit:port>
        <spirit:name>s00_axi_rdata</spirit:name>
        <spirit:wire>
          <spirit:direction>out</spirit:direction>
          <spirit:vector>
            <spirit:left spirit:format="long" spirit:resolve="dependent" spirit:dependency="(spirit:decode(id(&apos;MODELPARAM_VALUE.C_S00_AXI_DATA_WIDTH&apos;)) - 1)">31</spirit:left>
            <spirit:right spirit:format="long">0</spirit:right>
          </spirit:vector>
          <spirit:wireTypeDefs>
            <spirit:wireTypeDef>
              <spirit:typeName>wire</spirit:typeName>
              <spirit:viewNameRef>xilinx_verilogsynthesis</spirit:viewNameRef>
              <spirit:viewNameRef>xilinx_verilogbehavioralsimulation</spirit:viewNameRef>
            </spirit:wireTypeDef>
          </spirit:wireTypeDefs>
        </spirit:wire>
      </spirit:port>
      <spirit:port>
        <spirit:name>s00_axi_rresp</spirit:name>
        <spirit:wire>
          <spirit:direction>out</spirit:direction>
          <spirit:vector>
            <spirit:left spirit:format="long">1</spirit:left>
            <spirit:right spirit:format="long">0</spirit:right>
          </spirit:vector>
          <spirit:wireTypeDefs>
            <spirit:wireTypeDef>
              <spirit:typeName>wire</spirit:typeName>
              <spirit:viewNameRef>xilinx_verilogsynthesis</spirit:viewNameRef>
              <spirit:viewNameRef>xilinx_verilogbehavioralsimulation</spirit:viewNameRef>
            </spirit:wireTypeDef>
          </spirit:wireTypeDefs>
        </spirit:wire>
      </spirit:port>
      <spirit:port>
        <spirit:name>s00_axi_rvalid</spirit:name>
        <spirit:wire>
          <spirit:direction>out</spirit:direction>
          <spirit:wireTypeDefs>
            <spirit:wireTypeDef>
              <spirit:typeName>wire</spirit:typeName>
              <spirit:viewNameRef>xilinx_verilogsynthesis</spirit:viewNameRef>
              <spirit:viewNameRef>xilinx_verilogbehavioralsimulation</spirit:viewNameRef>
            </spirit:wireTypeDef>
          </spirit:wireTypeDefs>
        </spirit:wire>
      </spirit:port>
      <spirit:port>
        <spirit:name>s00_axi_rready</spirit:name>
        <spirit:wire>
          <spirit:direction>in</spirit:direction>
          <spirit:wireTypeDefs>
            <spirit:wireTypeDef>
              <spirit:typeName>wire</spirit:typeName>
              <spirit:viewNameRef>xilinx_verilogsynthesis</spirit:viewNameRef>
              <spirit:viewNameRef>xilinx_verilogbehavioralsimulation</spirit:viewNameRef>
            </spirit:wireTypeDef>
          </spirit:wireTypeDefs>
        </spirit:wire>
      </spirit:port>
      <spirit:port>
        <spirit:name>s00_axi_aclk</spirit:name>
        <spirit:wire>
          <spirit:direction>in</spirit:direction>
          <spirit:wireTypeDefs>
            <spirit:wireTypeDef>
              <spirit:typeName>wire</spirit:typeName>
              <spirit:viewNameRef>xilinx_verilogsynthesis</spirit:viewNameRef>
              <spirit:viewNameRef>xilinx_verilogbehavioralsimulation</spirit:viewNameRef>
            </spirit:wireTypeDef>
          </spirit:wireTypeDefs>
        </spirit:wire>
      </spirit:port>
      <spirit:port>
        <spirit:name>s00_axi_aresetn</spirit:name>
        <spirit:wire>
          <spirit:direction>in</spirit:direction>
          <spirit:wireTypeDefs>
            <spirit:wireTypeDef>
              <spirit:typeName>wire</spirit:typeName>
              <spirit:viewNameRef>xilinx_verilogsynthesis</spirit:viewNameRef>
              <spirit:viewNameRef>xilinx_verilogbehavioralsimulation</spirit:viewNameRef>
            </spirit:wireTypeDef>
          </spirit:wireTypeDefs>
        </spirit:wire>
      </spirit:port>
    </spirit:ports>
    <spirit:modelParameters>
      <spirit:modelParameter xsi:type="spirit:nameValueTypeType" spirit:dataType="integer">
        <spirit:name>C_S00_AXI_DATA_WIDTH</spirit:name>
        <spirit:displayName>C S00 AXI DATA WIDTH</spirit:displayName>
        <spirit:description>Width of S_AXI data bus</spirit:description>
        <spirit:value spirit:format="long" spirit:resolve="generated" spirit:id="MODELPARAM_VALUE.C_S00_AXI_DATA_WIDTH" spirit:order="3" spirit:rangeType="long">32</spirit:value>
      </spirit:modelParameter>
      <spirit:modelParameter spirit:dataType="integer">
        <spirit:name>C_S00_AXI_ADDR_WIDTH</spirit:name>
        <spirit:displayName>C S00 AXI ADDR WIDTH</spirit:displayName>
        <spirit:description>Width of S_AXI address bus</spirit:description>
        <spirit:value spirit:format="long" spirit:resolve="generated" spirit:id="MODELPARAM_VALUE.C_S00_AXI_ADDR_WIDTH" spirit:order="4" spirit:rangeType="long">4</spirit:value>
      </spirit:modelParameter>
    </spirit:modelParameters>
  </spirit:model>
  <spirit:choices>
    <spirit:choice>
      <spirit:name>choice_list_6fc15197</spirit:name>
      <spirit:enumeration>32</spirit:enumeration>
    </spirit:choice>
    <spirit:choice>
      <spirit:name>choice_list_9d8b0d81</spirit:name>
      <spirit:enumeration>ACTIVE_HIGH</spirit:enumeration>
      <spirit:enumeration>ACTIVE_LOW</spirit:enumeration>
    </spirit:choice>
    <spirit:choice>
      <spirit:name>choice_pairs_ce1226b1</spirit:name>
      <spirit:enumeration spirit:text="true">1</spirit:enumeration>
      <spirit:enumeration spirit:text="false">0</spirit:enumeration>
    </spirit:choice>
  </spirit:choices>
  <spirit:fileSets>
    <spirit:fileSet>
      <spirit:name>xilinx_verilogsynthesis_view_fileset</spirit:name>
      <spirit:file>
        <spirit:name>src/Interface.v</spirit:name>
        <spirit:fileType>verilogSource</spirit:fileType>
      </spirit:file>
      <spirit:file>
        <spirit:name>hdl/Interface_v1_0_S00_AXI.v</spirit:name>
        <spirit:fileType>verilogSource</spirit:fileType>
      </spirit:file>
      <spirit:file>
        <spirit:name>hdl/Interface_v1_0.v</spirit:name>
        <spirit:fileType>verilogSource</spirit:fileType>
        <spirit:userFileType>CHECKSUM_dfaa3ff6</spirit:userFileType>
      </spirit:file>
    </spirit:fileSet>
    <spirit:fileSet>
      <spirit:name>xilinx_verilogbehavioralsimulation_view_fileset</spirit:name>
      <spirit:file>
        <spirit:name>src/Interface.v</spirit:name>
        <spirit:fileType>verilogSource</spirit:fileType>
      </spirit:file>
      <spirit:file>
        <spirit:name>hdl/Interface_v1_0_S00_AXI.v</spirit:name>
        <spirit:fileType>verilogSource</spirit:fileType>
      </spirit:file>
      <spirit:file>
        <spirit:name>hdl/Interface_v1_0.v</spirit:name>
        <spirit:fileType>verilogSource</spirit:fileType>
      </spirit:file>
    </spirit:fileSet>
    <spirit:fileSet>
      <spirit:name>xilinx_softwaredriver_view_fileset</spirit:name>
      <spirit:file>
        <spirit:name>drivers/Interface_v1_0/data/Interface.mdd</spirit:name>
        <spirit:userFileType>mdd</spirit:userFileType>
        <spirit:userFileType>driver_mdd</spirit:userFileType>
      </spirit:file>
      <spirit:file>
        <spirit:name>drivers/Interface_v1_0/data/Interface.tcl</spirit:name>
        <spirit:fileType>tclSource</spirit:fileType>
        <spirit:userFileType>driver_tcl</spirit:userFileType>
      </spirit:file>
      <spirit:file>
        <spirit:name>drivers/Interface_v1_0/src/Makefile</spirit:name>
        <spirit:userFileType>driver_src</spirit:userFileType>
      </spirit:file>
      <spirit:file>
        <spirit:name>drivers/Interface_v1_0/src/Interface.h</spirit:name>
        <spirit:fileType>cSource</spirit:fileType>
        <spirit:userFileType>driver_src</spirit:userFileType>
      </spirit:file>
      <spirit:file>
        <spirit:name>drivers/Interface_v1_0/src/Interface.c</spirit:name>
        <spirit:fileType>cSource</spirit:fileType>
        <spirit:userFileType>driver_src</spirit:userFileType>
      </spirit:file>
      <spirit:file>
        <spirit:name>drivers/Interface_v1_0/src/Interface_selftest.c</spirit:name>
        <spirit:fileType>cSource</spirit:fileType>
        <spirit:userFileType>driver_src</spirit:userFileType>
      </spirit:file>
    </spirit:fileSet>
    <spirit:fileSet>
      <spirit:name>xilinx_xpgui_view_fileset</spirit:name>
      <spirit:file>
        <spirit:name>xgui/Interface_v1_0.tcl</spirit:name>
        <spirit:fileType>tclSource</spirit:fileType>
        <spirit:userFileType>CHECKSUM_dda4df14</spirit:userFileType>
        <spirit:userFileType>XGUI_VERSION_2</spirit:userFileType>
      </spirit:file>
    </spirit:fileSet>
    <spirit:fileSet>
      <spirit:name>bd_tcl_view_fileset</spirit:name>
      <spirit:file>
        <spirit:name>bd/bd.tcl</spirit:name>
        <spirit:fileType>tclSource</spirit:fileType>
      </spirit:file>
    </spirit:fileSet>
  </spirit:fileSets>
  <spirit:description>My new AXI IP</spirit:description>
  <spirit:parameters>
    <spirit:parameter>
      <spirit:name>C_S00_AXI_DATA_WIDTH</spirit:name>
      <spirit:displayName>C S00 AXI DATA WIDTH</spirit:displayName>
      <spirit:description>Width of S_AXI data bus</spirit:description>
      <spirit:value spirit:format="long" spirit:resolve="user" spirit:id="PARAM_VALUE.C_S00_AXI_DATA_WIDTH" spirit:choiceRef="choice_list_6fc15197" spirit:order="3">32</spirit:value>
      <spirit:vendorExtensions>
        <xilinx:parameterInfo>
          <xilinx:enablement>
            <xilinx:isEnabled xilinx:id="PARAM_ENABLEMENT.C_S00_AXI_DATA_WIDTH">false</xilinx:isEnabled>
          </xilinx:enablement>
        </xilinx:parameterInfo>
      </spirit:vendorExtensions>
    </spirit:parameter>
    <spirit:parameter>
      <spirit:name>C_S00_AXI_ADDR_WIDTH</spirit:name>
      <spirit:displayName>C S00 AXI ADDR WIDTH</spirit:displayName>
      <spirit:description>Width of S_AXI address bus</spirit:description>
      <spirit:value spirit:format="long" spirit:resolve="user" spirit:id="PARAM_VALUE.C_S00_AXI_ADDR_WIDTH" spirit:order="4" spirit:rangeType="long">4</spirit:value>
      <spirit:vendorExtensions>
        <xilinx:parameterInfo>
          <xilinx:enablement>
            <xilinx:isEnabled xilinx:id="PARAM_ENABLEMENT.C_S00_AXI_ADDR_WIDTH">false</xilinx:isEnabled>
          </xilinx:enablement>
        </xilinx:parameterInfo>
      </spirit:vendorExtensions>
    </spirit:parameter>
    <spirit:parameter>
      <spirit:name>C_S00_AXI_BASEADDR</spirit:name>
      <spirit:displayName>C S00 AXI BASEADDR</spirit:displayName>
      <spirit:value spirit:format="bitString" spirit:resolve="user" spirit:id="PARAM_VALUE.C_S00_AXI_BASEADDR" spirit:order="5" spirit:bitStringLength="32">0xFFFFFFFF</spirit:value>
      <spirit:vendorExtensions>
        <xilinx:parameterInfo>
          <xilinx:enablement>
            <xilinx:isEnabled xilinx:id="PARAM_ENABLEMENT.C_S00_AXI_BASEADDR">false</xilinx:isEnabled>
          </xilinx:enablement>
        </xilinx:parameterInfo>
      </spirit:vendorExtensions>
    </spirit:parameter>
    <spirit:parameter>
      <spirit:name>C_S00_AXI_HIGHADDR</spirit:name>
      <spirit:displayName>C S00 AXI HIGHADDR</spirit:displayName>
      <spirit:value spirit:format="bitString" spirit:resolve="user" spirit:id="PARAM_VALUE.C_S00_AXI_HIGHADDR" spirit:order="6" spirit:bitStringLength="32">0x00000000</spirit:value>
      <spirit:vendorExtensions>
        <xilinx:parameterInfo>
          <xilinx:enablement>
            <xilinx:isEnabled xilinx:id="PARAM_ENABLEMENT.C_S00_AXI_HIGHADDR">false</xilinx:isEnabled>
          </xilinx:enablement>
        </xilinx:parameterInfo>
      </spirit:vendorExtensions>
    </spirit:parameter>
    <spirit:parameter>
      <spirit:name>Component_Name</spirit:name>
      <spirit:value spirit:resolve="user" spirit:id="PARAM_VALUE.Component_Name" spirit:order="1">Interface_v1_0</spirit:value>
    </spirit:parameter>
  </spirit:parameters>
  <spirit:vendorExtensions>
    <xilinx:coreExtensions>
      <xilinx:supportedFamilies>
        <xilinx:family xilinx:lifeCycle="Pre-Production">zynquplus</xilinx:family>
      </xilinx:supportedFamilies>
      <xilinx:taxonomies>
        <xilinx:taxonomy>AXI_Peripheral</xilinx:taxonomy>
      </xilinx:taxonomies>
      <xilinx:displayName>Interface_v1.0</xilinx:displayName>
      <xilinx:coreRevision>12</xilinx:coreRevision>
      <xilinx:coreCreationDateTime>2019-08-13T18:24:26Z</xilinx:coreCreationDateTime>
      <xilinx:tags>
        <xilinx:tag xilinx:name="ui.data.coregen.dd@36817bbc_ARCHIVE_LOCATION">c:/Users/knstokke/Documents/Vivado18/ip_repo/Interface_1.0</xilinx:tag>
        <xilinx:tag xilinx:name="ui.data.coregen.dd@7efdf4da_ARCHIVE_LOCATION">c:/Users/knstokke/Documents/Vivado18/ip_repo/Interface_1.0</xilinx:tag>
        <xilinx:tag xilinx:name="ui.data.coregen.dd@215fac54_ARCHIVE_LOCATION">c:/Users/knstokke/Documents/Vivado18/ip_repo/Interface_1.0</xilinx:tag>
        <xilinx:tag xilinx:name="ui.data.coregen.dd@7d3c7054_ARCHIVE_LOCATION">c:/Users/knstokke/Documents/Vivado18/ip_repo/Interface_1.0</xilinx:tag>
        <xilinx:tag xilinx:name="ui.data.coregen.dd@62f816f1_ARCHIVE_LOCATION">c:/Users/knstokke/Documents/Vivado18/ip_repo/Interface_1.0</xilinx:tag>
        <xilinx:tag xilinx:name="ui.data.coregen.dd@256d1978_ARCHIVE_LOCATION">c:/Users/knstokke/Documents/Vivado18/ip_repo/Interface_1.0</xilinx:tag>
        <xilinx:tag xilinx:name="ui.data.coregen.dd@6c1da9da_ARCHIVE_LOCATION">c:/Users/knstokke/Documents/Vivado18/ip_repo/Interface_1.0</xilinx:tag>
        <xilinx:tag xilinx:name="ui.data.coregen.dd@4a92f3ea_ARCHIVE_LOCATION">c:/Users/knstokke/Documents/Vivado18/ip_repo/Interface_1.0</xilinx:tag>
        <xilinx:tag xilinx:name="ui.data.coregen.dd@7baf1c2a_ARCHIVE_LOCATION">c:/Users/knstokke/Documents/Vivado18/ip_repo/Interface_1.0</xilinx:tag>
        <xilinx:tag xilinx:name="ui.data.coregen.dd@1a39959d_ARCHIVE_LOCATION">c:/Users/knstokke/Documents/Vivado18/ip_repo/Interface_1.0</xilinx:tag>
        <xilinx:tag xilinx:name="ui.data.coregen.dd@42dffefb_ARCHIVE_LOCATION">c:/Users/knstokke/Documents/Vivado18/ip_repo/Interface_1.0</xilinx:tag>
        <xilinx:tag xilinx:name="ui.data.coregen.dd@2e9752f6_ARCHIVE_LOCATION">c:/Users/knstokke/Documents/Vivado18/ip_repo/Interface_1.0</xilinx:tag>
        <xilinx:tag xilinx:name="ui.data.coregen.dd@523e4358_ARCHIVE_LOCATION">c:/Users/knstokke/Documents/Vivado18/ip_repo/Interface_1.0</xilinx:tag>
        <xilinx:tag xilinx:name="ui.data.coregen.dd@2febad4b_ARCHIVE_LOCATION">c:/Users/knstokke/Documents/Vivado18/ip_repo/Interface_1.0</xilinx:tag>
        <xilinx:tag xilinx:name="ui.data.coregen.dd@1a656a1b_ARCHIVE_LOCATION">c:/Users/knstokke/Documents/Vivado18/ip_repo/Interface_1.0</xilinx:tag>
        <xilinx:tag xilinx:name="ui.data.coregen.dd@5417d977_ARCHIVE_LOCATION">c:/Users/knstokke/Documents/Vivado18/ip_repo/Interface_1.0</xilinx:tag>
        <xilinx:tag xilinx:name="ui.data.coregen.dd@74e31ce_ARCHIVE_LOCATION">c:/Users/knstokke/Documents/Vivado18/ip_repo/Interface_1.0</xilinx:tag>
        <xilinx:tag xilinx:name="ui.data.coregen.dd@220c4770_ARCHIVE_LOCATION">c:/Users/knstokke/Documents/Vivado18/ip_repo/Interface_1.0</xilinx:tag>
        <xilinx:tag xilinx:name="ui.data.coregen.dd@1aa62075_ARCHIVE_LOCATION">c:/Users/knstokke/Documents/Vivado18/ip_repo/Interface_1.0</xilinx:tag>
        <xilinx:tag xilinx:name="ui.data.coregen.dd@36a52c56_ARCHIVE_LOCATION">c:/Users/knstokke/Documents/Vivado18/ip_repo/Interface_1.0</xilinx:tag>
        <xilinx:tag xilinx:name="ui.data.coregen.dd@2403af3c_ARCHIVE_LOCATION">c:/Users/knstokke/Documents/Vivado18/ip_repo/Interface_1.0</xilinx:tag>
        <xilinx:tag xilinx:name="ui.data.coregen.dd@2f47ba4a_ARCHIVE_LOCATION">c:/Users/knstokke/Documents/Vivado18/ip_repo/Interface_1.0</xilinx:tag>
        <xilinx:tag xilinx:name="ui.data.coregen.dd@46ec1b2e_ARCHIVE_LOCATION">c:/Users/knstokke/Documents/Vivado18/ip_repo/Interface_1.0</xilinx:tag>
        <xilinx:tag xilinx:name="ui.data.coregen.dd@3aec97cc_ARCHIVE_LOCATION">c:/Users/knstokke/Documents/Vivado18/ip_repo/Interface_1.0</xilinx:tag>
        <xilinx:tag xilinx:name="ui.data.coregen.dd@35516f56_ARCHIVE_LOCATION">c:/Users/knstokke/Documents/Vivado18/ip_repo/Interface_1.0</xilinx:tag>
        <xilinx:tag xilinx:name="ui.data.coregen.dd@6338e27f_ARCHIVE_LOCATION">c:/Users/knstokke/Documents/Vivado18/ip_repo/Interface_1.0</xilinx:tag>
        <xilinx:tag xilinx:name="ui.data.coregen.dd@2b01b781_ARCHIVE_LOCATION">c:/Users/knstokke/Documents/Vivado18/ip_repo/Interface_1.0</xilinx:tag>
        <xilinx:tag xilinx:name="ui.data.coregen.dd@fb17639_ARCHIVE_LOCATION">c:/Users/knstokke/Documents/Vivado18/ip_repo/Interface_1.0</xilinx:tag>
        <xilinx:tag xilinx:name="ui.data.coregen.dd@6a6e2773_ARCHIVE_LOCATION">c:/Users/knstokke/Documents/Vivado18/ip_repo/Interface_1.0</xilinx:tag>
        <xilinx:tag xilinx:name="ui.data.coregen.dd@47f9c123_ARCHIVE_LOCATION">c:/Users/knstokke/Documents/Vivado18/ip_repo/Interface_1.0</xilinx:tag>
        <xilinx:tag xilinx:name="ui.data.coregen.dd@448f92b9_ARCHIVE_LOCATION">c:/Users/knstokke/Documents/Vivado18/ip_repo/Interface_1.0</xilinx:tag>
        <xilinx:tag xilinx:name="ui.data.coregen.dd@3701cb69_ARCHIVE_LOCATION">c:/Users/knstokke/Documents/Vivado18/ip_repo/Interface_1.0</xilinx:tag>
        <xilinx:tag xilinx:name="ui.data.coregen.dd@5bf75b44_ARCHIVE_LOCATION">c:/Users/knstokke/Documents/Vivado18/ip_repo/Interface_1.0</xilinx:tag>
        <xilinx:tag xilinx:name="ui.data.coregen.dd@68e29a76_ARCHIVE_LOCATION">c:/Users/knstokke/Documents/Vivado18/ip_repo/Interface_1.0</xilinx:tag>
        <xilinx:tag xilinx:name="ui.data.coregen.dd@58c023e4_ARCHIVE_LOCATION">c:/Users/knstokke/Documents/Vivado18/ip_repo/Interface_1.0</xilinx:tag>
        <xilinx:tag xilinx:name="ui.data.coregen.dd@45b4e89c_ARCHIVE_LOCATION">c:/Users/knstokke/Documents/Vivado18/ip_repo/Interface_1.0</xilinx:tag>
        <xilinx:tag xilinx:name="ui.data.coregen.dd@570e9374_ARCHIVE_LOCATION">c:/Users/knstokke/Documents/Vivado18/ip_repo/Interface_1.0</xilinx:tag>
        <xilinx:tag xilinx:name="ui.data.coregen.dd@5fbcfe21_ARCHIVE_LOCATION">c:/Users/knstokke/Documents/Vivado18/ip_repo/Interface_1.0</xilinx:tag>
        <xilinx:tag xilinx:name="ui.data.coregen.dd@12acaa36_ARCHIVE_LOCATION">c:/Users/knstokke/Documents/Vivado18/ip_repo/Interface_1.0</xilinx:tag>
        <xilinx:tag xilinx:name="ui.data.coregen.dd@bcab7dd_ARCHIVE_LOCATION">c:/Users/knstokke/Documents/Vivado18/ip_repo/Interface_1.0</xilinx:tag>
        <xilinx:tag xilinx:name="ui.data.coregen.dd@421a0240_ARCHIVE_LOCATION">c:/Users/knstokke/Documents/Vivado18/ip_repo/Interface_1.0</xilinx:tag>
        <xilinx:tag xilinx:name="ui.data.coregen.dd@1941c366_ARCHIVE_LOCATION">c:/Users/knstokke/Documents/Vivado18/ip_repo/Interface_1.0</xilinx:tag>
        <xilinx:tag xilinx:name="ui.data.coregen.dd@45c86c57_ARCHIVE_LOCATION">c:/Users/knstokke/Documents/Vivado18/ip_repo/Interface_1.0</xilinx:tag>
        <xilinx:tag xilinx:name="ui.data.coregen.dd@14b8feda_ARCHIVE_LOCATION">c:/Users/knstokke/Documents/Vivado18/ip_repo/Interface_1.0</xilinx:tag>
        <xilinx:tag xilinx:name="ui.data.coregen.dd@4cae3c8_ARCHIVE_LOCATION">c:/Users/knstokke/Documents/Vivado18/ip_repo/Interface_1.0</xilinx:tag>
        <xilinx:tag xilinx:name="ui.data.coregen.dd@1d89719b_ARCHIVE_LOCATION">c:/Users/knstokke/Documents/Vivado18/ip_repo/Interface_1.0</xilinx:tag>
        <xilinx:tag xilinx:name="ui.data.coregen.dd@5e63f4c2_ARCHIVE_LOCATION">c:/Users/knstokke/Documents/Vivado18/ip_repo/Interface_1.0</xilinx:tag>
        <xilinx:tag xilinx:name="ui.data.coregen.dd@c36c892_ARCHIVE_LOCATION">c:/Users/knstokke/Documents/Vivado18/ip_repo/Interface_1.0</xilinx:tag>
        <xilinx:tag xilinx:name="ui.data.coregen.dd@20847e09_ARCHIVE_LOCATION">c:/Users/knstokke/Documents/Vivado18/ip_repo/Interface_1.0</xilinx:tag>
        <xilinx:tag xilinx:name="ui.data.coregen.dd@518ba221_ARCHIVE_LOCATION">c:/Users/knstokke/Documents/Vivado18/ip_repo/Interface_1.0</xilinx:tag>
        <xilinx:tag xilinx:name="ui.data.coregen.dd@3ff4477e_ARCHIVE_LOCATION">c:/Users/knstokke/Documents/Vivado18/ip_repo/Interface_1.0</xilinx:tag>
        <xilinx:tag xilinx:name="ui.data.coregen.dd@73720980_ARCHIVE_LOCATION">c:/Users/knstokke/Documents/Vivado18/ip_repo/Interface_1.0</xilinx:tag>
        <xilinx:tag xilinx:name="ui.data.coregen.dd@76abce20_ARCHIVE_LOCATION">c:/Users/knstokke/Documents/Vivado18/ip_repo/Interface_1.0</xilinx:tag>
        <xilinx:tag xilinx:name="ui.data.coregen.dd@3794a0b7_ARCHIVE_LOCATION">c:/Users/knstokke/Documents/Vivado18/ip_repo/Interface_1.0</xilinx:tag>
        <xilinx:tag xilinx:name="ui.data.coregen.dd@1302d289_ARCHIVE_LOCATION">c:/Users/knstokke/Documents/Vivado18/ip_repo/Interface_1.0</xilinx:tag>
        <xilinx:tag xilinx:name="ui.data.coregen.dd@74c4fab_ARCHIVE_LOCATION">c:/Users/knstokke/Documents/Vivado18/ip_repo/Interface_1.0</xilinx:tag>
        <xilinx:tag xilinx:name="ui.data.coregen.dd@2587a760_ARCHIVE_LOCATION">c:/Users/knstokke/Documents/Vivado18/ip_repo/Interface_1.0</xilinx:tag>
        <xilinx:tag xilinx:name="ui.data.coregen.dd@606ccf63_ARCHIVE_LOCATION">c:/Users/knstokke/Documents/Vivado18/ip_repo/Interface_1.0</xilinx:tag>
        <xilinx:tag xilinx:name="ui.data.coregen.dd@41fcb678_ARCHIVE_LOCATION">c:/Users/knstokke/Documents/Vivado18/ip_repo/Interface_1.0</xilinx:tag>
        <xilinx:tag xilinx:name="ui.data.coregen.dd@14e2afe7_ARCHIVE_LOCATION">c:/Users/knstokke/Documents/Vivado18/ip_repo/Interface_1.0</xilinx:tag>
        <xilinx:tag xilinx:name="ui.data.coregen.dd@77c33de_ARCHIVE_LOCATION">c:/Users/knstokke/Documents/Vivado18/ip_repo/Interface_1.0</xilinx:tag>
        <xilinx:tag xilinx:name="ui.data.coregen.dd@3e090d6d_ARCHIVE_LOCATION">c:/Users/knstokke/Documents/Vivado18/ip_repo/Interface_1.0</xilinx:tag>
        <xilinx:tag xilinx:name="ui.data.coregen.dd@451acffd_ARCHIVE_LOCATION">c:/Users/knstokke/Documents/Vivado18/ip_repo/Interface_1.0</xilinx:tag>
        <xilinx:tag xilinx:name="ui.data.coregen.dd@5cd6593d_ARCHIVE_LOCATION">c:/Users/knstokke/Documents/Vivado18/ip_repo/Interface_1.0</xilinx:tag>
        <xilinx:tag xilinx:name="ui.data.coregen.dd@67b62cef_ARCHIVE_LOCATION">c:/Users/knstokke/Documents/Vivado18/ip_repo/Interface_1.0</xilinx:tag>
        <xilinx:tag xilinx:name="ui.data.coregen.dd@7d89e697_ARCHIVE_LOCATION">c:/Users/knstokke/Documents/Vivado18/ip_repo/Interface_1.0</xilinx:tag>
        <xilinx:tag xilinx:name="ui.data.coregen.dd@5d6fee14_ARCHIVE_LOCATION">c:/Users/knstokke/Documents/Vivado18/ip_repo/Interface_1.0</xilinx:tag>
        <xilinx:tag xilinx:name="ui.data.coregen.dd@1fce3980_ARCHIVE_LOCATION">c:/Users/knstokke/Documents/Vivado18/ip_repo/Interface_1.0</xilinx:tag>
        <xilinx:tag xilinx:name="ui.data.coregen.dd@3113232d_ARCHIVE_LOCATION">c:/Users/knstokke/Documents/Vivado18/ip_repo/Interface_1.0</xilinx:tag>
        <xilinx:tag xilinx:name="ui.data.coregen.dd@bb07f5d_ARCHIVE_LOCATION">c:/Users/knstokke/Documents/Vivado18/ip_repo/Interface_1.0</xilinx:tag>
        <xilinx:tag xilinx:name="ui.data.coregen.dd@69d808ac_ARCHIVE_LOCATION">c:/Users/knstokke/Documents/Vivado18/ip_repo/Interface_1.0</xilinx:tag>
        <xilinx:tag xilinx:name="ui.data.coregen.dd@7e66d208_ARCHIVE_LOCATION">c:/Users/knstokke/Documents/Vivado18/ip_repo/Interface_1.0</xilinx:tag>
        <xilinx:tag xilinx:name="ui.data.coregen.dd@217f79d2_ARCHIVE_LOCATION">c:/Users/knstokke/Documents/Vivado18/ip_repo/Interface_1.0</xilinx:tag>
        <xilinx:tag xilinx:name="ui.data.coregen.dd@620659a1_ARCHIVE_LOCATION">c:/Users/knstokke/Documents/Vivado18/ip_repo/Interface_1.0</xilinx:tag>
        <xilinx:tag xilinx:name="ui.data.coregen.dd@75a821a4_ARCHIVE_LOCATION">c:/Users/knstokke/Documents/Vivado18/ip_repo/Interface_1.0</xilinx:tag>
        <xilinx:tag xilinx:name="ui.data.coregen.dd@21fb378b_ARCHIVE_LOCATION">c:/Users/knstokke/Documents/Vivado18/ip_repo/Interface_1.0</xilinx:tag>
        <xilinx:tag xilinx:name="ui.data.coregen.dd@5f16d340_ARCHIVE_LOCATION">c:/Users/knstokke/Documents/Vivado18/ip_repo/Interface_1.0</xilinx:tag>
        <xilinx:tag xilinx:name="ui.data.coregen.dd@2d27d670_ARCHIVE_LOCATION">c:/Users/knstokke/Documents/Vivado18/ip_repo/Interface_1.0</xilinx:tag>
        <xilinx:tag xilinx:name="ui.data.coregen.dd@25f3476d_ARCHIVE_LOCATION">c:/Users/knstokke/Documents/Vivado18/ip_repo/Interface_1.0</xilinx:tag>
        <xilinx:tag xilinx:name="ui.data.coregen.dd@585bfafb_ARCHIVE_LOCATION">c:/Users/knstokke/Documents/Vivado18/ip_repo/Interface_1.0</xilinx:tag>
        <xilinx:tag xilinx:name="ui.data.coregen.dd@3fe12260_ARCHIVE_LOCATION">c:/Users/knstokke/Documents/Vivado18/ip_repo/Interface_1.0</xilinx:tag>
        <xilinx:tag xilinx:name="ui.data.coregen.dd@3797d54e_ARCHIVE_LOCATION">c:/Users/knstokke/Documents/Vivado18/ip_repo/Interface_1.0</xilinx:tag>
        <xilinx:tag xilinx:name="ui.data.coregen.dd@6c2c3df7_ARCHIVE_LOCATION">c:/Users/knstokke/Documents/Vivado18/ip_repo/Interface_1.0</xilinx:tag>
        <xilinx:tag xilinx:name="ui.data.coregen.dd@1e18a210_ARCHIVE_LOCATION">c:/Users/knstokke/Documents/Vivado18/ip_repo/Interface_1.0</xilinx:tag>
        <xilinx:tag xilinx:name="ui.data.coregen.dd@5af08b4d_ARCHIVE_LOCATION">c:/Users/knstokke/Documents/Vivado18/ip_repo/Interface_1.0</xilinx:tag>
        <xilinx:tag xilinx:name="ui.data.coregen.dd@7cc03cd6_ARCHIVE_LOCATION">c:/Users/knstokke/Documents/Vivado18/ip_repo/Interface_1.0</xilinx:tag>
        <xilinx:tag xilinx:name="ui.data.coregen.dd@6f004ec3_ARCHIVE_LOCATION">c:/Users/knstokke/Documents/Vivado18/ip_repo/Interface_1.0</xilinx:tag>
        <xilinx:tag xilinx:name="ui.data.coregen.dd@3297de5a_ARCHIVE_LOCATION">c:/Users/knstokke/Documents/Vivado18/ip_repo/Interface_1.0</xilinx:tag>
        <xilinx:tag xilinx:name="ui.data.coregen.dd@56b84dbd_ARCHIVE_LOCATION">c:/Users/knstokke/Documents/Vivado18/ip_repo/Interface_1.0</xilinx:tag>
        <xilinx:tag xilinx:name="ui.data.coregen.dd@4f95faae_ARCHIVE_LOCATION">c:/Users/knstokke/Documents/Vivado18/ip_repo/Interface_1.0</xilinx:tag>
        <xilinx:tag xilinx:name="ui.data.coregen.dd@6eb13bb9_ARCHIVE_LOCATION">c:/Users/knstokke/Documents/Vivado18/ip_repo/Interface_1.0</xilinx:tag>
        <xilinx:tag xilinx:name="ui.data.coregen.dd@304e0f00_ARCHIVE_LOCATION">c:/Users/knstokke/Documents/Vivado18/ip_repo/Interface_1.0</xilinx:tag>
        <xilinx:tag xilinx:name="ui.data.coregen.dd@57670117_ARCHIVE_LOCATION">c:/Users/knstokke/Documents/Vivado18/ip_repo/Interface_1.0</xilinx:tag>
        <xilinx:tag xilinx:name="ui.data.coregen.dd@3e4c5107_ARCHIVE_LOCATION">c:/Users/knstokke/Documents/Vivado18/ip_repo/Interface_1.0</xilinx:tag>
        <xilinx:tag xilinx:name="ui.data.coregen.dd@177de25d_ARCHIVE_LOCATION">c:/Users/knstokke/Documents/Vivado18/ip_repo/Interface_1.0</xilinx:tag>
        <xilinx:tag xilinx:name="ui.data.coregen.dd@13a12535_ARCHIVE_LOCATION">c:/Users/knstokke/Documents/Vivado18/ip_repo/Interface_1.0</xilinx:tag>
        <xilinx:tag xilinx:name="ui.data.coregen.dd@2c37dc91_ARCHIVE_LOCATION">c:/Users/knstokke/Documents/Vivado18/ip_repo/Interface_1.0</xilinx:tag>
        <xilinx:tag xilinx:name="ui.data.coregen.dd@5abf089c_ARCHIVE_LOCATION">c:/Users/knstokke/Documents/Vivado18/ip_repo/Interface_1.0</xilinx:tag>
        <xilinx:tag xilinx:name="ui.data.coregen.dd@1a895dab_ARCHIVE_LOCATION">c:/Users/knstokke/Documents/Vivado18/ip_repo/Interface_1.0</xilinx:tag>
        <xilinx:tag xilinx:name="ui.data.coregen.dd@4367ab3a_ARCHIVE_LOCATION">c:/Users/knstokke/Documents/Vivado18/ip_repo/Interface_1.0</xilinx:tag>
        <xilinx:tag xilinx:name="ui.data.coregen.dd@619f54be_ARCHIVE_LOCATION">c:/Users/knstokke/Documents/Vivado18/ip_repo/Interface_1.0</xilinx:tag>
        <xilinx:tag xilinx:name="ui.data.coregen.dd@19f3c83f_ARCHIVE_LOCATION">c:/Users/knstokke/Documents/Vivado18/ip_repo/Interface_1.0</xilinx:tag>
        <xilinx:tag xilinx:name="ui.data.coregen.dd@65d2a76c_ARCHIVE_LOCATION">c:/Users/knstokke/Documents/Vivado18/ip_repo/Interface_1.0</xilinx:tag>
        <xilinx:tag xilinx:name="ui.data.coregen.dd@5f161b7b_ARCHIVE_LOCATION">c:/Users/knstokke/Documents/Vivado18/ip_repo/Interface_1.0</xilinx:tag>
        <xilinx:tag xilinx:name="ui.data.coregen.dd@633f4942_ARCHIVE_LOCATION">c:/Users/knstokke/Documents/Vivado18/ip_repo/Interface_1.0</xilinx:tag>
        <xilinx:tag xilinx:name="ui.data.coregen.dd@2eaa3ffb_ARCHIVE_LOCATION">c:/Users/knstokke/Documents/Vivado18/ip_repo/Interface_1.0</xilinx:tag>
        <xilinx:tag xilinx:name="ui.data.coregen.dd@4a2ca92c_ARCHIVE_LOCATION">c:/Users/knstokke/Documents/Vivado18/ip_repo/Interface_1.0</xilinx:tag>
        <xilinx:tag xilinx:name="ui.data.coregen.dd@34bbb907_ARCHIVE_LOCATION">c:/Users/knstokke/Documents/Vivado18/ip_repo/Interface_1.0</xilinx:tag>
        <xilinx:tag xilinx:name="ui.data.coregen.dd@6c5e6939_ARCHIVE_LOCATION">c:/Users/knstokke/Documents/Vivado18/ip_repo/Interface_1.0</xilinx:tag>
        <xilinx:tag xilinx:name="ui.data.coregen.dd@203e0978_ARCHIVE_LOCATION">c:/Users/knstokke/Documents/Vivado18/ip_repo/Interface_1.0</xilinx:tag>
        <xilinx:tag xilinx:name="ui.data.coregen.dd@648792d5_ARCHIVE_LOCATION">c:/Users/knstokke/Documents/Vivado18/ip_repo/Interface_1.0</xilinx:tag>
        <xilinx:tag xilinx:name="ui.data.coregen.dd@4f5b60e1_ARCHIVE_LOCATION">c:/Users/knstokke/Documents/Vivado18/ip_repo/Interface_1.0</xilinx:tag>
        <xilinx:tag xilinx:name="ui.data.coregen.dd@6d2c3033_ARCHIVE_LOCATION">c:/Users/knstokke/Documents/Vivado18/ip_repo/Interface_1.0</xilinx:tag>
        <xilinx:tag xilinx:name="ui.data.coregen.dd@1559e4e7_ARCHIVE_LOCATION">c:/Users/knstokke/Documents/Vivado18/ip_repo/Interface_1.0</xilinx:tag>
        <xilinx:tag xilinx:name="ui.data.coregen.dd@797023ac_ARCHIVE_LOCATION">c:/Users/knstokke/Documents/Vivado18/ip_repo/Interface_1.0</xilinx:tag>
        <xilinx:tag xilinx:name="ui.data.coregen.dd@2e18a8e6_ARCHIVE_LOCATION">c:/Users/knstokke/Documents/Vivado18/ip_repo/Interface_1.0</xilinx:tag>
        <xilinx:tag xilinx:name="ui.data.coregen.dd@60b70abb_ARCHIVE_LOCATION">c:/Users/knstokke/Documents/Vivado18/ip_repo/Interface_1.0</xilinx:tag>
        <xilinx:tag xilinx:name="ui.data.coregen.dd@7ce2e725_ARCHIVE_LOCATION">c:/Users/knstokke/Documents/Vivado18/ip_repo/Interface_1.0</xilinx:tag>
        <xilinx:tag xilinx:name="ui.data.coregen.dd@69903382_ARCHIVE_LOCATION">c:/Users/knstokke/Documents/Vivado18/ip_repo/Interface_1.0</xilinx:tag>
        <xilinx:tag xilinx:name="ui.data.coregen.dd@ebc46d2_ARCHIVE_LOCATION">c:/Users/knstokke/Documents/Vivado18/ip_repo/Interface_1.0</xilinx:tag>
        <xilinx:tag xilinx:name="ui.data.coregen.dd@15ae04d9_ARCHIVE_LOCATION">c:/Users/knstokke/Documents/Vivado18/ip_repo/Interface_1.0</xilinx:tag>
        <xilinx:tag xilinx:name="ui.data.coregen.dd@dd3e58e_ARCHIVE_LOCATION">c:/Users/knstokke/Documents/Vivado18/ip_repo/Interface_1.0</xilinx:tag>
        <xilinx:tag xilinx:name="ui.data.coregen.dd@3b8f39c5_ARCHIVE_LOCATION">c:/Users/knstokke/Documents/Vivado18/ip_repo/Interface_1.0</xilinx:tag>
        <xilinx:tag xilinx:name="ui.data.coregen.dd@b303155_ARCHIVE_LOCATION">c:/Users/knstokke/Documents/Vivado18/ip_repo/Interface_1.0</xilinx:tag>
        <xilinx:tag xilinx:name="ui.data.coregen.dd@138324c9_ARCHIVE_LOCATION">c:/Users/knstokke/Documents/Vivado18/ip_repo/Interface_1.0</xilinx:tag>
        <xilinx:tag xilinx:name="ui.data.coregen.dd@5c2c2207_ARCHIVE_LOCATION">c:/Users/knstokke/Documents/Vivado18/ip_repo/Interface_1.0</xilinx:tag>
        <xilinx:tag xilinx:name="ui.data.coregen.dd@3f068e22_ARCHIVE_LOCATION">c:/Users/knstokke/Documents/Vivado18/ip_repo/Interface_1.0</xilinx:tag>
        <xilinx:tag xilinx:name="ui.data.coregen.dd@ec61a22_ARCHIVE_LOCATION">c:/Users/knstokke/Documents/Vivado18/ip_repo/Interface_1.0</xilinx:tag>
        <xilinx:tag xilinx:name="ui.data.coregen.dd@4d8bc6bd_ARCHIVE_LOCATION">c:/Users/knstokke/Documents/Vivado18/ip_repo/Interface_1.0</xilinx:tag>
        <xilinx:tag xilinx:name="ui.data.coregen.dd@6effd553_ARCHIVE_LOCATION">c:/Users/knstokke/Documents/Vivado18/ip_repo/Interface_1.0</xilinx:tag>
        <xilinx:tag xilinx:name="ui.data.coregen.dd@6a653f38_ARCHIVE_LOCATION">c:/Users/knstokke/Documents/Vivado18/ip_repo/Interface_1.0</xilinx:tag>
        <xilinx:tag xilinx:name="ui.data.coregen.dd@68080aac_ARCHIVE_LOCATION">c:/Users/knstokke/Documents/Vivado18/ip_repo/Interface_1.0</xilinx:tag>
        <xilinx:tag xilinx:name="ui.data.coregen.dd@639e5710_ARCHIVE_LOCATION">c:/Users/knstokke/Documents/Vivado18/ip_repo/Interface_1.0</xilinx:tag>
        <xilinx:tag xilinx:name="ui.data.coregen.dd@1ee7b771_ARCHIVE_LOCATION">c:/Users/knstokke/Documents/Vivado18/ip_repo/Interface_1.0</xilinx:tag>
        <xilinx:tag xilinx:name="ui.data.coregen.dd@f8b3dab_ARCHIVE_LOCATION">c:/Users/knstokke/Documents/Vivado18/ip_repo/Interface_1.0</xilinx:tag>
        <xilinx:tag xilinx:name="ui.data.coregen.dd@34d13792_ARCHIVE_LOCATION">c:/Users/knstokke/Documents/Vivado18/ip_repo/Interface_1.0</xilinx:tag>
        <xilinx:tag xilinx:name="ui.data.coregen.dd@41519868_ARCHIVE_LOCATION">c:/Users/knstokke/Documents/Vivado18/ip_repo/Interface_1.0</xilinx:tag>
        <xilinx:tag xilinx:name="ui.data.coregen.dd@29a97159_ARCHIVE_LOCATION">c:/Users/knstokke/Documents/Vivado18/ip_repo/Interface_1.0</xilinx:tag>
        <xilinx:tag xilinx:name="ui.data.coregen.dd@1f742a17_ARCHIVE_LOCATION">c:/Users/knstokke/Documents/Vivado18/ip_repo/Interface_1.0</xilinx:tag>
        <xilinx:tag xilinx:name="ui.data.coregen.dd@9fd2f1d_ARCHIVE_LOCATION">c:/Users/knstokke/Documents/Vivado18/ip_repo/Interface_1.0</xilinx:tag>
        <xilinx:tag xilinx:name="ui.data.coregen.dd@622d26c5_ARCHIVE_LOCATION">c:/Users/knstokke/Documents/Vivado18/ip_repo/Interface_1.0</xilinx:tag>
        <xilinx:tag xilinx:name="ui.data.coregen.dd@51053f8b_ARCHIVE_LOCATION">c:/Users/knstokke/Documents/Vivado18/ip_repo/Interface_1.0</xilinx:tag>
        <xilinx:tag xilinx:name="ui.data.coregen.dd@3f50063_ARCHIVE_LOCATION">c:/Users/knstokke/Documents/Vivado18/ip_repo/Interface_1.0</xilinx:tag>
        <xilinx:tag xilinx:name="ui.data.coregen.dd@20aed853_ARCHIVE_LOCATION">c:/Users/knstokke/Documents/Vivado18/ip_repo/Interface_1.0</xilinx:tag>
        <xilinx:tag xilinx:name="ui.data.coregen.dd@42d83bfa_ARCHIVE_LOCATION">c:/Users/knstokke/Documents/Vivado18/ip_repo/Interface_1.0</xilinx:tag>
        <xilinx:tag xilinx:name="ui.data.coregen.dd@20ddb25_ARCHIVE_LOCATION">c:/Users/knstokke/Documents/Vivado18/ip_repo/Interface_1.0</xilinx:tag>
        <xilinx:tag xilinx:name="ui.data.coregen.dd@338b7681_ARCHIVE_LOCATION">c:/Users/knstokke/Documents/Vivado18/ip_repo/Interface_1.0</xilinx:tag>
        <xilinx:tag xilinx:name="ui.data.coregen.dd@61b5da28_ARCHIVE_LOCATION">c:/Users/knstokke/Documents/Vivado18/ip_repo/Interface_1.0</xilinx:tag>
        <xilinx:tag xilinx:name="ui.data.coregen.dd@22d4aa38_ARCHIVE_LOCATION">c:/Users/knstokke/Documents/Vivado18/ip_repo/Interface_1.0</xilinx:tag>
        <xilinx:tag xilinx:name="ui.data.coregen.dd@35dd4983_ARCHIVE_LOCATION">c:/Users/knstokke/Documents/Vivado18/ip_repo/Interface_1.0</xilinx:tag>
        <xilinx:tag xilinx:name="ui.data.coregen.dd@6a30f275_ARCHIVE_LOCATION">c:/Users/knstokke/Documents/Vivado18/ip_repo/Interface_1.0</xilinx:tag>
        <xilinx:tag xilinx:name="ui.data.coregen.dd@6e907881_ARCHIVE_LOCATION">c:/Users/knstokke/Documents/Vivado18/ip_repo/Interface_1.0</xilinx:tag>
        <xilinx:tag xilinx:name="ui.data.coregen.dd@e30211c_ARCHIVE_LOCATION">c:/Users/knstokke/Documents/Vivado18/ip_repo/Interface_1.0</xilinx:tag>
        <xilinx:tag xilinx:name="ui.data.coregen.dd@6e8cb96a_ARCHIVE_LOCATION">c:/Users/knstokke/Documents/Vivado18/ip_repo/Interface_1.0</xilinx:tag>
        <xilinx:tag xilinx:name="ui.data.coregen.dd@6b5052a6_ARCHIVE_LOCATION">c:/Users/knstokke/Documents/Vivado18/ip_repo/Interface_1.0</xilinx:tag>
        <xilinx:tag xilinx:name="ui.data.coregen.dd@28b6adeb_ARCHIVE_LOCATION">c:/Users/knstokke/Documents/Vivado18/ip_repo/Interface_1.0</xilinx:tag>
        <xilinx:tag xilinx:name="ui.data.coregen.dd@48ee1eff_ARCHIVE_LOCATION">c:/Users/knstokke/Documents/Vivado18/ip_repo/Interface_1.0</xilinx:tag>
        <xilinx:tag xilinx:name="ui.data.coregen.dd@7cb0b2b2_ARCHIVE_LOCATION">c:/Users/knstokke/Documents/Vivado18/ip_repo/Interface_1.0</xilinx:tag>
        <xilinx:tag xilinx:name="ui.data.coregen.dd@3782191a_ARCHIVE_LOCATION">c:/Users/knstokke/Documents/Vivado18/ip_repo/Interface_1.0</xilinx:tag>
        <xilinx:tag xilinx:name="ui.data.coregen.dd@e4a97e7_ARCHIVE_LOCATION">c:/Users/knstokke/Documents/Vivado18/ip_repo/Interface_1.0</xilinx:tag>
        <xilinx:tag xilinx:name="ui.data.coregen.dd@18976832_ARCHIVE_LOCATION">c:/Users/knstokke/Documents/Vivado18/ip_repo/Interface_1.0</xilinx:tag>
        <xilinx:tag xilinx:name="ui.data.coregen.dd@15f32708_ARCHIVE_LOCATION">c:/Users/knstokke/Documents/Vivado18/ip_repo/Interface_1.0</xilinx:tag>
        <xilinx:tag xilinx:name="ui.data.coregen.dd@3fcfeead_ARCHIVE_LOCATION">c:/Users/knstokke/Documents/Vivado18/ip_repo/Interface_1.0</xilinx:tag>
        <xilinx:tag xilinx:name="ui.data.coregen.dd@3161a546_ARCHIVE_LOCATION">c:/Users/knstokke/Documents/Vivado18/ip_repo/Interface_1.0</xilinx:tag>
        <xilinx:tag xilinx:name="ui.data.coregen.dd@3ce931a2_ARCHIVE_LOCATION">c:/Users/knstokke/Documents/Vivado18/ip_repo/Interface_1.0</xilinx:tag>
        <xilinx:tag xilinx:name="ui.data.coregen.dd@13a6dee4_ARCHIVE_LOCATION">c:/Users/knstokke/Documents/Vivado18/ip_repo/Interface_1.0</xilinx:tag>
        <xilinx:tag xilinx:name="ui.data.coregen.dd@779a364a_ARCHIVE_LOCATION">c:/Users/knstokke/Documents/Vivado18/ip_repo/Interface_1.0</xilinx:tag>
        <xilinx:tag xilinx:name="ui.data.coregen.dd@4c883aa5_ARCHIVE_LOCATION">c:/Users/knstokke/Documents/Vivado18/ip_repo/Interface_1.0</xilinx:tag>
        <xilinx:tag xilinx:name="ui.data.coregen.dd@6a148aba_ARCHIVE_LOCATION">c:/Users/knstokke/Documents/Vivado18/ip_repo/Interface_1.0</xilinx:tag>
        <xilinx:tag xilinx:name="ui.data.coregen.dd@427a6e15_ARCHIVE_LOCATION">c:/Users/knstokke/Documents/Vivado18/ip_repo/Interface_1.0</xilinx:tag>
        <xilinx:tag xilinx:name="ui.data.coregen.dd@57291ace_ARCHIVE_LOCATION">c:/Users/knstokke/Documents/Vivado18/ip_repo/Interface_1.0</xilinx:tag>
      </xilinx:tags>
    </xilinx:coreExtensions>
    <xilinx:packagingInfo>
      <xilinx:xilinxVersion>2018.3.1</xilinx:xilinxVersion>
      <xilinx:checksum xilinx:scope="busInterfaces" xilinx:value="7a63f3fc"/>
      <xilinx:checksum xilinx:scope="memoryMaps" xilinx:value="ed1368d5"/>
      <xilinx:checksum xilinx:scope="fileGroups" xilinx:value="9c26eb1f"/>
      <xilinx:checksum xilinx:scope="ports" xilinx:value="e89b8416"/>
      <xilinx:checksum xilinx:scope="hdlParameters" xilinx:value="6992ea72"/>
      <xilinx:checksum xilinx:scope="parameters" xilinx:value="286b4be4"/>
    </xilinx:packagingInfo>
  </spirit:vendorExtensions>
</spirit:component>
