<?xml version="1.0" encoding="UTF-8"?>
<GenRun Id="synth_1" LaunchPart="xczu7ev-ffvc1156-2-e" LaunchTime="1568222894">
  <File Type="PA-TCL" Name="design_1_wrapper.tcl"/>
  <File Type="RDS-PROPCONSTRS" Name="design_1_wrapper_drc_synth.rpt"/>
  <File Type="REPORTS-TCL" Name="design_1_wrapper_reports.tcl"/>
  <File Type="RDS-RDS" Name="design_1_wrapper.vds"/>
  <File Type="RDS-UTIL" Name="design_1_wrapper_utilization_synth.rpt"/>
  <File Type="RDS-UTIL-PB" Name="design_1_wrapper_utilization_synth.pb"/>
  <File Type="RDS-DCP" Name="design_1_wrapper.dcp"/>
  <File Type="VDS-TIMINGSUMMARY" Name="design_1_wrapper_timing_summary_synth.rpt"/>
  <File Type="VDS-TIMING-PB" Name="design_1_wrapper_timing_summary_synth.pb"/>
  <FileSet Name="sources" Type="DesignSrcs" RelSrcDir="$PSRCDIR/sources_1">
    <Filter Type="Srcs"/>
    <File Path="$PSRCDIR/sources_1/bd/design_1/design_1.bd">
      <FileInfo>
        <Attr Name="UsedIn" Val="synthesis"/>
        <Attr Name="UsedIn" Val="implementation"/>
        <Attr Name="UsedIn" Val="simulation"/>
      </FileInfo>
    </File>
    <File Path="$PSRCDIR/sources_1/bd/design_1/hdl/design_1_wrapper.v">
      <FileInfo>
        <Attr Name="UsedIn" Val="synthesis"/>
        <Attr Name="UsedIn" Val="implementation"/>
        <Attr Name="UsedIn" Val="simulation"/>
      </FileInfo>
    </File>
    <File Path="$PPRDIR/params.coe">
      <FileInfo>
        <Attr Name="UsedIn" Val="synthesis"/>
        <Attr Name="UsedIn" Val="simulation"/>
      </FileInfo>
    </File>
    <File Path="$PPRDIR/../../Misc. Files/Verilog Code/COE/params_232_448_2_subs_cir_squ_10_30.coe">
      <FileInfo>
        <Attr Name="UsedIn" Val="synthesis"/>
        <Attr Name="UsedIn" Val="simulation"/>
      </FileInfo>
    </File>
    <Config>
      <Option Name="DesignMode" Val="RTL"/>
      <Option Name="TopModule" Val="design_1_wrapper"/>
      <Option Name="TopAutoSet" Val="TRUE"/>
    </Config>
  </FileSet>
  <FileSet Name="constrs_in" Type="Constrs" RelSrcDir="$PSRCDIR/constrs_1">
    <Filter Type="Constrs"/>
    <Config>
      <Option Name="ConstrsType" Val="XDC"/>
    </Config>
  </FileSet>
  <FileSet Name="utils" Type="Utils" RelSrcDir="$PSRCDIR/utils_1">
    <Filter Type="Utils"/>
    <Config>
      <Option Name="TopAutoSet" Val="TRUE"/>
    </Config>
  </FileSet>
  <Strategy Version="1" Minor="2">
    <StratHandle Name="Vivado Synthesis Defaults" Flow="Vivado Synthesis 2018"/>
    <Step Id="synth_design"/>
  </Strategy>
  <BlockFileSet Type="BlockSrcs" Name="design_1_SubsetCoordsMulti_0_0"/>
  <BlockFileSet Type="BlockSrcs" Name="design_1_Interface_1_0"/>
  <BlockFileSet Type="BlockSrcs" Name="design_1_axi_bram_ctrl_1_0"/>
  <BlockFileSet Type="BlockSrcs" Name="design_1_axi_bram_ctrl_3_0"/>
  <BlockFileSet Type="BlockSrcs" Name="design_1_axi_bram_ctrl_4_0"/>
  <BlockFileSet Type="BlockSrcs" Name="design_1_axi_bram_ctrl_2_0"/>
  <BlockFileSet Type="BlockSrcs" Name="design_1_Results_0_0"/>
  <BlockFileSet Type="BlockSrcs" Name="design_1_axi_bram_ctrl_5_0"/>
  <BlockFileSet Type="BlockSrcs" Name="design_1_xbar_0"/>
  <BlockFileSet Type="BlockSrcs" Name="design_1_Gamma_Aff_0_0"/>
</GenRun>
