<?xml version="1.0" encoding="UTF-8"?>
<spirit:component xmlns:xilinx="http://www.xilinx.com" xmlns:spirit="http://www.spiritconsortium.org/XMLSchema/SPIRIT/1685-2009" xmlns:xsi="http://www.w3.org/2001/XMLSchema-instance">
  <spirit:vendor>xilinx.com</spirit:vendor>
  <spirit:library>customized_ip</spirit:library>
  <spirit:name>design_1_Results_0_0</spirit:name>
  <spirit:version>1.0</spirit:version>
  <spirit:busInterfaces>
    <spirit:busInterface>
      <spirit:name>S00_AXI</spirit:name>
      <spirit:busType spirit:vendor="xilinx.com" spirit:library="interface" spirit:name="aximm" spirit:version="1.0"/>
      <spirit:abstractionType spirit:vendor="xilinx.com" spirit:library="interface" spirit:name="aximm_rtl" spirit:version="1.0"/>
      <spirit:slave>
        <spirit:memoryMapRef spirit:memoryMapRef="S00_AXI"/>
      </spirit:slave>
      <spirit:portMaps>
        <spirit:portMap>
          <spirit:logicalPort>
            <spirit:name>AWADDR</spirit:name>
          </spirit:logicalPort>
          <spirit:physicalPort>
            <spirit:name>s00_axi_awaddr</spirit:name>
          </spirit:physicalPort>
        </spirit:portMap>
        <spirit:portMap>
          <spirit:logicalPort>
            <spirit:name>AWPROT</spirit:name>
          </spirit:logicalPort>
          <spirit:physicalPort>
            <spirit:name>s00_axi_awprot</spirit:name>
          </spirit:physicalPort>
        </spirit:portMap>
        <spirit:portMap>
          <spirit:logicalPort>
            <spirit:name>AWVALID</spirit:name>
          </spirit:logicalPort>
          <spirit:physicalPort>
            <spirit:name>s00_axi_awvalid</spirit:name>
          </spirit:physicalPort>
        </spirit:portMap>
        <spirit:portMap>
          <spirit:logicalPort>
            <spirit:name>AWREADY</spirit:name>
          </spirit:logicalPort>
          <spirit:physicalPort>
            <spirit:name>s00_axi_awready</spirit:name>
          </spirit:physicalPort>
        </spirit:portMap>
        <spirit:portMap>
          <spirit:logicalPort>
            <spirit:name>WDATA</spirit:name>
          </spirit:logicalPort>
          <spirit:physicalPort>
            <spirit:name>s00_axi_wdata</spirit:name>
          </spirit:physicalPort>
        </spirit:portMap>
        <spirit:portMap>
          <spirit:logicalPort>
            <spirit:name>WSTRB</spirit:name>
          </spirit:logicalPort>
          <spirit:physicalPort>
            <spirit:name>s00_axi_wstrb</spirit:name>
          </spirit:physicalPort>
        </spirit:portMap>
        <spirit:portMap>
          <spirit:logicalPort>
            <spirit:name>WVALID</spirit:name>
          </spirit:logicalPort>
          <spirit:physicalPort>
            <spirit:name>s00_axi_wvalid</spirit:name>
          </spirit:physicalPort>
        </spirit:portMap>
        <spirit:portMap>
          <spirit:logicalPort>
            <spirit:name>WREADY</spirit:name>
          </spirit:logicalPort>
          <spirit:physicalPort>
            <spirit:name>s00_axi_wready</spirit:name>
          </spirit:physicalPort>
        </spirit:portMap>
        <spirit:portMap>
          <spirit:logicalPort>
            <spirit:name>BRESP</spirit:name>
          </spirit:logicalPort>
          <spirit:physicalPort>
            <spirit:name>s00_axi_bresp</spirit:name>
          </spirit:physicalPort>
        </spirit:portMap>
        <spirit:portMap>
          <spirit:logicalPort>
            <spirit:name>BVALID</spirit:name>
          </spirit:logicalPort>
          <spirit:physicalPort>
            <spirit:name>s00_axi_bvalid</spirit:name>
          </spirit:physicalPort>
        </spirit:portMap>
        <spirit:portMap>
          <spirit:logicalPort>
            <spirit:name>BREADY</spirit:name>
          </spirit:logicalPort>
          <spirit:physicalPort>
            <spirit:name>s00_axi_bready</spirit:name>
          </spirit:physicalPort>
        </spirit:portMap>
        <spirit:portMap>
          <spirit:logicalPort>
            <spirit:name>ARADDR</spirit:name>
          </spirit:logicalPort>
          <spirit:physicalPort>
            <spirit:name>s00_axi_araddr</spirit:name>
          </spirit:physicalPort>
        </spirit:portMap>
        <spirit:portMap>
          <spirit:logicalPort>
            <spirit:name>ARPROT</spirit:name>
          </spirit:logicalPort>
          <spirit:physicalPort>
            <spirit:name>s00_axi_arprot</spirit:name>
          </spirit:physicalPort>
        </spirit:portMap>
        <spirit:portMap>
          <spirit:logicalPort>
            <spirit:name>ARVALID</spirit:name>
          </spirit:logicalPort>
          <spirit:physicalPort>
            <spirit:name>s00_axi_arvalid</spirit:name>
          </spirit:physicalPort>
        </spirit:portMap>
        <spirit:portMap>
          <spirit:logicalPort>
            <spirit:name>ARREADY</spirit:name>
          </spirit:logicalPort>
          <spirit:physicalPort>
            <spirit:name>s00_axi_arready</spirit:name>
          </spirit:physicalPort>
        </spirit:portMap>
        <spirit:portMap>
          <spirit:logicalPort>
            <spirit:name>RDATA</spirit:name>
          </spirit:logicalPort>
          <spirit:physicalPort>
            <spirit:name>s00_axi_rdata</spirit:name>
          </spirit:physicalPort>
        </spirit:portMap>
        <spirit:portMap>
          <spirit:logicalPort>
            <spirit:name>RRESP</spirit:name>
          </spirit:logicalPort>
          <spirit:physicalPort>
            <spirit:name>s00_axi_rresp</spirit:name>
          </spirit:physicalPort>
        </spirit:portMap>
        <spirit:portMap>
          <spirit:logicalPort>
            <spirit:name>RVALID</spirit:name>
          </spirit:logicalPort>
          <spirit:physicalPort>
            <spirit:name>s00_axi_rvalid</spirit:name>
          </spirit:physicalPort>
        </spirit:portMap>
        <spirit:portMap>
          <spirit:logicalPort>
            <spirit:name>RREADY</spirit:name>
          </spirit:logicalPort>
          <spirit:physicalPort>
            <spirit:name>s00_axi_rready</spirit:name>
          </spirit:physicalPort>
        </spirit:portMap>
      </spirit:portMaps>
      <spirit:parameters>
        <spirit:parameter>
          <spirit:name>WIZ_DATA_WIDTH</spirit:name>
          <spirit:value spirit:format="long" spirit:id="BUSIFPARAM_VALUE.S00_AXI.WIZ_DATA_WIDTH" spirit:choiceRef="choice_list_6fc15197">32</spirit:value>
        </spirit:parameter>
        <spirit:parameter>
          <spirit:name>WIZ_NUM_REG</spirit:name>
          <spirit:value spirit:format="long" spirit:id="BUSIFPARAM_VALUE.S00_AXI.WIZ_NUM_REG" spirit:minimum="4" spirit:maximum="512" spirit:rangeType="long">4</spirit:value>
        </spirit:parameter>
        <spirit:parameter>
          <spirit:name>SUPPORTS_NARROW_BURST</spirit:name>
          <spirit:value spirit:format="long" spirit:id="BUSIFPARAM_VALUE.S00_AXI.SUPPORTS_NARROW_BURST" spirit:choiceRef="choice_pairs_ce1226b1">0</spirit:value>
        </spirit:parameter>
        <spirit:parameter>
          <spirit:name>DATA_WIDTH</spirit:name>
          <spirit:value spirit:format="long" spirit:resolve="generated" spirit:id="BUSIFPARAM_VALUE.S00_AXI.DATA_WIDTH">32</spirit:value>
          <spirit:vendorExtensions>
            <xilinx:parameterInfo>
              <xilinx:parameterUsage>none</xilinx:parameterUsage>
            </xilinx:parameterInfo>
          </spirit:vendorExtensions>
        </spirit:parameter>
        <spirit:parameter>
          <spirit:name>PROTOCOL</spirit:name>
          <spirit:value spirit:resolve="generated" spirit:id="BUSIFPARAM_VALUE.S00_AXI.PROTOCOL">AXI4LITE</spirit:value>
          <spirit:vendorExtensions>
            <xilinx:parameterInfo>
              <xilinx:parameterUsage>none</xilinx:parameterUsage>
            </xilinx:parameterInfo>
          </spirit:vendorExtensions>
        </spirit:parameter>
        <spirit:parameter>
          <spirit:name>FREQ_HZ</spirit:name>
          <spirit:value spirit:format="long" spirit:resolve="generated" spirit:id="BUSIFPARAM_VALUE.S00_AXI.FREQ_HZ">150000000</spirit:value>
          <spirit:vendorExtensions>
            <xilinx:parameterInfo>
              <xilinx:parameterUsage>none</xilinx:parameterUsage>
            </xilinx:parameterInfo>
          </spirit:vendorExtensions>
        </spirit:parameter>
        <spirit:parameter>
          <spirit:name>ID_WIDTH</spirit:name>
          <spirit:value spirit:format="long" spirit:resolve="generated" spirit:id="BUSIFPARAM_VALUE.S00_AXI.ID_WIDTH">0</spirit:value>
          <spirit:vendorExtensions>
            <xilinx:parameterInfo>
              <xilinx:parameterUsage>none</xilinx:parameterUsage>
            </xilinx:parameterInfo>
          </spirit:vendorExtensions>
        </spirit:parameter>
        <spirit:parameter>
          <spirit:name>ADDR_WIDTH</spirit:name>
          <spirit:value spirit:format="long" spirit:resolve="generated" spirit:id="BUSIFPARAM_VALUE.S00_AXI.ADDR_WIDTH">4</spirit:value>
          <spirit:vendorExtensions>
            <xilinx:parameterInfo>
              <xilinx:parameterUsage>none</xilinx:parameterUsage>
            </xilinx:parameterInfo>
          </spirit:vendorExtensions>
        </spirit:parameter>
        <spirit:parameter>
          <spirit:name>AWUSER_WIDTH</spirit:name>
          <spirit:value spirit:format="long" spirit:resolve="generated" spirit:id="BUSIFPARAM_VALUE.S00_AXI.AWUSER_WIDTH">0</spirit:value>
          <spirit:vendorExtensions>
            <xilinx:parameterInfo>
              <xilinx:parameterUsage>none</xilinx:parameterUsage>
            </xilinx:parameterInfo>
          </spirit:vendorExtensions>
        </spirit:parameter>
        <spirit:parameter>
          <spirit:name>ARUSER_WIDTH</spirit:name>
          <spirit:value spirit:format="long" spirit:resolve="generated" spirit:id="BUSIFPARAM_VALUE.S00_AXI.ARUSER_WIDTH">0</spirit:value>
          <spirit:vendorExtensions>
            <xilinx:parameterInfo>
              <xilinx:parameterUsage>none</xilinx:parameterUsage>
            </xilinx:parameterInfo>
          </spirit:vendorExtensions>
        </spirit:parameter>
        <spirit:parameter>
          <spirit:name>WUSER_WIDTH</spirit:name>
          <spirit:value spirit:format="long" spirit:resolve="generated" spirit:id="BUSIFPARAM_VALUE.S00_AXI.WUSER_WIDTH">0</spirit:value>
          <spirit:vendorExtensions>
            <xilinx:parameterInfo>
              <xilinx:parameterUsage>none</xilinx:parameterUsage>
            </xilinx:parameterInfo>
          </spirit:vendorExtensions>
        </spirit:parameter>
        <spirit:parameter>
          <spirit:name>RUSER_WIDTH</spirit:name>
          <spirit:value spirit:format="long" spirit:resolve="generated" spirit:id="BUSIFPARAM_VALUE.S00_AXI.RUSER_WIDTH">0</spirit:value>
          <spirit:vendorExtensions>
            <xilinx:parameterInfo>
              <xilinx:parameterUsage>none</xilinx:parameterUsage>
            </xilinx:parameterInfo>
          </spirit:vendorExtensions>
        </spirit:parameter>
        <spirit:parameter>
          <spirit:name>BUSER_WIDTH</spirit:name>
          <spirit:value spirit:format="long" spirit:resolve="generated" spirit:id="BUSIFPARAM_VALUE.S00_AXI.BUSER_WIDTH">0</spirit:value>
          <spirit:vendorExtensions>
            <xilinx:parameterInfo>
              <xilinx:parameterUsage>none</xilinx:parameterUsage>
            </xilinx:parameterInfo>
          </spirit:vendorExtensions>
        </spirit:parameter>
        <spirit:parameter>
          <spirit:name>READ_WRITE_MODE</spirit:name>
          <spirit:value spirit:resolve="generated" spirit:id="BUSIFPARAM_VALUE.S00_AXI.READ_WRITE_MODE">READ_WRITE</spirit:value>
          <spirit:vendorExtensions>
            <xilinx:parameterInfo>
              <xilinx:parameterUsage>none</xilinx:parameterUsage>
            </xilinx:parameterInfo>
          </spirit:vendorExtensions>
        </spirit:parameter>
        <spirit:parameter>
          <spirit:name>HAS_BURST</spirit:name>
          <spirit:value spirit:format="long" spirit:resolve="generated" spirit:id="BUSIFPARAM_VALUE.S00_AXI.HAS_BURST">0</spirit:value>
          <spirit:vendorExtensions>
            <xilinx:parameterInfo>
              <xilinx:parameterUsage>none</xilinx:parameterUsage>
            </xilinx:parameterInfo>
          </spirit:vendorExtensions>
        </spirit:parameter>
        <spirit:parameter>
          <spirit:name>HAS_LOCK</spirit:name>
          <spirit:value spirit:format="long" spirit:resolve="generated" spirit:id="BUSIFPARAM_VALUE.S00_AXI.HAS_LOCK">0</spirit:value>
          <spirit:vendorExtensions>
            <xilinx:parameterInfo>
              <xilinx:parameterUsage>none</xilinx:parameterUsage>
            </xilinx:parameterInfo>
          </spirit:vendorExtensions>
        </spirit:parameter>
        <spirit:parameter>
          <spirit:name>HAS_PROT</spirit:name>
          <spirit:value spirit:format="long" spirit:resolve="generated" spirit:id="BUSIFPARAM_VALUE.S00_AXI.HAS_PROT">1</spirit:value>
          <spirit:vendorExtensions>
            <xilinx:parameterInfo>
              <xilinx:parameterUsage>none</xilinx:parameterUsage>
            </xilinx:parameterInfo>
          </spirit:vendorExtensions>
        </spirit:parameter>
        <spirit:parameter>
          <spirit:name>HAS_CACHE</spirit:name>
          <spirit:value spirit:format="long" spirit:resolve="generated" spirit:id="BUSIFPARAM_VALUE.S00_AXI.HAS_CACHE">0</spirit:value>
          <spirit:vendorExtensions>
            <xilinx:parameterInfo>
              <xilinx:parameterUsage>none</xilinx:parameterUsage>
            </xilinx:parameterInfo>
          </spirit:vendorExtensions>
        </spirit:parameter>
        <spirit:parameter>
          <spirit:name>HAS_QOS</spirit:name>
          <spirit:value spirit:format="long" spirit:resolve="generated" spirit:id="BUSIFPARAM_VALUE.S00_AXI.HAS_QOS">0</spirit:value>
          <spirit:vendorExtensions>
            <xilinx:parameterInfo>
              <xilinx:parameterUsage>none</xilinx:parameterUsage>
            </xilinx:parameterInfo>
          </spirit:vendorExtensions>
        </spirit:parameter>
        <spirit:parameter>
          <spirit:name>HAS_REGION</spirit:name>
          <spirit:value spirit:format="long" spirit:resolve="generated" spirit:id="BUSIFPARAM_VALUE.S00_AXI.HAS_REGION">0</spirit:value>
          <spirit:vendorExtensions>
            <xilinx:parameterInfo>
              <xilinx:parameterUsage>none</xilinx:parameterUsage>
            </xilinx:parameterInfo>
          </spirit:vendorExtensions>
        </spirit:parameter>
        <spirit:parameter>
          <spirit:name>HAS_WSTRB</spirit:name>
          <spirit:value spirit:format="long" spirit:resolve="generated" spirit:id="BUSIFPARAM_VALUE.S00_AXI.HAS_WSTRB">1</spirit:value>
          <spirit:vendorExtensions>
            <xilinx:parameterInfo>
              <xilinx:parameterUsage>none</xilinx:parameterUsage>
            </xilinx:parameterInfo>
          </spirit:vendorExtensions>
        </spirit:parameter>
        <spirit:parameter>
          <spirit:name>HAS_BRESP</spirit:name>
          <spirit:value spirit:format="long" spirit:resolve="generated" spirit:id="BUSIFPARAM_VALUE.S00_AXI.HAS_BRESP">1</spirit:value>
          <spirit:vendorExtensions>
            <xilinx:parameterInfo>
              <xilinx:parameterUsage>none</xilinx:parameterUsage>
            </xilinx:parameterInfo>
          </spirit:vendorExtensions>
        </spirit:parameter>
        <spirit:parameter>
          <spirit:name>HAS_RRESP</spirit:name>
          <spirit:value spirit:format="long" spirit:resolve="generated" spirit:id="BUSIFPARAM_VALUE.S00_AXI.HAS_RRESP">1</spirit:value>
          <spirit:vendorExtensions>
            <xilinx:parameterInfo>
              <xilinx:parameterUsage>none</xilinx:parameterUsage>
            </xilinx:parameterInfo>
          </spirit:vendorExtensions>
        </spirit:parameter>
        <spirit:parameter>
          <spirit:name>NUM_READ_OUTSTANDING</spirit:name>
          <spirit:value spirit:format="long" spirit:resolve="generated" spirit:id="BUSIFPARAM_VALUE.S00_AXI.NUM_READ_OUTSTANDING">2</spirit:value>
          <spirit:vendorExtensions>
            <xilinx:parameterInfo>
              <xilinx:parameterUsage>none</xilinx:parameterUsage>
            </xilinx:parameterInfo>
          </spirit:vendorExtensions>
        </spirit:parameter>
        <spirit:parameter>
          <spirit:name>NUM_WRITE_OUTSTANDING</spirit:name>
          <spirit:value spirit:format="long" spirit:resolve="generated" spirit:id="BUSIFPARAM_VALUE.S00_AXI.NUM_WRITE_OUTSTANDING">2</spirit:value>
          <spirit:vendorExtensions>
            <xilinx:parameterInfo>
              <xilinx:parameterUsage>none</xilinx:parameterUsage>
            </xilinx:parameterInfo>
          </spirit:vendorExtensions>
        </spirit:parameter>
        <spirit:parameter>
          <spirit:name>MAX_BURST_LENGTH</spirit:name>
          <spirit:value spirit:format="long" spirit:resolve="generated" spirit:id="BUSIFPARAM_VALUE.S00_AXI.MAX_BURST_LENGTH">1</spirit:value>
          <spirit:vendorExtensions>
            <xilinx:parameterInfo>
              <xilinx:parameterUsage>none</xilinx:parameterUsage>
            </xilinx:parameterInfo>
          </spirit:vendorExtensions>
        </spirit:parameter>
        <spirit:parameter>
          <spirit:name>PHASE</spirit:name>
          <spirit:value spirit:format="float" spirit:resolve="generated" spirit:id="BUSIFPARAM_VALUE.S00_AXI.PHASE">0.000</spirit:value>
          <spirit:vendorExtensions>
            <xilinx:parameterInfo>
              <xilinx:parameterUsage>none</xilinx:parameterUsage>
            </xilinx:parameterInfo>
          </spirit:vendorExtensions>
        </spirit:parameter>
        <spirit:parameter>
          <spirit:name>CLK_DOMAIN</spirit:name>
          <spirit:value spirit:resolve="generated" spirit:id="BUSIFPARAM_VALUE.S00_AXI.CLK_DOMAIN">design_1_zynq_ultra_ps_e_0_0_pl_clk0</spirit:value>
          <spirit:vendorExtensions>
            <xilinx:parameterInfo>
              <xilinx:parameterUsage>none</xilinx:parameterUsage>
            </xilinx:parameterInfo>
          </spirit:vendorExtensions>
        </spirit:parameter>
        <spirit:parameter>
          <spirit:name>NUM_READ_THREADS</spirit:name>
          <spirit:value spirit:format="long" spirit:resolve="generated" spirit:id="BUSIFPARAM_VALUE.S00_AXI.NUM_READ_THREADS">1</spirit:value>
          <spirit:vendorExtensions>
            <xilinx:parameterInfo>
              <xilinx:parameterUsage>none</xilinx:parameterUsage>
            </xilinx:parameterInfo>
          </spirit:vendorExtensions>
        </spirit:parameter>
        <spirit:parameter>
          <spirit:name>NUM_WRITE_THREADS</spirit:name>
          <spirit:value spirit:format="long" spirit:resolve="generated" spirit:id="BUSIFPARAM_VALUE.S00_AXI.NUM_WRITE_THREADS">1</spirit:value>
          <spirit:vendorExtensions>
            <xilinx:parameterInfo>
              <xilinx:parameterUsage>none</xilinx:parameterUsage>
            </xilinx:parameterInfo>
          </spirit:vendorExtensions>
        </spirit:parameter>
        <spirit:parameter>
          <spirit:name>RUSER_BITS_PER_BYTE</spirit:name>
          <spirit:value spirit:format="long" spirit:resolve="generated" spirit:id="BUSIFPARAM_VALUE.S00_AXI.RUSER_BITS_PER_BYTE">0</spirit:value>
          <spirit:vendorExtensions>
            <xilinx:parameterInfo>
              <xilinx:parameterUsage>none</xilinx:parameterUsage>
            </xilinx:parameterInfo>
          </spirit:vendorExtensions>
        </spirit:parameter>
        <spirit:parameter>
          <spirit:name>WUSER_BITS_PER_BYTE</spirit:name>
          <spirit:value spirit:format="long" spirit:resolve="generated" spirit:id="BUSIFPARAM_VALUE.S00_AXI.WUSER_BITS_PER_BYTE">0</spirit:value>
          <spirit:vendorExtensions>
            <xilinx:parameterInfo>
              <xilinx:parameterUsage>none</xilinx:parameterUsage>
            </xilinx:parameterInfo>
          </spirit:vendorExtensions>
        </spirit:parameter>
        <spirit:parameter>
          <spirit:name>INSERT_VIP</spirit:name>
          <spirit:value spirit:format="long" spirit:resolve="user" spirit:id="BUSIFPARAM_VALUE.S00_AXI.INSERT_VIP">0</spirit:value>
          <spirit:vendorExtensions>
            <xilinx:parameterInfo>
              <xilinx:parameterUsage>simulation.rtl</xilinx:parameterUsage>
            </xilinx:parameterInfo>
          </spirit:vendorExtensions>
        </spirit:parameter>
      </spirit:parameters>
    </spirit:busInterface>
    <spirit:busInterface>
      <spirit:name>S00_AXI_RST</spirit:name>
      <spirit:busType spirit:vendor="xilinx.com" spirit:library="signal" spirit:name="reset" spirit:version="1.0"/>
      <spirit:abstractionType spirit:vendor="xilinx.com" spirit:library="signal" spirit:name="reset_rtl" spirit:version="1.0"/>
      <spirit:slave/>
      <spirit:portMaps>
        <spirit:portMap>
          <spirit:logicalPort>
            <spirit:name>RST</spirit:name>
          </spirit:logicalPort>
          <spirit:physicalPort>
            <spirit:name>s00_axi_aresetn</spirit:name>
          </spirit:physicalPort>
        </spirit:portMap>
      </spirit:portMaps>
      <spirit:parameters>
        <spirit:parameter>
          <spirit:name>POLARITY</spirit:name>
          <spirit:value spirit:id="BUSIFPARAM_VALUE.S00_AXI_RST.POLARITY" spirit:choiceRef="choice_list_9d8b0d81">ACTIVE_LOW</spirit:value>
        </spirit:parameter>
        <spirit:parameter>
          <spirit:name>INSERT_VIP</spirit:name>
          <spirit:value spirit:format="long" spirit:resolve="user" spirit:id="BUSIFPARAM_VALUE.S00_AXI_RST.INSERT_VIP">0</spirit:value>
          <spirit:vendorExtensions>
            <xilinx:parameterInfo>
              <xilinx:parameterUsage>simulation.rtl</xilinx:parameterUsage>
            </xilinx:parameterInfo>
          </spirit:vendorExtensions>
        </spirit:parameter>
      </spirit:parameters>
    </spirit:busInterface>
    <spirit:busInterface>
      <spirit:name>S00_AXI_CLK</spirit:name>
      <spirit:busType spirit:vendor="xilinx.com" spirit:library="signal" spirit:name="clock" spirit:version="1.0"/>
      <spirit:abstractionType spirit:vendor="xilinx.com" spirit:library="signal" spirit:name="clock_rtl" spirit:version="1.0"/>
      <spirit:slave/>
      <spirit:portMaps>
        <spirit:portMap>
          <spirit:logicalPort>
            <spirit:name>CLK</spirit:name>
          </spirit:logicalPort>
          <spirit:physicalPort>
            <spirit:name>s00_axi_aclk</spirit:name>
          </spirit:physicalPort>
        </spirit:portMap>
      </spirit:portMaps>
      <spirit:parameters>
        <spirit:parameter>
          <spirit:name>ASSOCIATED_BUSIF</spirit:name>
          <spirit:value spirit:id="BUSIFPARAM_VALUE.S00_AXI_CLK.ASSOCIATED_BUSIF">S00_AXI</spirit:value>
        </spirit:parameter>
        <spirit:parameter>
          <spirit:name>ASSOCIATED_RESET</spirit:name>
          <spirit:value spirit:id="BUSIFPARAM_VALUE.S00_AXI_CLK.ASSOCIATED_RESET">s00_axi_aresetn</spirit:value>
        </spirit:parameter>
        <spirit:parameter>
          <spirit:name>FREQ_HZ</spirit:name>
          <spirit:value spirit:format="long" spirit:resolve="generated" spirit:id="BUSIFPARAM_VALUE.S00_AXI_CLK.FREQ_HZ">150000000</spirit:value>
          <spirit:vendorExtensions>
            <xilinx:parameterInfo>
              <xilinx:parameterUsage>none</xilinx:parameterUsage>
            </xilinx:parameterInfo>
          </spirit:vendorExtensions>
        </spirit:parameter>
        <spirit:parameter>
          <spirit:name>PHASE</spirit:name>
          <spirit:value spirit:format="float" spirit:resolve="generated" spirit:id="BUSIFPARAM_VALUE.S00_AXI_CLK.PHASE">0.000</spirit:value>
          <spirit:vendorExtensions>
            <xilinx:parameterInfo>
              <xilinx:parameterUsage>none</xilinx:parameterUsage>
            </xilinx:parameterInfo>
          </spirit:vendorExtensions>
        </spirit:parameter>
        <spirit:parameter>
          <spirit:name>CLK_DOMAIN</spirit:name>
          <spirit:value spirit:resolve="generated" spirit:id="BUSIFPARAM_VALUE.S00_AXI_CLK.CLK_DOMAIN">design_1_zynq_ultra_ps_e_0_0_pl_clk0</spirit:value>
          <spirit:vendorExtensions>
            <xilinx:parameterInfo>
              <xilinx:parameterUsage>none</xilinx:parameterUsage>
            </xilinx:parameterInfo>
          </spirit:vendorExtensions>
        </spirit:parameter>
        <spirit:parameter>
          <spirit:name>INSERT_VIP</spirit:name>
          <spirit:value spirit:format="long" spirit:resolve="user" spirit:id="BUSIFPARAM_VALUE.S00_AXI_CLK.INSERT_VIP">0</spirit:value>
          <spirit:vendorExtensions>
            <xilinx:parameterInfo>
              <xilinx:parameterUsage>simulation.rtl</xilinx:parameterUsage>
            </xilinx:parameterInfo>
          </spirit:vendorExtensions>
        </spirit:parameter>
      </spirit:parameters>
    </spirit:busInterface>
  </spirit:busInterfaces>
  <spirit:memoryMaps>
    <spirit:memoryMap>
      <spirit:name>S00_AXI</spirit:name>
      <spirit:addressBlock>
        <spirit:name>S00_AXI_reg</spirit:name>
        <spirit:baseAddress spirit:format="long" spirit:resolve="user">0</spirit:baseAddress>
        <spirit:range spirit:format="long">4096</spirit:range>
        <spirit:width spirit:format="long">32</spirit:width>
        <spirit:usage>register</spirit:usage>
        <spirit:parameters>
          <spirit:parameter>
            <spirit:name>OFFSET_BASE_PARAM</spirit:name>
            <spirit:value spirit:id="ADDRBLOCKPARAM_VALUE.S00_AXI.S00_AXI_REG.OFFSET_BASE_PARAM">C_S00_AXI_BASEADDR</spirit:value>
          </spirit:parameter>
          <spirit:parameter>
            <spirit:name>OFFSET_HIGH_PARAM</spirit:name>
            <spirit:value spirit:id="ADDRBLOCKPARAM_VALUE.S00_AXI.S00_AXI_REG.OFFSET_HIGH_PARAM">C_S00_AXI_HIGHADDR</spirit:value>
          </spirit:parameter>
        </spirit:parameters>
      </spirit:addressBlock>
    </spirit:memoryMap>
  </spirit:memoryMaps>
  <spirit:model>
    <spirit:views>
      <spirit:view>
        <spirit:name>xilinx_verilogsynthesis</spirit:name>
        <spirit:displayName>Verilog Synthesis</spirit:displayName>
        <spirit:envIdentifier>verilogSource:vivado.xilinx.com:synthesis</spirit:envIdentifier>
        <spirit:language>verilog</spirit:language>
        <spirit:modelName>Results_v1_0</spirit:modelName>
        <spirit:fileSetRef>
          <spirit:localName>xilinx_verilogsynthesis_view_fileset</spirit:localName>
        </spirit:fileSetRef>
        <spirit:parameters>
          <spirit:parameter>
            <spirit:name>GENtimestamp</spirit:name>
            <spirit:value>Tue Sep 10 16:13:23 UTC 2019</spirit:value>
          </spirit:parameter>
          <spirit:parameter>
            <spirit:name>outputProductCRC</spirit:name>
            <spirit:value>9:93350207</spirit:value>
          </spirit:parameter>
        </spirit:parameters>
      </spirit:view>
      <spirit:view>
        <spirit:name>xilinx_verilogsynthesiswrapper</spirit:name>
        <spirit:displayName>Verilog Synthesis Wrapper</spirit:displayName>
        <spirit:envIdentifier>verilogSource:vivado.xilinx.com:synthesis.wrapper</spirit:envIdentifier>
        <spirit:language>verilog</spirit:language>
        <spirit:modelName>design_1_Results_0_0</spirit:modelName>
        <spirit:fileSetRef>
          <spirit:localName>xilinx_verilogsynthesiswrapper_view_fileset</spirit:localName>
        </spirit:fileSetRef>
        <spirit:parameters>
          <spirit:parameter>
            <spirit:name>GENtimestamp</spirit:name>
            <spirit:value>Tue Sep 10 16:13:23 UTC 2019</spirit:value>
          </spirit:parameter>
          <spirit:parameter>
            <spirit:name>outputProductCRC</spirit:name>
            <spirit:value>9:93350207</spirit:value>
          </spirit:parameter>
        </spirit:parameters>
      </spirit:view>
      <spirit:view>
        <spirit:name>xilinx_verilogbehavioralsimulation</spirit:name>
        <spirit:displayName>Verilog Simulation</spirit:displayName>
        <spirit:envIdentifier>verilogSource:vivado.xilinx.com:simulation</spirit:envIdentifier>
        <spirit:language>verilog</spirit:language>
        <spirit:modelName>Results_v1_0</spirit:modelName>
        <spirit:fileSetRef>
          <spirit:localName>xilinx_verilogbehavioralsimulation_view_fileset</spirit:localName>
        </spirit:fileSetRef>
        <spirit:parameters>
          <spirit:parameter>
            <spirit:name>GENtimestamp</spirit:name>
            <spirit:value>Tue Sep 10 16:13:23 UTC 2019</spirit:value>
          </spirit:parameter>
          <spirit:parameter>
            <spirit:name>outputProductCRC</spirit:name>
            <spirit:value>9:cb948371</spirit:value>
          </spirit:parameter>
        </spirit:parameters>
      </spirit:view>
      <spirit:view>
        <spirit:name>xilinx_verilogsimulationwrapper</spirit:name>
        <spirit:displayName>Verilog Simulation Wrapper</spirit:displayName>
        <spirit:envIdentifier>verilogSource:vivado.xilinx.com:simulation.wrapper</spirit:envIdentifier>
        <spirit:language>verilog</spirit:language>
        <spirit:modelName>design_1_Results_0_0</spirit:modelName>
        <spirit:fileSetRef>
          <spirit:localName>xilinx_verilogsimulationwrapper_view_fileset</spirit:localName>
        </spirit:fileSetRef>
        <spirit:parameters>
          <spirit:parameter>
            <spirit:name>GENtimestamp</spirit:name>
            <spirit:value>Tue Sep 10 16:13:23 UTC 2019</spirit:value>
          </spirit:parameter>
          <spirit:parameter>
            <spirit:name>outputProductCRC</spirit:name>
            <spirit:value>9:cb948371</spirit:value>
          </spirit:parameter>
        </spirit:parameters>
      </spirit:view>
      <spirit:view>
        <spirit:name>xilinx_externalfiles</spirit:name>
        <spirit:displayName>External Files</spirit:displayName>
        <spirit:envIdentifier>:vivado.xilinx.com:external.files</spirit:envIdentifier>
        <spirit:fileSetRef>
          <spirit:localName>xilinx_externalfiles_view_fileset</spirit:localName>
        </spirit:fileSetRef>
        <spirit:parameters>
          <spirit:parameter>
            <spirit:name>GENtimestamp</spirit:name>
            <spirit:value>Tue Sep 10 16:14:28 UTC 2019</spirit:value>
          </spirit:parameter>
          <spirit:parameter>
            <spirit:name>outputProductCRC</spirit:name>
            <spirit:value>9:93350207</spirit:value>
          </spirit:parameter>
        </spirit:parameters>
      </spirit:view>
    </spirit:views>
    <spirit:ports>
      <spirit:port>
        <spirit:name>gamma_done_0</spirit:name>
        <spirit:wire>
          <spirit:direction>in</spirit:direction>
          <spirit:wireTypeDefs>
            <spirit:wireTypeDef>
              <spirit:typeName>std_logic</spirit:typeName>
              <spirit:viewNameRef>xilinx_verilogsynthesis</spirit:viewNameRef>
              <spirit:viewNameRef>xilinx_verilogbehavioralsimulation</spirit:viewNameRef>
            </spirit:wireTypeDef>
          </spirit:wireTypeDefs>
        </spirit:wire>
      </spirit:port>
      <spirit:port>
        <spirit:name>results_done_0</spirit:name>
        <spirit:wire>
          <spirit:direction>in</spirit:direction>
          <spirit:wireTypeDefs>
            <spirit:wireTypeDef>
              <spirit:typeName>std_logic</spirit:typeName>
              <spirit:viewNameRef>xilinx_verilogsynthesis</spirit:viewNameRef>
              <spirit:viewNameRef>xilinx_verilogbehavioralsimulation</spirit:viewNameRef>
            </spirit:wireTypeDef>
          </spirit:wireTypeDefs>
        </spirit:wire>
      </spirit:port>
      <spirit:port>
        <spirit:name>dis_X_0</spirit:name>
        <spirit:wire>
          <spirit:direction>in</spirit:direction>
          <spirit:vector>
            <spirit:left spirit:format="long">31</spirit:left>
            <spirit:right spirit:format="long">0</spirit:right>
          </spirit:vector>
          <spirit:wireTypeDefs>
            <spirit:wireTypeDef>
              <spirit:typeName>std_logic_vector</spirit:typeName>
              <spirit:viewNameRef>xilinx_verilogsynthesis</spirit:viewNameRef>
              <spirit:viewNameRef>xilinx_verilogbehavioralsimulation</spirit:viewNameRef>
            </spirit:wireTypeDef>
          </spirit:wireTypeDefs>
        </spirit:wire>
      </spirit:port>
      <spirit:port>
        <spirit:name>dis_Y_0</spirit:name>
        <spirit:wire>
          <spirit:direction>in</spirit:direction>
          <spirit:vector>
            <spirit:left spirit:format="long">31</spirit:left>
            <spirit:right spirit:format="long">0</spirit:right>
          </spirit:vector>
          <spirit:wireTypeDefs>
            <spirit:wireTypeDef>
              <spirit:typeName>std_logic_vector</spirit:typeName>
              <spirit:viewNameRef>xilinx_verilogsynthesis</spirit:viewNameRef>
              <spirit:viewNameRef>xilinx_verilogbehavioralsimulation</spirit:viewNameRef>
            </spirit:wireTypeDef>
          </spirit:wireTypeDefs>
        </spirit:wire>
      </spirit:port>
      <spirit:port>
        <spirit:name>dis_Z_0</spirit:name>
        <spirit:wire>
          <spirit:direction>in</spirit:direction>
          <spirit:vector>
            <spirit:left spirit:format="long">31</spirit:left>
            <spirit:right spirit:format="long">0</spirit:right>
          </spirit:vector>
          <spirit:wireTypeDefs>
            <spirit:wireTypeDef>
              <spirit:typeName>std_logic_vector</spirit:typeName>
              <spirit:viewNameRef>xilinx_verilogsynthesis</spirit:viewNameRef>
              <spirit:viewNameRef>xilinx_verilogbehavioralsimulation</spirit:viewNameRef>
            </spirit:wireTypeDef>
          </spirit:wireTypeDefs>
        </spirit:wire>
      </spirit:port>
      <spirit:port>
        <spirit:name>addr_0</spirit:name>
        <spirit:wire>
          <spirit:direction>out</spirit:direction>
          <spirit:vector>
            <spirit:left spirit:format="long">31</spirit:left>
            <spirit:right spirit:format="long">0</spirit:right>
          </spirit:vector>
          <spirit:wireTypeDefs>
            <spirit:wireTypeDef>
              <spirit:typeName>std_logic_vector</spirit:typeName>
              <spirit:viewNameRef>xilinx_verilogsynthesis</spirit:viewNameRef>
              <spirit:viewNameRef>xilinx_verilogbehavioralsimulation</spirit:viewNameRef>
            </spirit:wireTypeDef>
          </spirit:wireTypeDefs>
        </spirit:wire>
      </spirit:port>
      <spirit:port>
        <spirit:name>we_0</spirit:name>
        <spirit:wire>
          <spirit:direction>out</spirit:direction>
          <spirit:vector>
            <spirit:left spirit:format="long">3</spirit:left>
            <spirit:right spirit:format="long">0</spirit:right>
          </spirit:vector>
          <spirit:wireTypeDefs>
            <spirit:wireTypeDef>
              <spirit:typeName>std_logic_vector</spirit:typeName>
              <spirit:viewNameRef>xilinx_verilogsynthesis</spirit:viewNameRef>
              <spirit:viewNameRef>xilinx_verilogbehavioralsimulation</spirit:viewNameRef>
            </spirit:wireTypeDef>
          </spirit:wireTypeDefs>
        </spirit:wire>
      </spirit:port>
      <spirit:port>
        <spirit:name>ea_0</spirit:name>
        <spirit:wire>
          <spirit:direction>out</spirit:direction>
          <spirit:wireTypeDefs>
            <spirit:wireTypeDef>
              <spirit:typeName>std_logic</spirit:typeName>
              <spirit:viewNameRef>xilinx_verilogsynthesis</spirit:viewNameRef>
              <spirit:viewNameRef>xilinx_verilogbehavioralsimulation</spirit:viewNameRef>
            </spirit:wireTypeDef>
          </spirit:wireTypeDefs>
        </spirit:wire>
      </spirit:port>
      <spirit:port>
        <spirit:name>result_done_0</spirit:name>
        <spirit:wire>
          <spirit:direction>out</spirit:direction>
          <spirit:vector>
            <spirit:left spirit:format="long">31</spirit:left>
            <spirit:right spirit:format="long">0</spirit:right>
          </spirit:vector>
          <spirit:wireTypeDefs>
            <spirit:wireTypeDef>
              <spirit:typeName>std_logic_vector</spirit:typeName>
              <spirit:viewNameRef>xilinx_verilogsynthesis</spirit:viewNameRef>
              <spirit:viewNameRef>xilinx_verilogbehavioralsimulation</spirit:viewNameRef>
            </spirit:wireTypeDef>
          </spirit:wireTypeDefs>
        </spirit:wire>
      </spirit:port>
      <spirit:port>
        <spirit:name>din_0</spirit:name>
        <spirit:wire>
          <spirit:direction>out</spirit:direction>
          <spirit:vector>
            <spirit:left spirit:format="long">31</spirit:left>
            <spirit:right spirit:format="long">0</spirit:right>
          </spirit:vector>
          <spirit:wireTypeDefs>
            <spirit:wireTypeDef>
              <spirit:typeName>std_logic_vector</spirit:typeName>
              <spirit:viewNameRef>xilinx_verilogsynthesis</spirit:viewNameRef>
              <spirit:viewNameRef>xilinx_verilogbehavioralsimulation</spirit:viewNameRef>
            </spirit:wireTypeDef>
          </spirit:wireTypeDefs>
        </spirit:wire>
      </spirit:port>
      <spirit:port>
        <spirit:name>s00_axi_awaddr</spirit:name>
        <spirit:wire>
          <spirit:direction>in</spirit:direction>
          <spirit:vector>
            <spirit:left spirit:format="long" spirit:resolve="dependent" spirit:dependency="(spirit:decode(id(&apos;MODELPARAM_VALUE.C_S00_AXI_ADDR_WIDTH&apos;)) - 1)">3</spirit:left>
            <spirit:right spirit:format="long">0</spirit:right>
          </spirit:vector>
          <spirit:wireTypeDefs>
            <spirit:wireTypeDef>
              <spirit:typeName>wire</spirit:typeName>
              <spirit:viewNameRef>xilinx_verilogsynthesis</spirit:viewNameRef>
              <spirit:viewNameRef>xilinx_verilogbehavioralsimulation</spirit:viewNameRef>
            </spirit:wireTypeDef>
          </spirit:wireTypeDefs>
        </spirit:wire>
      </spirit:port>
      <spirit:port>
        <spirit:name>s00_axi_awprot</spirit:name>
        <spirit:wire>
          <spirit:direction>in</spirit:direction>
          <spirit:vector>
            <spirit:left spirit:format="long">2</spirit:left>
            <spirit:right spirit:format="long">0</spirit:right>
          </spirit:vector>
          <spirit:wireTypeDefs>
            <spirit:wireTypeDef>
              <spirit:typeName>wire</spirit:typeName>
              <spirit:viewNameRef>xilinx_verilogsynthesis</spirit:viewNameRef>
              <spirit:viewNameRef>xilinx_verilogbehavioralsimulation</spirit:viewNameRef>
            </spirit:wireTypeDef>
          </spirit:wireTypeDefs>
        </spirit:wire>
      </spirit:port>
      <spirit:port>
        <spirit:name>s00_axi_awvalid</spirit:name>
        <spirit:wire>
          <spirit:direction>in</spirit:direction>
          <spirit:wireTypeDefs>
            <spirit:wireTypeDef>
              <spirit:typeName>wire</spirit:typeName>
              <spirit:viewNameRef>xilinx_verilogsynthesis</spirit:viewNameRef>
              <spirit:viewNameRef>xilinx_verilogbehavioralsimulation</spirit:viewNameRef>
            </spirit:wireTypeDef>
          </spirit:wireTypeDefs>
        </spirit:wire>
      </spirit:port>
      <spirit:port>
        <spirit:name>s00_axi_awready</spirit:name>
        <spirit:wire>
          <spirit:direction>out</spirit:direction>
          <spirit:wireTypeDefs>
            <spirit:wireTypeDef>
              <spirit:typeName>wire</spirit:typeName>
              <spirit:viewNameRef>xilinx_verilogsynthesis</spirit:viewNameRef>
              <spirit:viewNameRef>xilinx_verilogbehavioralsimulation</spirit:viewNameRef>
            </spirit:wireTypeDef>
          </spirit:wireTypeDefs>
        </spirit:wire>
      </spirit:port>
      <spirit:port>
        <spirit:name>s00_axi_wdata</spirit:name>
        <spirit:wire>
          <spirit:direction>in</spirit:direction>
          <spirit:vector>
            <spirit:left spirit:format="long" spirit:resolve="dependent" spirit:dependency="(spirit:decode(id(&apos;MODELPARAM_VALUE.C_S00_AXI_DATA_WIDTH&apos;)) - 1)">31</spirit:left>
            <spirit:right spirit:format="long">0</spirit:right>
          </spirit:vector>
          <spirit:wireTypeDefs>
            <spirit:wireTypeDef>
              <spirit:typeName>wire</spirit:typeName>
              <spirit:viewNameRef>xilinx_verilogsynthesis</spirit:viewNameRef>
              <spirit:viewNameRef>xilinx_verilogbehavioralsimulation</spirit:viewNameRef>
            </spirit:wireTypeDef>
          </spirit:wireTypeDefs>
        </spirit:wire>
      </spirit:port>
      <spirit:port>
        <spirit:name>s00_axi_wstrb</spirit:name>
        <spirit:wire>
          <spirit:direction>in</spirit:direction>
          <spirit:vector>
            <spirit:left spirit:format="long" spirit:resolve="dependent" spirit:dependency="((spirit:decode(id(&apos;MODELPARAM_VALUE.C_S00_AXI_DATA_WIDTH&apos;)) / 8) - 1)">3</spirit:left>
            <spirit:right spirit:format="long">0</spirit:right>
          </spirit:vector>
          <spirit:wireTypeDefs>
            <spirit:wireTypeDef>
              <spirit:typeName>wire</spirit:typeName>
              <spirit:viewNameRef>xilinx_verilogsynthesis</spirit:viewNameRef>
              <spirit:viewNameRef>xilinx_verilogbehavioralsimulation</spirit:viewNameRef>
            </spirit:wireTypeDef>
          </spirit:wireTypeDefs>
        </spirit:wire>
      </spirit:port>
      <spirit:port>
        <spirit:name>s00_axi_wvalid</spirit:name>
        <spirit:wire>
          <spirit:direction>in</spirit:direction>
          <spirit:wireTypeDefs>
            <spirit:wireTypeDef>
              <spirit:typeName>wire</spirit:typeName>
              <spirit:viewNameRef>xilinx_verilogsynthesis</spirit:viewNameRef>
              <spirit:viewNameRef>xilinx_verilogbehavioralsimulation</spirit:viewNameRef>
            </spirit:wireTypeDef>
          </spirit:wireTypeDefs>
        </spirit:wire>
      </spirit:port>
      <spirit:port>
        <spirit:name>s00_axi_wready</spirit:name>
        <spirit:wire>
          <spirit:direction>out</spirit:direction>
          <spirit:wireTypeDefs>
            <spirit:wireTypeDef>
              <spirit:typeName>wire</spirit:typeName>
              <spirit:viewNameRef>xilinx_verilogsynthesis</spirit:viewNameRef>
              <spirit:viewNameRef>xilinx_verilogbehavioralsimulation</spirit:viewNameRef>
            </spirit:wireTypeDef>
          </spirit:wireTypeDefs>
        </spirit:wire>
      </spirit:port>
      <spirit:port>
        <spirit:name>s00_axi_bresp</spirit:name>
        <spirit:wire>
          <spirit:direction>out</spirit:direction>
          <spirit:vector>
            <spirit:left spirit:format="long">1</spirit:left>
            <spirit:right spirit:format="long">0</spirit:right>
          </spirit:vector>
          <spirit:wireTypeDefs>
            <spirit:wireTypeDef>
              <spirit:typeName>wire</spirit:typeName>
              <spirit:viewNameRef>xilinx_verilogsynthesis</spirit:viewNameRef>
              <spirit:viewNameRef>xilinx_verilogbehavioralsimulation</spirit:viewNameRef>
            </spirit:wireTypeDef>
          </spirit:wireTypeDefs>
        </spirit:wire>
      </spirit:port>
      <spirit:port>
        <spirit:name>s00_axi_bvalid</spirit:name>
        <spirit:wire>
          <spirit:direction>out</spirit:direction>
          <spirit:wireTypeDefs>
            <spirit:wireTypeDef>
              <spirit:typeName>wire</spirit:typeName>
              <spirit:viewNameRef>xilinx_verilogsynthesis</spirit:viewNameRef>
              <spirit:viewNameRef>xilinx_verilogbehavioralsimulation</spirit:viewNameRef>
            </spirit:wireTypeDef>
          </spirit:wireTypeDefs>
        </spirit:wire>
      </spirit:port>
      <spirit:port>
        <spirit:name>s00_axi_bready</spirit:name>
        <spirit:wire>
          <spirit:direction>in</spirit:direction>
          <spirit:wireTypeDefs>
            <spirit:wireTypeDef>
              <spirit:typeName>wire</spirit:typeName>
              <spirit:viewNameRef>xilinx_verilogsynthesis</spirit:viewNameRef>
              <spirit:viewNameRef>xilinx_verilogbehavioralsimulation</spirit:viewNameRef>
            </spirit:wireTypeDef>
          </spirit:wireTypeDefs>
        </spirit:wire>
      </spirit:port>
      <spirit:port>
        <spirit:name>s00_axi_araddr</spirit:name>
        <spirit:wire>
          <spirit:direction>in</spirit:direction>
          <spirit:vector>
            <spirit:left spirit:format="long" spirit:resolve="dependent" spirit:dependency="(spirit:decode(id(&apos;MODELPARAM_VALUE.C_S00_AXI_ADDR_WIDTH&apos;)) - 1)">3</spirit:left>
            <spirit:right spirit:format="long">0</spirit:right>
          </spirit:vector>
          <spirit:wireTypeDefs>
            <spirit:wireTypeDef>
              <spirit:typeName>wire</spirit:typeName>
              <spirit:viewNameRef>xilinx_verilogsynthesis</spirit:viewNameRef>
              <spirit:viewNameRef>xilinx_verilogbehavioralsimulation</spirit:viewNameRef>
            </spirit:wireTypeDef>
          </spirit:wireTypeDefs>
        </spirit:wire>
      </spirit:port>
      <spirit:port>
        <spirit:name>s00_axi_arprot</spirit:name>
        <spirit:wire>
          <spirit:direction>in</spirit:direction>
          <spirit:vector>
            <spirit:left spirit:format="long">2</spirit:left>
            <spirit:right spirit:format="long">0</spirit:right>
          </spirit:vector>
          <spirit:wireTypeDefs>
            <spirit:wireTypeDef>
              <spirit:typeName>wire</spirit:typeName>
              <spirit:viewNameRef>xilinx_verilogsynthesis</spirit:viewNameRef>
              <spirit:viewNameRef>xilinx_verilogbehavioralsimulation</spirit:viewNameRef>
            </spirit:wireTypeDef>
          </spirit:wireTypeDefs>
        </spirit:wire>
      </spirit:port>
      <spirit:port>
        <spirit:name>s00_axi_arvalid</spirit:name>
        <spirit:wire>
          <spirit:direction>in</spirit:direction>
          <spirit:wireTypeDefs>
            <spirit:wireTypeDef>
              <spirit:typeName>wire</spirit:typeName>
              <spirit:viewNameRef>xilinx_verilogsynthesis</spirit:viewNameRef>
              <spirit:viewNameRef>xilinx_verilogbehavioralsimulation</spirit:viewNameRef>
            </spirit:wireTypeDef>
          </spirit:wireTypeDefs>
        </spirit:wire>
      </spirit:port>
      <spirit:port>
        <spirit:name>s00_axi_arready</spirit:name>
        <spirit:wire>
          <spirit:direction>out</spirit:direction>
          <spirit:wireTypeDefs>
            <spirit:wireTypeDef>
              <spirit:typeName>wire</spirit:typeName>
              <spirit:viewNameRef>xilinx_verilogsynthesis</spirit:viewNameRef>
              <spirit:viewNameRef>xilinx_verilogbehavioralsimulation</spirit:viewNameRef>
            </spirit:wireTypeDef>
          </spirit:wireTypeDefs>
        </spirit:wire>
      </spirit:port>
      <spirit:port>
        <spirit:name>s00_axi_rdata</spirit:name>
        <spirit:wire>
          <spirit:direction>out</spirit:direction>
          <spirit:vector>
            <spirit:left spirit:format="long" spirit:resolve="dependent" spirit:dependency="(spirit:decode(id(&apos;MODELPARAM_VALUE.C_S00_AXI_DATA_WIDTH&apos;)) - 1)">31</spirit:left>
            <spirit:right spirit:format="long">0</spirit:right>
          </spirit:vector>
          <spirit:wireTypeDefs>
            <spirit:wireTypeDef>
              <spirit:typeName>wire</spirit:typeName>
              <spirit:viewNameRef>xilinx_verilogsynthesis</spirit:viewNameRef>
              <spirit:viewNameRef>xilinx_verilogbehavioralsimulation</spirit:viewNameRef>
            </spirit:wireTypeDef>
          </spirit:wireTypeDefs>
        </spirit:wire>
      </spirit:port>
      <spirit:port>
        <spirit:name>s00_axi_rresp</spirit:name>
        <spirit:wire>
          <spirit:direction>out</spirit:direction>
          <spirit:vector>
            <spirit:left spirit:format="long">1</spirit:left>
            <spirit:right spirit:format="long">0</spirit:right>
          </spirit:vector>
          <spirit:wireTypeDefs>
            <spirit:wireTypeDef>
              <spirit:typeName>wire</spirit:typeName>
              <spirit:viewNameRef>xilinx_verilogsynthesis</spirit:viewNameRef>
              <spirit:viewNameRef>xilinx_verilogbehavioralsimulation</spirit:viewNameRef>
            </spirit:wireTypeDef>
          </spirit:wireTypeDefs>
        </spirit:wire>
      </spirit:port>
      <spirit:port>
        <spirit:name>s00_axi_rvalid</spirit:name>
        <spirit:wire>
          <spirit:direction>out</spirit:direction>
          <spirit:wireTypeDefs>
            <spirit:wireTypeDef>
              <spirit:typeName>wire</spirit:typeName>
              <spirit:viewNameRef>xilinx_verilogsynthesis</spirit:viewNameRef>
              <spirit:viewNameRef>xilinx_verilogbehavioralsimulation</spirit:viewNameRef>
            </spirit:wireTypeDef>
          </spirit:wireTypeDefs>
        </spirit:wire>
      </spirit:port>
      <spirit:port>
        <spirit:name>s00_axi_rready</spirit:name>
        <spirit:wire>
          <spirit:direction>in</spirit:direction>
          <spirit:wireTypeDefs>
            <spirit:wireTypeDef>
              <spirit:typeName>wire</spirit:typeName>
              <spirit:viewNameRef>xilinx_verilogsynthesis</spirit:viewNameRef>
              <spirit:viewNameRef>xilinx_verilogbehavioralsimulation</spirit:viewNameRef>
            </spirit:wireTypeDef>
          </spirit:wireTypeDefs>
        </spirit:wire>
      </spirit:port>
      <spirit:port>
        <spirit:name>s00_axi_aclk</spirit:name>
        <spirit:wire>
          <spirit:direction>in</spirit:direction>
          <spirit:wireTypeDefs>
            <spirit:wireTypeDef>
              <spirit:typeName>wire</spirit:typeName>
              <spirit:viewNameRef>xilinx_verilogsynthesis</spirit:viewNameRef>
              <spirit:viewNameRef>xilinx_verilogbehavioralsimulation</spirit:viewNameRef>
            </spirit:wireTypeDef>
          </spirit:wireTypeDefs>
        </spirit:wire>
      </spirit:port>
      <spirit:port>
        <spirit:name>s00_axi_aresetn</spirit:name>
        <spirit:wire>
          <spirit:direction>in</spirit:direction>
          <spirit:wireTypeDefs>
            <spirit:wireTypeDef>
              <spirit:typeName>wire</spirit:typeName>
              <spirit:viewNameRef>xilinx_verilogsynthesis</spirit:viewNameRef>
              <spirit:viewNameRef>xilinx_verilogbehavioralsimulation</spirit:viewNameRef>
            </spirit:wireTypeDef>
          </spirit:wireTypeDefs>
        </spirit:wire>
      </spirit:port>
    </spirit:ports>
    <spirit:modelParameters>
      <spirit:modelParameter xsi:type="spirit:nameValueTypeType" spirit:dataType="integer">
        <spirit:name>C_S00_AXI_DATA_WIDTH</spirit:name>
        <spirit:displayName>C S00 AXI DATA WIDTH</spirit:displayName>
        <spirit:description>Width of S_AXI data bus</spirit:description>
        <spirit:value spirit:format="long" spirit:resolve="generated" spirit:id="MODELPARAM_VALUE.C_S00_AXI_DATA_WIDTH" spirit:order="3" spirit:rangeType="long">32</spirit:value>
      </spirit:modelParameter>
      <spirit:modelParameter spirit:dataType="integer">
        <spirit:name>C_S00_AXI_ADDR_WIDTH</spirit:name>
        <spirit:displayName>C S00 AXI ADDR WIDTH</spirit:displayName>
        <spirit:description>Width of S_AXI address bus</spirit:description>
        <spirit:value spirit:format="long" spirit:resolve="generated" spirit:id="MODELPARAM_VALUE.C_S00_AXI_ADDR_WIDTH" spirit:order="4" spirit:rangeType="long">4</spirit:value>
      </spirit:modelParameter>
    </spirit:modelParameters>
  </spirit:model>
  <spirit:choices>
    <spirit:choice>
      <spirit:name>choice_list_6fc15197</spirit:name>
      <spirit:enumeration>32</spirit:enumeration>
    </spirit:choice>
    <spirit:choice>
      <spirit:name>choice_list_9d8b0d81</spirit:name>
      <spirit:enumeration>ACTIVE_HIGH</spirit:enumeration>
      <spirit:enumeration>ACTIVE_LOW</spirit:enumeration>
    </spirit:choice>
    <spirit:choice>
      <spirit:name>choice_pairs_ce1226b1</spirit:name>
      <spirit:enumeration spirit:text="true">1</spirit:enumeration>
      <spirit:enumeration spirit:text="false">0</spirit:enumeration>
    </spirit:choice>
  </spirit:choices>
  <spirit:fileSets>
    <spirit:fileSet>
      <spirit:name>xilinx_verilogsynthesis_view_fileset</spirit:name>
      <spirit:file>
        <spirit:name>../../ipshared/317b/src/Results.v</spirit:name>
        <spirit:fileType>verilogSource</spirit:fileType>
      </spirit:file>
      <spirit:file>
        <spirit:name>../../ipshared/317b/hdl/Results_v1_0_S00_AXI.v</spirit:name>
        <spirit:fileType>verilogSource</spirit:fileType>
      </spirit:file>
      <spirit:file>
        <spirit:name>../../ipshared/317b/hdl/Results_v1_0.v</spirit:name>
        <spirit:fileType>verilogSource</spirit:fileType>
      </spirit:file>
    </spirit:fileSet>
    <spirit:fileSet>
      <spirit:name>xilinx_verilogsynthesiswrapper_view_fileset</spirit:name>
      <spirit:file>
        <spirit:name>synth/design_1_Results_0_0.v</spirit:name>
        <spirit:fileType>verilogSource</spirit:fileType>
        <spirit:logicalName>xil_defaultlib</spirit:logicalName>
      </spirit:file>
    </spirit:fileSet>
    <spirit:fileSet>
      <spirit:name>xilinx_verilogbehavioralsimulation_view_fileset</spirit:name>
      <spirit:file>
        <spirit:name>../../ipshared/317b/src/Results.v</spirit:name>
        <spirit:fileType>verilogSource</spirit:fileType>
      </spirit:file>
      <spirit:file>
        <spirit:name>../../ipshared/317b/hdl/Results_v1_0_S00_AXI.v</spirit:name>
        <spirit:fileType>verilogSource</spirit:fileType>
      </spirit:file>
      <spirit:file>
        <spirit:name>../../ipshared/317b/hdl/Results_v1_0.v</spirit:name>
        <spirit:fileType>verilogSource</spirit:fileType>
      </spirit:file>
    </spirit:fileSet>
    <spirit:fileSet>
      <spirit:name>xilinx_verilogsimulationwrapper_view_fileset</spirit:name>
      <spirit:file>
        <spirit:name>sim/design_1_Results_0_0.v</spirit:name>
        <spirit:fileType>verilogSource</spirit:fileType>
        <spirit:logicalName>xil_defaultlib</spirit:logicalName>
      </spirit:file>
    </spirit:fileSet>
    <spirit:fileSet>
      <spirit:name>xilinx_externalfiles_view_fileset</spirit:name>
      <spirit:file>
        <spirit:name>design_1_Results_0_0.dcp</spirit:name>
        <spirit:userFileType>dcp</spirit:userFileType>
        <spirit:userFileType>USED_IN_implementation</spirit:userFileType>
        <spirit:userFileType>USED_IN_synthesis</spirit:userFileType>
        <spirit:logicalName>xil_defaultlib</spirit:logicalName>
      </spirit:file>
      <spirit:file>
        <spirit:name>design_1_Results_0_0_stub.v</spirit:name>
        <spirit:fileType>verilogSource</spirit:fileType>
        <spirit:userFileType>USED_IN_synth_blackbox_stub</spirit:userFileType>
        <spirit:logicalName>xil_defaultlib</spirit:logicalName>
      </spirit:file>
      <spirit:file>
        <spirit:name>design_1_Results_0_0_stub.vhdl</spirit:name>
        <spirit:fileType>vhdlSource</spirit:fileType>
        <spirit:userFileType>USED_IN_synth_blackbox_stub</spirit:userFileType>
        <spirit:logicalName>xil_defaultlib</spirit:logicalName>
      </spirit:file>
      <spirit:file>
        <spirit:name>design_1_Results_0_0_sim_netlist.v</spirit:name>
        <spirit:fileType>verilogSource</spirit:fileType>
        <spirit:userFileType>USED_IN_simulation</spirit:userFileType>
        <spirit:userFileType>USED_IN_single_language</spirit:userFileType>
        <spirit:logicalName>xil_defaultlib</spirit:logicalName>
      </spirit:file>
      <spirit:file>
        <spirit:name>design_1_Results_0_0_sim_netlist.vhdl</spirit:name>
        <spirit:fileType>vhdlSource</spirit:fileType>
        <spirit:userFileType>USED_IN_simulation</spirit:userFileType>
        <spirit:userFileType>USED_IN_single_language</spirit:userFileType>
        <spirit:logicalName>xil_defaultlib</spirit:logicalName>
      </spirit:file>
    </spirit:fileSet>
  </spirit:fileSets>
  <spirit:description>My new AXI IP</spirit:description>
  <spirit:parameters>
    <spirit:parameter>
      <spirit:name>C_S00_AXI_DATA_WIDTH</spirit:name>
      <spirit:displayName>C S00 AXI DATA WIDTH</spirit:displayName>
      <spirit:description>Width of S_AXI data bus</spirit:description>
      <spirit:value spirit:format="long" spirit:resolve="user" spirit:id="PARAM_VALUE.C_S00_AXI_DATA_WIDTH" spirit:choiceRef="choice_list_6fc15197" spirit:order="3">32</spirit:value>
      <spirit:vendorExtensions>
        <xilinx:parameterInfo>
          <xilinx:enablement>
            <xilinx:isEnabled xilinx:id="PARAM_ENABLEMENT.C_S00_AXI_DATA_WIDTH">false</xilinx:isEnabled>
          </xilinx:enablement>
        </xilinx:parameterInfo>
      </spirit:vendorExtensions>
    </spirit:parameter>
    <spirit:parameter>
      <spirit:name>C_S00_AXI_ADDR_WIDTH</spirit:name>
      <spirit:displayName>C S00 AXI ADDR WIDTH</spirit:displayName>
      <spirit:description>Width of S_AXI address bus</spirit:description>
      <spirit:value spirit:format="long" spirit:resolve="user" spirit:id="PARAM_VALUE.C_S00_AXI_ADDR_WIDTH" spirit:order="4" spirit:rangeType="long">4</spirit:value>
      <spirit:vendorExtensions>
        <xilinx:parameterInfo>
          <xilinx:enablement>
            <xilinx:isEnabled xilinx:id="PARAM_ENABLEMENT.C_S00_AXI_ADDR_WIDTH">false</xilinx:isEnabled>
          </xilinx:enablement>
        </xilinx:parameterInfo>
      </spirit:vendorExtensions>
    </spirit:parameter>
    <spirit:parameter>
      <spirit:name>C_S00_AXI_BASEADDR</spirit:name>
      <spirit:displayName>C S00 AXI BASEADDR</spirit:displayName>
      <spirit:value spirit:format="bitString" spirit:resolve="user" spirit:id="PARAM_VALUE.C_S00_AXI_BASEADDR" spirit:order="5" spirit:bitStringLength="32">0xFFFFFFFF</spirit:value>
      <spirit:vendorExtensions>
        <xilinx:parameterInfo>
          <xilinx:enablement>
            <xilinx:isEnabled xilinx:id="PARAM_ENABLEMENT.C_S00_AXI_BASEADDR">false</xilinx:isEnabled>
          </xilinx:enablement>
        </xilinx:parameterInfo>
      </spirit:vendorExtensions>
    </spirit:parameter>
    <spirit:parameter>
      <spirit:name>C_S00_AXI_HIGHADDR</spirit:name>
      <spirit:displayName>C S00 AXI HIGHADDR</spirit:displayName>
      <spirit:value spirit:format="bitString" spirit:resolve="user" spirit:id="PARAM_VALUE.C_S00_AXI_HIGHADDR" spirit:order="6" spirit:bitStringLength="32">0x00000000</spirit:value>
      <spirit:vendorExtensions>
        <xilinx:parameterInfo>
          <xilinx:enablement>
            <xilinx:isEnabled xilinx:id="PARAM_ENABLEMENT.C_S00_AXI_HIGHADDR">false</xilinx:isEnabled>
          </xilinx:enablement>
        </xilinx:parameterInfo>
      </spirit:vendorExtensions>
    </spirit:parameter>
    <spirit:parameter>
      <spirit:name>Component_Name</spirit:name>
      <spirit:value spirit:resolve="user" spirit:id="PARAM_VALUE.Component_Name" spirit:order="1">design_1_Results_0_0</spirit:value>
    </spirit:parameter>
  </spirit:parameters>
  <spirit:vendorExtensions>
    <xilinx:coreExtensions>
      <xilinx:displayName>Results_v1.0</xilinx:displayName>
      <xilinx:coreRevision>12</xilinx:coreRevision>
      <xilinx:tags>
        <xilinx:tag xilinx:name="ui.data.coregen.dd@b160a6c_ARCHIVE_LOCATION">c:/Users/knstokke/Documents/Vivado18/ip_repo/Results_1.0</xilinx:tag>
        <xilinx:tag xilinx:name="ui.data.coregen.dd@7a6dc359_ARCHIVE_LOCATION">c:/Users/knstokke/Documents/Vivado18/ip_repo/Results_1.0</xilinx:tag>
        <xilinx:tag xilinx:name="ui.data.coregen.dd@7769cdea_ARCHIVE_LOCATION">c:/Users/knstokke/Documents/Vivado18/ip_repo/Results_1.0</xilinx:tag>
        <xilinx:tag xilinx:name="ui.data.coregen.dd@42a0b448_ARCHIVE_LOCATION">c:/Users/knstokke/Documents/Vivado18/ip_repo/Results_1.0</xilinx:tag>
        <xilinx:tag xilinx:name="ui.data.coregen.dd@78b24ba4_ARCHIVE_LOCATION">c:/Users/knstokke/Documents/Vivado18/ip_repo/Results_1.0</xilinx:tag>
        <xilinx:tag xilinx:name="ui.data.coregen.dd@375ed6b_ARCHIVE_LOCATION">c:/Users/knstokke/Documents/Vivado18/ip_repo/Results_1.0</xilinx:tag>
        <xilinx:tag xilinx:name="ui.data.coregen.dd@7cecafe5_ARCHIVE_LOCATION">c:/Users/knstokke/Documents/Vivado18/ip_repo/Results_1.0</xilinx:tag>
        <xilinx:tag xilinx:name="ui.data.coregen.dd@17593e68_ARCHIVE_LOCATION">c:/Users/knstokke/Documents/Vivado18/ip_repo/Results_1.0</xilinx:tag>
        <xilinx:tag xilinx:name="ui.data.coregen.dd@44ffdcdf_ARCHIVE_LOCATION">c:/Users/knstokke/Documents/Vivado18/ip_repo/Results_1.0</xilinx:tag>
        <xilinx:tag xilinx:name="ui.data.coregen.dd@2b5d2bcd_ARCHIVE_LOCATION">c:/Users/knstokke/Documents/Vivado18/ip_repo/Results_1.0</xilinx:tag>
        <xilinx:tag xilinx:name="ui.data.coregen.dd@59bfc29a_ARCHIVE_LOCATION">c:/Users/knstokke/Documents/Vivado18/ip_repo/Results_1.0</xilinx:tag>
        <xilinx:tag xilinx:name="ui.data.coregen.dd@4d1951e1_ARCHIVE_LOCATION">c:/Users/knstokke/Documents/Vivado18/ip_repo/Results_1.0</xilinx:tag>
        <xilinx:tag xilinx:name="ui.data.coregen.dd@2c5ba12_ARCHIVE_LOCATION">c:/Users/knstokke/Documents/Vivado18/ip_repo/Results_1.0</xilinx:tag>
        <xilinx:tag xilinx:name="ui.data.coregen.dd@fa34210_ARCHIVE_LOCATION">c:/Users/knstokke/Documents/Vivado18/ip_repo/Results_1.0</xilinx:tag>
        <xilinx:tag xilinx:name="ui.data.coregen.dd@7f5d3025_ARCHIVE_LOCATION">c:/Users/knstokke/Documents/Vivado18/ip_repo/Results_1.0</xilinx:tag>
        <xilinx:tag xilinx:name="ui.data.coregen.dd@6fad4f4d_ARCHIVE_LOCATION">c:/Users/knstokke/Documents/Vivado18/ip_repo/Results_1.0</xilinx:tag>
        <xilinx:tag xilinx:name="ui.data.coregen.dd@4c9d6350_ARCHIVE_LOCATION">c:/Users/knstokke/Documents/Vivado18/ip_repo/Results_1.0</xilinx:tag>
        <xilinx:tag xilinx:name="ui.data.coregen.dd@8d17909_ARCHIVE_LOCATION">c:/Users/knstokke/Documents/Vivado18/ip_repo/Results_1.0</xilinx:tag>
        <xilinx:tag xilinx:name="ui.data.coregen.dd@6deafce7_ARCHIVE_LOCATION">c:/Users/knstokke/Documents/Vivado18/ip_repo/Results_1.0</xilinx:tag>
        <xilinx:tag xilinx:name="ui.data.coregen.dd@34af6ef1_ARCHIVE_LOCATION">c:/Users/knstokke/Documents/Vivado18/ip_repo/Results_1.0</xilinx:tag>
        <xilinx:tag xilinx:name="ui.data.coregen.dd@7cb31863_ARCHIVE_LOCATION">c:/Users/knstokke/Documents/Vivado18/ip_repo/Results_1.0</xilinx:tag>
        <xilinx:tag xilinx:name="ui.data.coregen.dd@47ec90fd_ARCHIVE_LOCATION">c:/Users/knstokke/Documents/Vivado18/ip_repo/Results_1.0</xilinx:tag>
        <xilinx:tag xilinx:name="ui.data.coregen.dd@50d82f9c_ARCHIVE_LOCATION">c:/Users/knstokke/Documents/Vivado18/ip_repo/Results_1.0</xilinx:tag>
        <xilinx:tag xilinx:name="ui.data.coregen.dd@2dc2590f_ARCHIVE_LOCATION">c:/Users/knstokke/Documents/Vivado18/ip_repo/Results_1.0</xilinx:tag>
        <xilinx:tag xilinx:name="ui.data.coregen.dd@16624485_ARCHIVE_LOCATION">c:/Users/knstokke/Documents/Vivado18/ip_repo/Results_1.0</xilinx:tag>
        <xilinx:tag xilinx:name="ui.data.coregen.dd@584fcf7a_ARCHIVE_LOCATION">c:/Users/knstokke/Documents/Vivado18/ip_repo/Results_1.0</xilinx:tag>
        <xilinx:tag xilinx:name="ui.data.coregen.dd@12ba020b_ARCHIVE_LOCATION">c:/Users/knstokke/Documents/Vivado18/ip_repo/Results_1.0</xilinx:tag>
        <xilinx:tag xilinx:name="ui.data.coregen.dd@e77268b_ARCHIVE_LOCATION">c:/Users/knstokke/Documents/Vivado18/ip_repo/Results_1.0</xilinx:tag>
        <xilinx:tag xilinx:name="ui.data.coregen.dd@1c9f5f6d_ARCHIVE_LOCATION">c:/Users/knstokke/Documents/Vivado18/ip_repo/Results_1.0</xilinx:tag>
        <xilinx:tag xilinx:name="ui.data.coregen.dd@33b8b6d_ARCHIVE_LOCATION">c:/Users/knstokke/Documents/Vivado18/ip_repo/Results_1.0</xilinx:tag>
        <xilinx:tag xilinx:name="ui.data.coregen.dd@6d210577_ARCHIVE_LOCATION">c:/Users/knstokke/Documents/Vivado18/ip_repo/Results_1.0</xilinx:tag>
        <xilinx:tag xilinx:name="ui.data.coregen.dd@7d38de9a_ARCHIVE_LOCATION">c:/Users/knstokke/Documents/Vivado18/ip_repo/Results_1.0</xilinx:tag>
        <xilinx:tag xilinx:name="ui.data.coregen.dd@5a478ea_ARCHIVE_LOCATION">c:/Users/knstokke/Documents/Vivado18/ip_repo/Results_1.0</xilinx:tag>
        <xilinx:tag xilinx:name="ui.data.coregen.dd@66c4988f_ARCHIVE_LOCATION">c:/Users/knstokke/Documents/Vivado18/ip_repo/Results_1.0</xilinx:tag>
        <xilinx:tag xilinx:name="ui.data.coregen.dd@4d70a604_ARCHIVE_LOCATION">c:/Users/knstokke/Documents/Vivado18/ip_repo/Results_1.0</xilinx:tag>
        <xilinx:tag xilinx:name="ui.data.coregen.dd@7fb1825c_ARCHIVE_LOCATION">c:/Users/knstokke/Documents/Vivado18/ip_repo/Results_1.0</xilinx:tag>
        <xilinx:tag xilinx:name="ui.data.coregen.dd@335f6ce8_ARCHIVE_LOCATION">c:/Users/knstokke/Documents/Vivado18/ip_repo/Results_1.0</xilinx:tag>
        <xilinx:tag xilinx:name="ui.data.coregen.dd@55081af5_ARCHIVE_LOCATION">c:/Users/knstokke/Documents/Vivado18/ip_repo/Results_1.0</xilinx:tag>
        <xilinx:tag xilinx:name="ui.data.coregen.dd@48f3e18d_ARCHIVE_LOCATION">c:/Users/knstokke/Documents/Vivado18/ip_repo/Results_1.0</xilinx:tag>
        <xilinx:tag xilinx:name="ui.data.coregen.dd@73dc7d35_ARCHIVE_LOCATION">c:/Users/knstokke/Documents/Vivado18/ip_repo/Results_1.0</xilinx:tag>
        <xilinx:tag xilinx:name="ui.data.coregen.dd@a001998_ARCHIVE_LOCATION">c:/Users/knstokke/Documents/Vivado18/ip_repo/Results_1.0</xilinx:tag>
        <xilinx:tag xilinx:name="ui.data.coregen.dd@1322f005_ARCHIVE_LOCATION">c:/Users/knstokke/Documents/Vivado18/ip_repo/Results_1.0</xilinx:tag>
        <xilinx:tag xilinx:name="ui.data.coregen.dd@54427924_ARCHIVE_LOCATION">c:/Users/knstokke/Documents/Vivado18/ip_repo/Results_1.0</xilinx:tag>
        <xilinx:tag xilinx:name="ui.data.coregen.dd@1c9594fb_ARCHIVE_LOCATION">c:/Users/knstokke/Documents/Vivado18/ip_repo/Results_1.0</xilinx:tag>
        <xilinx:tag xilinx:name="ui.data.coregen.dd@79e2c9b2_ARCHIVE_LOCATION">c:/Users/knstokke/Documents/Vivado18/ip_repo/Results_1.0</xilinx:tag>
        <xilinx:tag xilinx:name="ui.data.coregen.dd@271fe25d_ARCHIVE_LOCATION">c:/Users/knstokke/Documents/Vivado18/ip_repo/Results_1.0</xilinx:tag>
        <xilinx:tag xilinx:name="ui.data.coregen.dd@1170d0b5_ARCHIVE_LOCATION">c:/Users/knstokke/Documents/Vivado18/ip_repo/Results_1.0</xilinx:tag>
        <xilinx:tag xilinx:name="ui.data.coregen.dd@7703fe76_ARCHIVE_LOCATION">c:/Users/knstokke/Documents/Vivado18/ip_repo/Results_1.0</xilinx:tag>
        <xilinx:tag xilinx:name="ui.data.coregen.dd@7a13f352_ARCHIVE_LOCATION">c:/Users/knstokke/Documents/Vivado18/ip_repo/Results_1.0</xilinx:tag>
        <xilinx:tag xilinx:name="ui.data.coregen.dd@5ce21ab4_ARCHIVE_LOCATION">c:/Users/knstokke/Documents/Vivado18/ip_repo/Results_1.0</xilinx:tag>
        <xilinx:tag xilinx:name="ui.data.coregen.dd@bfed5d8_ARCHIVE_LOCATION">c:/Users/knstokke/Documents/Vivado18/ip_repo/Results_1.0</xilinx:tag>
        <xilinx:tag xilinx:name="ui.data.coregen.dd@4bc2a89a_ARCHIVE_LOCATION">c:/Users/knstokke/Documents/Vivado18/ip_repo/Results_1.0</xilinx:tag>
        <xilinx:tag xilinx:name="ui.data.coregen.dd@24fd62f7_ARCHIVE_LOCATION">c:/Users/knstokke/Documents/Vivado18/ip_repo/Results_1.0</xilinx:tag>
        <xilinx:tag xilinx:name="ui.data.coregen.dd@3dc1c335_ARCHIVE_LOCATION">c:/Users/knstokke/Documents/Vivado18/ip_repo/Results_1.0</xilinx:tag>
        <xilinx:tag xilinx:name="ui.data.coregen.dd@54a09321_ARCHIVE_LOCATION">c:/Users/knstokke/Documents/Vivado18/ip_repo/Results_1.0</xilinx:tag>
        <xilinx:tag xilinx:name="ui.data.coregen.dd@69714712_ARCHIVE_LOCATION">c:/Users/knstokke/Documents/Vivado18/ip_repo/Results_1.0</xilinx:tag>
        <xilinx:tag xilinx:name="ui.data.coregen.dd@7edecdee_ARCHIVE_LOCATION">c:/Users/knstokke/Documents/Vivado18/ip_repo/Results_1.0</xilinx:tag>
        <xilinx:tag xilinx:name="ui.data.coregen.dd@c33620f_ARCHIVE_LOCATION">c:/Users/knstokke/Documents/Vivado18/ip_repo/Results_1.0</xilinx:tag>
        <xilinx:tag xilinx:name="ui.data.coregen.dd@7004942c_ARCHIVE_LOCATION">c:/Users/knstokke/Documents/Vivado18/ip_repo/Results_1.0</xilinx:tag>
        <xilinx:tag xilinx:name="ui.data.coregen.dd@69d7802b_ARCHIVE_LOCATION">c:/Users/knstokke/Documents/Vivado18/ip_repo/Results_1.0</xilinx:tag>
        <xilinx:tag xilinx:name="ui.data.coregen.dd@7e58c5d1_ARCHIVE_LOCATION">c:/Users/knstokke/Documents/Vivado18/ip_repo/Results_1.0</xilinx:tag>
        <xilinx:tag xilinx:name="ui.data.coregen.dd@20836919_ARCHIVE_LOCATION">c:/Users/knstokke/Documents/Vivado18/ip_repo/Results_1.0</xilinx:tag>
        <xilinx:tag xilinx:name="ui.data.coregen.dd@1f3def16_ARCHIVE_LOCATION">c:/Users/knstokke/Documents/Vivado18/ip_repo/Results_1.0</xilinx:tag>
        <xilinx:tag xilinx:name="ui.data.coregen.dd@1692d4a3_ARCHIVE_LOCATION">c:/Users/knstokke/Documents/Vivado18/ip_repo/Results_1.0</xilinx:tag>
        <xilinx:tag xilinx:name="ui.data.coregen.dd@44f5170e_ARCHIVE_LOCATION">c:/Users/knstokke/Documents/Vivado18/ip_repo/Results_1.0</xilinx:tag>
        <xilinx:tag xilinx:name="ui.data.coregen.dd@6896b1a3_ARCHIVE_LOCATION">c:/Users/knstokke/Documents/Vivado18/ip_repo/Results_1.0</xilinx:tag>
        <xilinx:tag xilinx:name="ui.data.coregen.dd@45e0404b_ARCHIVE_LOCATION">c:/Users/knstokke/Documents/Vivado18/ip_repo/Results_1.0</xilinx:tag>
        <xilinx:tag xilinx:name="ui.data.coregen.dd@576ea389_ARCHIVE_LOCATION">c:/Users/knstokke/Documents/Vivado18/ip_repo/Results_1.0</xilinx:tag>
        <xilinx:tag xilinx:name="ui.data.coregen.dd@25856dcb_ARCHIVE_LOCATION">c:/Users/knstokke/Documents/Vivado18/ip_repo/Results_1.0</xilinx:tag>
        <xilinx:tag xilinx:name="ui.data.coregen.dd@59636d51_ARCHIVE_LOCATION">c:/Users/knstokke/Documents/Vivado18/ip_repo/Results_1.0</xilinx:tag>
        <xilinx:tag xilinx:name="ui.data.coregen.dd@7fc66609_ARCHIVE_LOCATION">c:/Users/knstokke/Documents/Vivado18/ip_repo/Results_1.0</xilinx:tag>
        <xilinx:tag xilinx:name="ui.data.coregen.dd@3934c2b6_ARCHIVE_LOCATION">c:/Users/knstokke/Documents/Vivado18/ip_repo/Results_1.0</xilinx:tag>
        <xilinx:tag xilinx:name="ui.data.coregen.dd@5116d30e_ARCHIVE_LOCATION">c:/Users/knstokke/Documents/Vivado18/ip_repo/Results_1.0</xilinx:tag>
        <xilinx:tag xilinx:name="ui.data.coregen.dd@50a34852_ARCHIVE_LOCATION">c:/Users/knstokke/Documents/Vivado18/ip_repo/Results_1.0</xilinx:tag>
        <xilinx:tag xilinx:name="ui.data.coregen.dd@77134593_ARCHIVE_LOCATION">c:/Users/knstokke/Documents/Vivado18/ip_repo/Results_1.0</xilinx:tag>
        <xilinx:tag xilinx:name="ui.data.coregen.dd@a309627_ARCHIVE_LOCATION">c:/Users/knstokke/Documents/Vivado18/ip_repo/Results_1.0</xilinx:tag>
        <xilinx:tag xilinx:name="ui.data.coregen.dd@3856ad2e_ARCHIVE_LOCATION">c:/Users/knstokke/Documents/Vivado18/ip_repo/Results_1.0</xilinx:tag>
        <xilinx:tag xilinx:name="ui.data.coregen.dd@77ab19f_ARCHIVE_LOCATION">c:/Users/knstokke/Documents/Vivado18/ip_repo/Results_1.0</xilinx:tag>
        <xilinx:tag xilinx:name="ui.data.coregen.dd@5db646b6_ARCHIVE_LOCATION">c:/Users/knstokke/Documents/Vivado18/ip_repo/Results_1.0</xilinx:tag>
        <xilinx:tag xilinx:name="ui.data.coregen.dd@630dee76_ARCHIVE_LOCATION">c:/Users/knstokke/Documents/Vivado18/ip_repo/Results_1.0</xilinx:tag>
        <xilinx:tag xilinx:name="ui.data.coregen.dd@42e6eaf_ARCHIVE_LOCATION">c:/Users/knstokke/Documents/Vivado18/ip_repo/Results_1.0</xilinx:tag>
        <xilinx:tag xilinx:name="ui.data.coregen.dd@71ab84c4_ARCHIVE_LOCATION">c:/Users/knstokke/Documents/Vivado18/ip_repo/Results_1.0</xilinx:tag>
        <xilinx:tag xilinx:name="ui.data.coregen.dd@48dfe7a8_ARCHIVE_LOCATION">c:/Users/knstokke/Documents/Vivado18/ip_repo/Results_1.0</xilinx:tag>
        <xilinx:tag xilinx:name="ui.data.coregen.dd@1f663347_ARCHIVE_LOCATION">c:/Users/knstokke/Documents/Vivado18/ip_repo/Results_1.0</xilinx:tag>
        <xilinx:tag xilinx:name="ui.data.coregen.dd@146defe5_ARCHIVE_LOCATION">c:/Users/knstokke/Documents/Vivado18/ip_repo/Results_1.0</xilinx:tag>
        <xilinx:tag xilinx:name="ui.data.coregen.dd@508393e4_ARCHIVE_LOCATION">c:/Users/knstokke/Documents/Vivado18/ip_repo/Results_1.0</xilinx:tag>
        <xilinx:tag xilinx:name="ui.data.coregen.dd@72a3e8b9_ARCHIVE_LOCATION">c:/Users/knstokke/Documents/Vivado18/ip_repo/Results_1.0</xilinx:tag>
        <xilinx:tag xilinx:name="ui.data.coregen.dd@1ac991bd_ARCHIVE_LOCATION">c:/Users/knstokke/Documents/Vivado18/ip_repo/Results_1.0</xilinx:tag>
        <xilinx:tag xilinx:name="ui.data.coregen.dd@1766af0a_ARCHIVE_LOCATION">c:/Users/knstokke/Documents/Vivado18/ip_repo/Results_1.0</xilinx:tag>
        <xilinx:tag xilinx:name="ui.data.coregen.dd@1e922ef_ARCHIVE_LOCATION">c:/Users/knstokke/Documents/Vivado18/ip_repo/Results_1.0</xilinx:tag>
        <xilinx:tag xilinx:name="ui.data.coregen.dd@20dbf727_ARCHIVE_LOCATION">c:/Users/knstokke/Documents/Vivado18/ip_repo/Results_1.0</xilinx:tag>
        <xilinx:tag xilinx:name="ui.data.coregen.dd@19ac059a_ARCHIVE_LOCATION">c:/Users/knstokke/Documents/Vivado18/ip_repo/Results_1.0</xilinx:tag>
        <xilinx:tag xilinx:name="ui.data.coregen.dd@6f043dbe_ARCHIVE_LOCATION">c:/Users/knstokke/Documents/Vivado18/ip_repo/Results_1.0</xilinx:tag>
        <xilinx:tag xilinx:name="ui.data.coregen.dd@13e3354_ARCHIVE_LOCATION">c:/Users/knstokke/Documents/Vivado18/ip_repo/Results_1.0</xilinx:tag>
        <xilinx:tag xilinx:name="ui.data.coregen.dd@55bcf75f_ARCHIVE_LOCATION">c:/Users/knstokke/Documents/Vivado18/ip_repo/Results_1.0</xilinx:tag>
        <xilinx:tag xilinx:name="ui.data.coregen.dd@4cf57feb_ARCHIVE_LOCATION">c:/Users/knstokke/Documents/Vivado18/ip_repo/Results_1.0</xilinx:tag>
        <xilinx:tag xilinx:name="ui.data.coregen.dd@61e87a2a_ARCHIVE_LOCATION">c:/Users/knstokke/Documents/Vivado18/ip_repo/Results_1.0</xilinx:tag>
        <xilinx:tag xilinx:name="ui.data.coregen.dd@4cb73a0c_ARCHIVE_LOCATION">c:/Users/knstokke/Documents/Vivado18/ip_repo/Results_1.0</xilinx:tag>
        <xilinx:tag xilinx:name="ui.data.coregen.dd@2d5e2de7_ARCHIVE_LOCATION">c:/Users/knstokke/Documents/Vivado18/ip_repo/Results_1.0</xilinx:tag>
        <xilinx:tag xilinx:name="ui.data.coregen.dd@28edd654_ARCHIVE_LOCATION">c:/Users/knstokke/Documents/Vivado18/ip_repo/Results_1.0</xilinx:tag>
        <xilinx:tag xilinx:name="ui.data.coregen.dd@23f05672_ARCHIVE_LOCATION">c:/Users/knstokke/Documents/Vivado18/ip_repo/Results_1.0</xilinx:tag>
        <xilinx:tag xilinx:name="ui.data.coregen.dd@471c582f_ARCHIVE_LOCATION">c:/Users/knstokke/Documents/Vivado18/ip_repo/Results_1.0</xilinx:tag>
        <xilinx:tag xilinx:name="ui.data.coregen.dd@76c92b24_ARCHIVE_LOCATION">c:/Users/knstokke/Documents/Vivado18/ip_repo/Results_1.0</xilinx:tag>
        <xilinx:tag xilinx:name="ui.data.coregen.dd@56394fe0_ARCHIVE_LOCATION">c:/Users/knstokke/Documents/Vivado18/ip_repo/Results_1.0</xilinx:tag>
        <xilinx:tag xilinx:name="ui.data.coregen.dd@33d3c4d2_ARCHIVE_LOCATION">c:/Users/knstokke/Documents/Vivado18/ip_repo/Results_1.0</xilinx:tag>
        <xilinx:tag xilinx:name="ui.data.coregen.dd@685984f1_ARCHIVE_LOCATION">c:/Users/knstokke/Documents/Vivado18/ip_repo/Results_1.0</xilinx:tag>
        <xilinx:tag xilinx:name="ui.data.coregen.dd@3ffe89f4_ARCHIVE_LOCATION">c:/Users/knstokke/Documents/Vivado18/ip_repo/Results_1.0</xilinx:tag>
        <xilinx:tag xilinx:name="ui.data.coregen.dd@2b2f10f5_ARCHIVE_LOCATION">c:/Users/knstokke/Documents/Vivado18/ip_repo/Results_1.0</xilinx:tag>
        <xilinx:tag xilinx:name="ui.data.coregen.dd@751cb8ac_ARCHIVE_LOCATION">c:/Users/knstokke/Documents/Vivado18/ip_repo/Results_1.0</xilinx:tag>
        <xilinx:tag xilinx:name="ui.data.coregen.dd@4d265180_ARCHIVE_LOCATION">c:/Users/knstokke/Documents/Vivado18/ip_repo/Results_1.0</xilinx:tag>
        <xilinx:tag xilinx:name="ui.data.coregen.dd@2e11f944_ARCHIVE_LOCATION">c:/Users/knstokke/Documents/Vivado18/ip_repo/Results_1.0</xilinx:tag>
        <xilinx:tag xilinx:name="ui.data.coregen.dd@62431a8e_ARCHIVE_LOCATION">c:/Users/knstokke/Documents/Vivado18/ip_repo/Results_1.0</xilinx:tag>
        <xilinx:tag xilinx:name="ui.data.coregen.dd@85008df_ARCHIVE_LOCATION">c:/Users/knstokke/Documents/Vivado18/ip_repo/Results_1.0</xilinx:tag>
        <xilinx:tag xilinx:name="ui.data.coregen.dd@5ce3babc_ARCHIVE_LOCATION">c:/Users/knstokke/Documents/Vivado18/ip_repo/Results_1.0</xilinx:tag>
        <xilinx:tag xilinx:name="ui.data.coregen.dd@5edad98_ARCHIVE_LOCATION">c:/Users/knstokke/Documents/Vivado18/ip_repo/Results_1.0</xilinx:tag>
        <xilinx:tag xilinx:name="ui.data.coregen.dd@40e3be75_ARCHIVE_LOCATION">c:/Users/knstokke/Documents/Vivado18/ip_repo/Results_1.0</xilinx:tag>
        <xilinx:tag xilinx:name="ui.data.coregen.dd@92067e2_ARCHIVE_LOCATION">c:/Users/knstokke/Documents/Vivado18/ip_repo/Results_1.0</xilinx:tag>
        <xilinx:tag xilinx:name="ui.data.coregen.dd@71dcf918_ARCHIVE_LOCATION">c:/Users/knstokke/Documents/Vivado18/ip_repo/Results_1.0</xilinx:tag>
        <xilinx:tag xilinx:name="ui.data.coregen.dd@3084d2d1_ARCHIVE_LOCATION">c:/Users/knstokke/Documents/Vivado18/ip_repo/Results_1.0</xilinx:tag>
        <xilinx:tag xilinx:name="ui.data.coregen.dd@d6d06c0_ARCHIVE_LOCATION">c:/Users/knstokke/Documents/Vivado18/ip_repo/Results_1.0</xilinx:tag>
        <xilinx:tag xilinx:name="ui.data.coregen.dd@75e7f54_ARCHIVE_LOCATION">c:/Users/knstokke/Documents/Vivado18/ip_repo/Results_1.0</xilinx:tag>
        <xilinx:tag xilinx:name="ui.data.coregen.dd@3a61dd71_ARCHIVE_LOCATION">c:/Users/knstokke/Documents/Vivado18/ip_repo/Results_1.0</xilinx:tag>
        <xilinx:tag xilinx:name="ui.data.coregen.dd@77f5420a_ARCHIVE_LOCATION">c:/Users/knstokke/Documents/Vivado18/ip_repo/Results_1.0</xilinx:tag>
        <xilinx:tag xilinx:name="ui.data.coregen.dd@7409dbd3_ARCHIVE_LOCATION">c:/Users/knstokke/Documents/Vivado18/ip_repo/Results_1.0</xilinx:tag>
        <xilinx:tag xilinx:name="ui.data.coregen.dd@5e75f5bb_ARCHIVE_LOCATION">c:/Users/knstokke/Documents/Vivado18/ip_repo/Results_1.0</xilinx:tag>
        <xilinx:tag xilinx:name="ui.data.coregen.dd@724efa12_ARCHIVE_LOCATION">c:/Users/knstokke/Documents/Vivado18/ip_repo/Results_1.0</xilinx:tag>
        <xilinx:tag xilinx:name="ui.data.coregen.dd@4db55aa_ARCHIVE_LOCATION">c:/Users/knstokke/Documents/Vivado18/ip_repo/Results_1.0</xilinx:tag>
        <xilinx:tag xilinx:name="ui.data.coregen.dd@9275944_ARCHIVE_LOCATION">c:/Users/knstokke/Documents/Vivado18/ip_repo/Results_1.0</xilinx:tag>
        <xilinx:tag xilinx:name="ui.data.coregen.dd@22afc564_ARCHIVE_LOCATION">c:/Users/knstokke/Documents/Vivado18/ip_repo/Results_1.0</xilinx:tag>
        <xilinx:tag xilinx:name="ui.data.coregen.dd@753e45fd_ARCHIVE_LOCATION">c:/Users/knstokke/Documents/Vivado18/ip_repo/Results_1.0</xilinx:tag>
        <xilinx:tag xilinx:name="ui.data.coregen.dd@5ed31109_ARCHIVE_LOCATION">c:/Users/knstokke/Documents/Vivado18/ip_repo/Results_1.0</xilinx:tag>
        <xilinx:tag xilinx:name="ui.data.coregen.dd@5f296276_ARCHIVE_LOCATION">c:/Users/knstokke/Documents/Vivado18/ip_repo/Results_1.0</xilinx:tag>
        <xilinx:tag xilinx:name="ui.data.coregen.dd@cfde98c_ARCHIVE_LOCATION">c:/Users/knstokke/Documents/Vivado18/ip_repo/Results_1.0</xilinx:tag>
        <xilinx:tag xilinx:name="ui.data.coregen.dd@7c7d749c_ARCHIVE_LOCATION">c:/Users/knstokke/Documents/Vivado18/ip_repo/Results_1.0</xilinx:tag>
        <xilinx:tag xilinx:name="ui.data.coregen.dd@59f28183_ARCHIVE_LOCATION">c:/Users/knstokke/Documents/Vivado18/ip_repo/Results_1.0</xilinx:tag>
        <xilinx:tag xilinx:name="ui.data.coregen.dd@72371155_ARCHIVE_LOCATION">c:/Users/knstokke/Documents/Vivado18/ip_repo/Results_1.0</xilinx:tag>
        <xilinx:tag xilinx:name="ui.data.coregen.dd@3a0e955d_ARCHIVE_LOCATION">c:/Users/knstokke/Documents/Vivado18/ip_repo/Results_1.0</xilinx:tag>
        <xilinx:tag xilinx:name="ui.data.coregen.dd@3464da31_ARCHIVE_LOCATION">c:/Users/knstokke/Documents/Vivado18/ip_repo/Results_1.0</xilinx:tag>
        <xilinx:tag xilinx:name="ui.data.coregen.dd@2a60286_ARCHIVE_LOCATION">c:/Users/knstokke/Documents/Vivado18/ip_repo/Results_1.0</xilinx:tag>
        <xilinx:tag xilinx:name="ui.data.coregen.dd@1abf52f5_ARCHIVE_LOCATION">c:/Users/knstokke/Documents/Vivado18/ip_repo/Results_1.0</xilinx:tag>
        <xilinx:tag xilinx:name="ui.data.coregen.dd@3fb4da9a_ARCHIVE_LOCATION">c:/Users/knstokke/Documents/Vivado18/ip_repo/Results_1.0</xilinx:tag>
        <xilinx:tag xilinx:name="ui.data.coregen.dd@4d866d01_ARCHIVE_LOCATION">c:/Users/knstokke/Documents/Vivado18/ip_repo/Results_1.0</xilinx:tag>
        <xilinx:tag xilinx:name="ui.data.coregen.dd@504e9a2a_ARCHIVE_LOCATION">c:/Users/knstokke/Documents/Vivado18/ip_repo/Results_1.0</xilinx:tag>
        <xilinx:tag xilinx:name="ui.data.coregen.dd@1acfbdb8_ARCHIVE_LOCATION">c:/Users/knstokke/Documents/Vivado18/ip_repo/Results_1.0</xilinx:tag>
        <xilinx:tag xilinx:name="ui.data.coregen.dd@36a87001_ARCHIVE_LOCATION">c:/Users/knstokke/Documents/Vivado18/ip_repo/Results_1.0</xilinx:tag>
        <xilinx:tag xilinx:name="ui.data.coregen.dd@6b20fdba_ARCHIVE_LOCATION">c:/Users/knstokke/Documents/Vivado18/ip_repo/Results_1.0</xilinx:tag>
        <xilinx:tag xilinx:name="ui.data.coregen.dd@5bee5aad_ARCHIVE_LOCATION">c:/Users/knstokke/Documents/Vivado18/ip_repo/Results_1.0</xilinx:tag>
        <xilinx:tag xilinx:name="ui.data.coregen.dd@4b01901e_ARCHIVE_LOCATION">c:/Users/knstokke/Documents/Vivado18/ip_repo/Results_1.0</xilinx:tag>
        <xilinx:tag xilinx:name="ui.data.coregen.dd@763dab3f_ARCHIVE_LOCATION">c:/Users/knstokke/Documents/Vivado18/ip_repo/Results_1.0</xilinx:tag>
        <xilinx:tag xilinx:name="ui.data.coregen.dd@6b62ed0e_ARCHIVE_LOCATION">c:/Users/knstokke/Documents/Vivado18/ip_repo/Results_1.0</xilinx:tag>
        <xilinx:tag xilinx:name="ui.data.coregen.dd@6f6c4f56_ARCHIVE_LOCATION">c:/Users/knstokke/Documents/Vivado18/ip_repo/Results_1.0</xilinx:tag>
        <xilinx:tag xilinx:name="ui.data.coregen.dd@570b9d33_ARCHIVE_LOCATION">c:/Users/knstokke/Documents/Vivado18/ip_repo/Results_1.0</xilinx:tag>
        <xilinx:tag xilinx:name="ui.data.coregen.dd@2c3e8a04_ARCHIVE_LOCATION">c:/Users/knstokke/Documents/Vivado18/ip_repo/Results_1.0</xilinx:tag>
        <xilinx:tag xilinx:name="ui.data.coregen.dd@694e3570_ARCHIVE_LOCATION">c:/Users/knstokke/Documents/Vivado18/ip_repo/Results_1.0</xilinx:tag>
        <xilinx:tag xilinx:name="ui.data.coregen.dd@5cf3fcd_ARCHIVE_LOCATION">c:/Users/knstokke/Documents/Vivado18/ip_repo/Results_1.0</xilinx:tag>
        <xilinx:tag xilinx:name="ui.data.coregen.dd@38e9405a_ARCHIVE_LOCATION">c:/Users/knstokke/Documents/Vivado18/ip_repo/Results_1.0</xilinx:tag>
        <xilinx:tag xilinx:name="ui.data.coregen.dd@2002912d_ARCHIVE_LOCATION">c:/Users/knstokke/Documents/Vivado18/ip_repo/Results_1.0</xilinx:tag>
        <xilinx:tag xilinx:name="ui.data.coregen.dd@38e025e7_ARCHIVE_LOCATION">c:/Users/knstokke/Documents/Vivado18/ip_repo/Results_1.0</xilinx:tag>
        <xilinx:tag xilinx:name="ui.data.coregen.dd@1ec62049_ARCHIVE_LOCATION">c:/Users/knstokke/Documents/Vivado18/ip_repo/Results_1.0</xilinx:tag>
        <xilinx:tag xilinx:name="ui.data.coregen.dd@6ae31c51_ARCHIVE_LOCATION">c:/Users/knstokke/Documents/Vivado18/ip_repo/Results_1.0</xilinx:tag>
        <xilinx:tag xilinx:name="ui.data.coregen.dd@55a18da3_ARCHIVE_LOCATION">c:/Users/knstokke/Documents/Vivado18/ip_repo/Results_1.0</xilinx:tag>
        <xilinx:tag xilinx:name="ui.data.coregen.dd@7146d746_ARCHIVE_LOCATION">c:/Users/knstokke/Documents/Vivado18/ip_repo/Results_1.0</xilinx:tag>
        <xilinx:tag xilinx:name="ui.data.coregen.dd@31dde62d_ARCHIVE_LOCATION">c:/Users/knstokke/Documents/Vivado18/ip_repo/Results_1.0</xilinx:tag>
        <xilinx:tag xilinx:name="ui.data.coregen.dd@3ca05dbd_ARCHIVE_LOCATION">c:/Users/knstokke/Documents/Vivado18/ip_repo/Results_1.0</xilinx:tag>
        <xilinx:tag xilinx:name="ui.data.coregen.dd@1c3620ab_ARCHIVE_LOCATION">c:/Users/knstokke/Documents/Vivado18/ip_repo/Results_1.0</xilinx:tag>
        <xilinx:tag xilinx:name="ui.data.coregen.dd@39eabcc3_ARCHIVE_LOCATION">c:/Users/knstokke/Documents/Vivado18/ip_repo/Results_1.0</xilinx:tag>
        <xilinx:tag xilinx:name="ui.data.coregen.dd@694c1bcf_ARCHIVE_LOCATION">c:/Users/knstokke/Documents/Vivado18/ip_repo/Results_1.0</xilinx:tag>
        <xilinx:tag xilinx:name="ui.data.coregen.dd@76589918_ARCHIVE_LOCATION">c:/Users/knstokke/Documents/Vivado18/ip_repo/Results_1.0</xilinx:tag>
        <xilinx:tag xilinx:name="ui.data.coregen.dd@7336dc44_ARCHIVE_LOCATION">c:/Users/knstokke/Documents/Vivado18/ip_repo/Results_1.0</xilinx:tag>
        <xilinx:tag xilinx:name="ui.data.coregen.dd@412e0b32_ARCHIVE_LOCATION">c:/Users/knstokke/Documents/Vivado18/ip_repo/Results_1.0</xilinx:tag>
        <xilinx:tag xilinx:name="ui.data.coregen.dd@3a61d37f_ARCHIVE_LOCATION">c:/Users/knstokke/Documents/Vivado18/ip_repo/Results_1.0</xilinx:tag>
        <xilinx:tag xilinx:name="ui.data.coregen.dd@57c52e92_ARCHIVE_LOCATION">c:/Users/knstokke/Documents/Vivado18/ip_repo/Results_1.0</xilinx:tag>
        <xilinx:tag xilinx:name="ui.data.coregen.dd@117a9542_ARCHIVE_LOCATION">c:/Users/knstokke/Documents/Vivado18/ip_repo/Results_1.0</xilinx:tag>
        <xilinx:tag xilinx:name="ui.data.coregen.dd@6cd1dc2_ARCHIVE_LOCATION">c:/Users/knstokke/Documents/Vivado18/ip_repo/Results_1.0</xilinx:tag>
        <xilinx:tag xilinx:name="ui.data.coregen.dd@ec12025_ARCHIVE_LOCATION">c:/Users/knstokke/Documents/Vivado18/ip_repo/Results_1.0</xilinx:tag>
        <xilinx:tag xilinx:name="ui.data.coregen.dd@7ab51d69_ARCHIVE_LOCATION">c:/Users/knstokke/Documents/Vivado18/ip_repo/Results_1.0</xilinx:tag>
        <xilinx:tag xilinx:name="ui.data.coregen.dd@5074586f_ARCHIVE_LOCATION">c:/Users/knstokke/Documents/Vivado18/ip_repo/Results_1.0</xilinx:tag>
        <xilinx:tag xilinx:name="ui.data.coregen.dd@78a2f635_ARCHIVE_LOCATION">c:/Users/knstokke/Documents/Vivado18/ip_repo/Results_1.0</xilinx:tag>
        <xilinx:tag xilinx:name="ui.data.coregen.dd@677499c2_ARCHIVE_LOCATION">c:/Users/knstokke/Documents/Vivado18/ip_repo/Results_1.0</xilinx:tag>
        <xilinx:tag xilinx:name="ui.data.coregen.dd@1398ce96_ARCHIVE_LOCATION">c:/Users/knstokke/Documents/Vivado18/ip_repo/Results_1.0</xilinx:tag>
        <xilinx:tag xilinx:name="ui.data.coregen.dd@26f4eb75_ARCHIVE_LOCATION">c:/Users/knstokke/Documents/Vivado18/ip_repo/Results_1.0</xilinx:tag>
        <xilinx:tag xilinx:name="ui.data.coregen.dd@3c117d0_ARCHIVE_LOCATION">c:/Users/knstokke/Documents/Vivado18/ip_repo/Results_1.0</xilinx:tag>
        <xilinx:tag xilinx:name="ui.data.coregen.dd@49a79c54_ARCHIVE_LOCATION">c:/Users/knstokke/Documents/Vivado18/ip_repo/Results_1.0</xilinx:tag>
        <xilinx:tag xilinx:name="ui.data.coregen.dd@6be80340_ARCHIVE_LOCATION">c:/Users/knstokke/Documents/Vivado18/ip_repo/Results_1.0</xilinx:tag>
        <xilinx:tag xilinx:name="ui.data.coregen.dd@60aef564_ARCHIVE_LOCATION">c:/Users/knstokke/Documents/Vivado18/ip_repo/Results_1.0</xilinx:tag>
        <xilinx:tag xilinx:name="ui.data.coregen.dd@716a67df_ARCHIVE_LOCATION">c:/Users/knstokke/Documents/Vivado18/ip_repo/Results_1.0</xilinx:tag>
        <xilinx:tag xilinx:name="ui.data.coregen.dd@90bca2f_ARCHIVE_LOCATION">c:/Users/knstokke/Documents/Vivado18/ip_repo/Results_1.0</xilinx:tag>
        <xilinx:tag xilinx:name="ui.data.coregen.dd@133b0aca_ARCHIVE_LOCATION">c:/Users/knstokke/Documents/Vivado18/ip_repo/Results_1.0</xilinx:tag>
        <xilinx:tag xilinx:name="ui.data.coregen.dd@31e81a4_ARCHIVE_LOCATION">c:/Users/knstokke/Documents/Vivado18/ip_repo/Results_1.0</xilinx:tag>
        <xilinx:tag xilinx:name="ui.data.coregen.dd@1ef7daf4_ARCHIVE_LOCATION">c:/Users/knstokke/Documents/Vivado18/ip_repo/Results_1.0</xilinx:tag>
        <xilinx:tag xilinx:name="ui.data.coregen.dd@20f1ff4a_ARCHIVE_LOCATION">c:/Users/knstokke/Documents/Vivado18/ip_repo/Results_1.0</xilinx:tag>
        <xilinx:tag xilinx:name="ui.data.coregen.dd@6be7e4e5_ARCHIVE_LOCATION">c:/Users/knstokke/Documents/Vivado18/ip_repo/Results_1.0</xilinx:tag>
        <xilinx:tag xilinx:name="ui.data.coregen.dd@64b60a11_ARCHIVE_LOCATION">c:/Users/knstokke/Documents/Vivado18/ip_repo/Results_1.0</xilinx:tag>
        <xilinx:tag xilinx:name="ui.data.coregen.dd@2f2e8f78_ARCHIVE_LOCATION">c:/Users/knstokke/Documents/Vivado18/ip_repo/Results_1.0</xilinx:tag>
        <xilinx:tag xilinx:name="ui.data.coregen.dd@26ee0e82_ARCHIVE_LOCATION">c:/Users/knstokke/Documents/Vivado18/ip_repo/Results_1.0</xilinx:tag>
        <xilinx:tag xilinx:name="ui.data.coregen.dd@b0429c5_ARCHIVE_LOCATION">c:/Users/knstokke/Documents/Vivado18/ip_repo/Results_1.0</xilinx:tag>
        <xilinx:tag xilinx:name="ui.data.coregen.dd@27958a5a_ARCHIVE_LOCATION">c:/Users/knstokke/Documents/Vivado18/ip_repo/Results_1.0</xilinx:tag>
        <xilinx:tag xilinx:name="ui.data.coregen.dd@4e173168_ARCHIVE_LOCATION">c:/Users/knstokke/Documents/Vivado18/ip_repo/Results_1.0</xilinx:tag>
        <xilinx:tag xilinx:name="ui.data.coregen.dd@553ba494_ARCHIVE_LOCATION">c:/Users/knstokke/Documents/Vivado18/ip_repo/Results_1.0</xilinx:tag>
        <xilinx:tag xilinx:name="ui.data.coregen.dd@258c52f6_ARCHIVE_LOCATION">c:/Users/knstokke/Documents/Vivado18/ip_repo/Results_1.0</xilinx:tag>
        <xilinx:tag xilinx:name="ui.data.coregen.dd@12e5e50c_ARCHIVE_LOCATION">c:/Users/knstokke/Documents/Vivado18/ip_repo/Results_1.0</xilinx:tag>
        <xilinx:tag xilinx:name="ui.data.coregen.dd@5aea417b_ARCHIVE_LOCATION">c:/Users/knstokke/Documents/Vivado18/ip_repo/Results_1.0</xilinx:tag>
        <xilinx:tag xilinx:name="ui.data.coregen.dd@7046a0fc_ARCHIVE_LOCATION">c:/Users/knstokke/Documents/Vivado18/ip_repo/Results_1.0</xilinx:tag>
        <xilinx:tag xilinx:name="ui.data.coregen.dd@5e6d101f_ARCHIVE_LOCATION">c:/Users/knstokke/Documents/Vivado18/ip_repo/Results_1.0</xilinx:tag>
        <xilinx:tag xilinx:name="ui.data.coregen.dd@3c326a0b_ARCHIVE_LOCATION">c:/Users/knstokke/Documents/Vivado18/ip_repo/Results_1.0</xilinx:tag>
        <xilinx:tag xilinx:name="ui.data.coregen.dd@37d98aab_ARCHIVE_LOCATION">c:/Users/knstokke/Documents/Vivado18/ip_repo/Results_1.0</xilinx:tag>
        <xilinx:tag xilinx:name="ui.data.coregen.dd@3c66a64c_ARCHIVE_LOCATION">c:/Users/knstokke/Documents/Vivado18/ip_repo/Results_1.0</xilinx:tag>
        <xilinx:tag xilinx:name="ui.data.coregen.dd@57e88d8d_ARCHIVE_LOCATION">c:/Users/knstokke/Documents/Vivado18/ip_repo/Results_1.0</xilinx:tag>
        <xilinx:tag xilinx:name="ui.data.coregen.dd@5d873e12_ARCHIVE_LOCATION">c:/Users/knstokke/Documents/Vivado18/ip_repo/Results_1.0</xilinx:tag>
        <xilinx:tag xilinx:name="ui.data.coregen.dd@7c039a94_ARCHIVE_LOCATION">c:/Users/knstokke/Documents/Vivado18/ip_repo/Results_1.0</xilinx:tag>
        <xilinx:tag xilinx:name="ui.data.coregen.dd@2a1f9288_ARCHIVE_LOCATION">c:/Users/knstokke/Documents/Vivado18/ip_repo/Results_1.0</xilinx:tag>
        <xilinx:tag xilinx:name="ui.data.coregen.dd@3d9d8891_ARCHIVE_LOCATION">c:/Users/knstokke/Documents/Vivado18/ip_repo/Results_1.0</xilinx:tag>
        <xilinx:tag xilinx:name="ui.data.coregen.dd@5c5a9292_ARCHIVE_LOCATION">c:/Users/knstokke/Documents/Vivado18/ip_repo/Results_1.0</xilinx:tag>
        <xilinx:tag xilinx:name="ui.data.coregen.dd@4f88ebda_ARCHIVE_LOCATION">c:/Users/knstokke/Documents/Vivado18/ip_repo/Results_1.0</xilinx:tag>
        <xilinx:tag xilinx:name="ui.data.coregen.dd@71719e39_ARCHIVE_LOCATION">c:/Users/knstokke/Documents/Vivado18/ip_repo/Results_1.0</xilinx:tag>
        <xilinx:tag xilinx:name="ui.data.coregen.dd@4519c8d3_ARCHIVE_LOCATION">c:/Users/knstokke/Documents/Vivado18/ip_repo/Results_1.0</xilinx:tag>
        <xilinx:tag xilinx:name="ui.data.coregen.dd@76673de1_ARCHIVE_LOCATION">c:/Users/knstokke/Documents/Vivado18/ip_repo/Results_1.0</xilinx:tag>
      </xilinx:tags>
      <xilinx:configElementInfos>
        <xilinx:configElementInfo xilinx:referenceId="BUSIFPARAM_VALUE.S00_AXI.ADDR_WIDTH" xilinx:valueSource="auto" xilinx:valuePermission="bd"/>
        <xilinx:configElementInfo xilinx:referenceId="BUSIFPARAM_VALUE.S00_AXI.ARUSER_WIDTH" xilinx:valueSource="constant" xilinx:valuePermission="bd"/>
        <xilinx:configElementInfo xilinx:referenceId="BUSIFPARAM_VALUE.S00_AXI.AWUSER_WIDTH" xilinx:valueSource="constant" xilinx:valuePermission="bd"/>
        <xilinx:configElementInfo xilinx:referenceId="BUSIFPARAM_VALUE.S00_AXI.BUSER_WIDTH" xilinx:valueSource="constant" xilinx:valuePermission="bd"/>
        <xilinx:configElementInfo xilinx:referenceId="BUSIFPARAM_VALUE.S00_AXI.CLK_DOMAIN" xilinx:valueSource="default_prop" xilinx:valuePermission="bd"/>
        <xilinx:configElementInfo xilinx:referenceId="BUSIFPARAM_VALUE.S00_AXI.DATA_WIDTH" xilinx:valueSource="auto" xilinx:valuePermission="bd"/>
        <xilinx:configElementInfo xilinx:referenceId="BUSIFPARAM_VALUE.S00_AXI.FREQ_HZ" xilinx:valueSource="user_prop" xilinx:valuePermission="bd"/>
        <xilinx:configElementInfo xilinx:referenceId="BUSIFPARAM_VALUE.S00_AXI.HAS_BRESP" xilinx:valueSource="constant" xilinx:valuePermission="bd"/>
        <xilinx:configElementInfo xilinx:referenceId="BUSIFPARAM_VALUE.S00_AXI.HAS_BURST" xilinx:valueSource="constant" xilinx:valuePermission="bd"/>
        <xilinx:configElementInfo xilinx:referenceId="BUSIFPARAM_VALUE.S00_AXI.HAS_CACHE" xilinx:valueSource="constant" xilinx:valuePermission="bd"/>
        <xilinx:configElementInfo xilinx:referenceId="BUSIFPARAM_VALUE.S00_AXI.HAS_LOCK" xilinx:valueSource="constant" xilinx:valuePermission="bd"/>
        <xilinx:configElementInfo xilinx:referenceId="BUSIFPARAM_VALUE.S00_AXI.HAS_PROT" xilinx:valueSource="constant" xilinx:valuePermission="bd"/>
        <xilinx:configElementInfo xilinx:referenceId="BUSIFPARAM_VALUE.S00_AXI.HAS_QOS" xilinx:valueSource="constant" xilinx:valuePermission="bd"/>
        <xilinx:configElementInfo xilinx:referenceId="BUSIFPARAM_VALUE.S00_AXI.HAS_REGION" xilinx:valueSource="constant" xilinx:valuePermission="bd"/>
        <xilinx:configElementInfo xilinx:referenceId="BUSIFPARAM_VALUE.S00_AXI.HAS_RRESP" xilinx:valueSource="constant" xilinx:valuePermission="bd"/>
        <xilinx:configElementInfo xilinx:referenceId="BUSIFPARAM_VALUE.S00_AXI.HAS_WSTRB" xilinx:valueSource="constant" xilinx:valuePermission="bd"/>
        <xilinx:configElementInfo xilinx:referenceId="BUSIFPARAM_VALUE.S00_AXI.ID_WIDTH" xilinx:valueSource="constant" xilinx:valuePermission="bd"/>
        <xilinx:configElementInfo xilinx:referenceId="BUSIFPARAM_VALUE.S00_AXI.MAX_BURST_LENGTH" xilinx:valueSource="ip_propagated" xilinx:valuePermission="bd"/>
        <xilinx:configElementInfo xilinx:referenceId="BUSIFPARAM_VALUE.S00_AXI.NUM_READ_OUTSTANDING" xilinx:valueSource="default_prop" xilinx:valuePermission="bd"/>
        <xilinx:configElementInfo xilinx:referenceId="BUSIFPARAM_VALUE.S00_AXI.NUM_WRITE_OUTSTANDING" xilinx:valueSource="default_prop" xilinx:valuePermission="bd"/>
        <xilinx:configElementInfo xilinx:referenceId="BUSIFPARAM_VALUE.S00_AXI.PROTOCOL" xilinx:valueSource="constant" xilinx:valuePermission="bd"/>
        <xilinx:configElementInfo xilinx:referenceId="BUSIFPARAM_VALUE.S00_AXI.READ_WRITE_MODE" xilinx:valueSource="constant" xilinx:valuePermission="bd"/>
        <xilinx:configElementInfo xilinx:referenceId="BUSIFPARAM_VALUE.S00_AXI.RUSER_WIDTH" xilinx:valueSource="constant" xilinx:valuePermission="bd"/>
        <xilinx:configElementInfo xilinx:referenceId="BUSIFPARAM_VALUE.S00_AXI.WUSER_WIDTH" xilinx:valueSource="constant" xilinx:valuePermission="bd"/>
        <xilinx:configElementInfo xilinx:referenceId="BUSIFPARAM_VALUE.S00_AXI_CLK.CLK_DOMAIN" xilinx:valueSource="default_prop" xilinx:valuePermission="bd"/>
        <xilinx:configElementInfo xilinx:referenceId="BUSIFPARAM_VALUE.S00_AXI_CLK.FREQ_HZ" xilinx:valueSource="user_prop" xilinx:valuePermission="bd"/>
      </xilinx:configElementInfos>
    </xilinx:coreExtensions>
    <xilinx:packagingInfo>
      <xilinx:xilinxVersion>2018.3.1</xilinx:xilinxVersion>
      <xilinx:checksum xilinx:scope="busInterfaces" xilinx:value="7a63f3fc"/>
      <xilinx:checksum xilinx:scope="memoryMaps" xilinx:value="ed1368d5"/>
      <xilinx:checksum xilinx:scope="fileGroups" xilinx:value="800850ff"/>
      <xilinx:checksum xilinx:scope="ports" xilinx:value="76791ed8"/>
      <xilinx:checksum xilinx:scope="hdlParameters" xilinx:value="6992ea72"/>
      <xilinx:checksum xilinx:scope="parameters" xilinx:value="4320c04b"/>
    </xilinx:packagingInfo>
  </spirit:vendorExtensions>
</spirit:component>
