<?xml version="1.0" encoding="UTF-8"?>
<spirit:component xmlns:xilinx="http://www.xilinx.com" xmlns:spirit="http://www.spiritconsortium.org/XMLSchema/SPIRIT/1685-2009" xmlns:xsi="http://www.w3.org/2001/XMLSchema-instance">
  <spirit:vendor>xilinx.com</spirit:vendor>
  <spirit:library>user</spirit:library>
  <spirit:name>Gamma</spirit:name>
  <spirit:version>1.0</spirit:version>
  <spirit:busInterfaces>
    <spirit:busInterface>
      <spirit:name>S00_AXI</spirit:name>
      <spirit:busType spirit:vendor="xilinx.com" spirit:library="interface" spirit:name="aximm" spirit:version="1.0"/>
      <spirit:abstractionType spirit:vendor="xilinx.com" spirit:library="interface" spirit:name="aximm_rtl" spirit:version="1.0"/>
      <spirit:slave>
        <spirit:memoryMapRef spirit:memoryMapRef="S00_AXI"/>
      </spirit:slave>
      <spirit:portMaps>
        <spirit:portMap>
          <spirit:logicalPort>
            <spirit:name>AWADDR</spirit:name>
          </spirit:logicalPort>
          <spirit:physicalPort>
            <spirit:name>s00_axi_awaddr</spirit:name>
          </spirit:physicalPort>
        </spirit:portMap>
        <spirit:portMap>
          <spirit:logicalPort>
            <spirit:name>AWPROT</spirit:name>
          </spirit:logicalPort>
          <spirit:physicalPort>
            <spirit:name>s00_axi_awprot</spirit:name>
          </spirit:physicalPort>
        </spirit:portMap>
        <spirit:portMap>
          <spirit:logicalPort>
            <spirit:name>AWVALID</spirit:name>
          </spirit:logicalPort>
          <spirit:physicalPort>
            <spirit:name>s00_axi_awvalid</spirit:name>
          </spirit:physicalPort>
        </spirit:portMap>
        <spirit:portMap>
          <spirit:logicalPort>
            <spirit:name>AWREADY</spirit:name>
          </spirit:logicalPort>
          <spirit:physicalPort>
            <spirit:name>s00_axi_awready</spirit:name>
          </spirit:physicalPort>
        </spirit:portMap>
        <spirit:portMap>
          <spirit:logicalPort>
            <spirit:name>WDATA</spirit:name>
          </spirit:logicalPort>
          <spirit:physicalPort>
            <spirit:name>s00_axi_wdata</spirit:name>
          </spirit:physicalPort>
        </spirit:portMap>
        <spirit:portMap>
          <spirit:logicalPort>
            <spirit:name>WSTRB</spirit:name>
          </spirit:logicalPort>
          <spirit:physicalPort>
            <spirit:name>s00_axi_wstrb</spirit:name>
          </spirit:physicalPort>
        </spirit:portMap>
        <spirit:portMap>
          <spirit:logicalPort>
            <spirit:name>WVALID</spirit:name>
          </spirit:logicalPort>
          <spirit:physicalPort>
            <spirit:name>s00_axi_wvalid</spirit:name>
          </spirit:physicalPort>
        </spirit:portMap>
        <spirit:portMap>
          <spirit:logicalPort>
            <spirit:name>WREADY</spirit:name>
          </spirit:logicalPort>
          <spirit:physicalPort>
            <spirit:name>s00_axi_wready</spirit:name>
          </spirit:physicalPort>
        </spirit:portMap>
        <spirit:portMap>
          <spirit:logicalPort>
            <spirit:name>BRESP</spirit:name>
          </spirit:logicalPort>
          <spirit:physicalPort>
            <spirit:name>s00_axi_bresp</spirit:name>
          </spirit:physicalPort>
        </spirit:portMap>
        <spirit:portMap>
          <spirit:logicalPort>
            <spirit:name>BVALID</spirit:name>
          </spirit:logicalPort>
          <spirit:physicalPort>
            <spirit:name>s00_axi_bvalid</spirit:name>
          </spirit:physicalPort>
        </spirit:portMap>
        <spirit:portMap>
          <spirit:logicalPort>
            <spirit:name>BREADY</spirit:name>
          </spirit:logicalPort>
          <spirit:physicalPort>
            <spirit:name>s00_axi_bready</spirit:name>
          </spirit:physicalPort>
        </spirit:portMap>
        <spirit:portMap>
          <spirit:logicalPort>
            <spirit:name>ARADDR</spirit:name>
          </spirit:logicalPort>
          <spirit:physicalPort>
            <spirit:name>s00_axi_araddr</spirit:name>
          </spirit:physicalPort>
        </spirit:portMap>
        <spirit:portMap>
          <spirit:logicalPort>
            <spirit:name>ARPROT</spirit:name>
          </spirit:logicalPort>
          <spirit:physicalPort>
            <spirit:name>s00_axi_arprot</spirit:name>
          </spirit:physicalPort>
        </spirit:portMap>
        <spirit:portMap>
          <spirit:logicalPort>
            <spirit:name>ARVALID</spirit:name>
          </spirit:logicalPort>
          <spirit:physicalPort>
            <spirit:name>s00_axi_arvalid</spirit:name>
          </spirit:physicalPort>
        </spirit:portMap>
        <spirit:portMap>
          <spirit:logicalPort>
            <spirit:name>ARREADY</spirit:name>
          </spirit:logicalPort>
          <spirit:physicalPort>
            <spirit:name>s00_axi_arready</spirit:name>
          </spirit:physicalPort>
        </spirit:portMap>
        <spirit:portMap>
          <spirit:logicalPort>
            <spirit:name>RDATA</spirit:name>
          </spirit:logicalPort>
          <spirit:physicalPort>
            <spirit:name>s00_axi_rdata</spirit:name>
          </spirit:physicalPort>
        </spirit:portMap>
        <spirit:portMap>
          <spirit:logicalPort>
            <spirit:name>RRESP</spirit:name>
          </spirit:logicalPort>
          <spirit:physicalPort>
            <spirit:name>s00_axi_rresp</spirit:name>
          </spirit:physicalPort>
        </spirit:portMap>
        <spirit:portMap>
          <spirit:logicalPort>
            <spirit:name>RVALID</spirit:name>
          </spirit:logicalPort>
          <spirit:physicalPort>
            <spirit:name>s00_axi_rvalid</spirit:name>
          </spirit:physicalPort>
        </spirit:portMap>
        <spirit:portMap>
          <spirit:logicalPort>
            <spirit:name>RREADY</spirit:name>
          </spirit:logicalPort>
          <spirit:physicalPort>
            <spirit:name>s00_axi_rready</spirit:name>
          </spirit:physicalPort>
        </spirit:portMap>
      </spirit:portMaps>
      <spirit:parameters>
        <spirit:parameter>
          <spirit:name>WIZ_DATA_WIDTH</spirit:name>
          <spirit:value spirit:format="long" spirit:id="BUSIFPARAM_VALUE.S00_AXI.WIZ_DATA_WIDTH" spirit:choiceRef="choice_list_6fc15197">32</spirit:value>
        </spirit:parameter>
        <spirit:parameter>
          <spirit:name>WIZ_NUM_REG</spirit:name>
          <spirit:value spirit:format="long" spirit:id="BUSIFPARAM_VALUE.S00_AXI.WIZ_NUM_REG" spirit:minimum="4" spirit:maximum="512" spirit:rangeType="long">4</spirit:value>
        </spirit:parameter>
        <spirit:parameter>
          <spirit:name>SUPPORTS_NARROW_BURST</spirit:name>
          <spirit:value spirit:format="long" spirit:id="BUSIFPARAM_VALUE.S00_AXI.SUPPORTS_NARROW_BURST" spirit:choiceRef="choice_pairs_ce1226b1">0</spirit:value>
        </spirit:parameter>
      </spirit:parameters>
    </spirit:busInterface>
    <spirit:busInterface>
      <spirit:name>S00_AXI_RST</spirit:name>
      <spirit:busType spirit:vendor="xilinx.com" spirit:library="signal" spirit:name="reset" spirit:version="1.0"/>
      <spirit:abstractionType spirit:vendor="xilinx.com" spirit:library="signal" spirit:name="reset_rtl" spirit:version="1.0"/>
      <spirit:slave/>
      <spirit:portMaps>
        <spirit:portMap>
          <spirit:logicalPort>
            <spirit:name>RST</spirit:name>
          </spirit:logicalPort>
          <spirit:physicalPort>
            <spirit:name>s00_axi_aresetn</spirit:name>
          </spirit:physicalPort>
        </spirit:portMap>
      </spirit:portMaps>
      <spirit:parameters>
        <spirit:parameter>
          <spirit:name>POLARITY</spirit:name>
          <spirit:value spirit:id="BUSIFPARAM_VALUE.S00_AXI_RST.POLARITY" spirit:choiceRef="choice_list_9d8b0d81">ACTIVE_LOW</spirit:value>
        </spirit:parameter>
      </spirit:parameters>
    </spirit:busInterface>
    <spirit:busInterface>
      <spirit:name>S00_AXI_CLK</spirit:name>
      <spirit:busType spirit:vendor="xilinx.com" spirit:library="signal" spirit:name="clock" spirit:version="1.0"/>
      <spirit:abstractionType spirit:vendor="xilinx.com" spirit:library="signal" spirit:name="clock_rtl" spirit:version="1.0"/>
      <spirit:slave/>
      <spirit:portMaps>
        <spirit:portMap>
          <spirit:logicalPort>
            <spirit:name>CLK</spirit:name>
          </spirit:logicalPort>
          <spirit:physicalPort>
            <spirit:name>s00_axi_aclk</spirit:name>
          </spirit:physicalPort>
        </spirit:portMap>
      </spirit:portMaps>
      <spirit:parameters>
        <spirit:parameter>
          <spirit:name>ASSOCIATED_BUSIF</spirit:name>
          <spirit:value spirit:id="BUSIFPARAM_VALUE.S00_AXI_CLK.ASSOCIATED_BUSIF">S00_AXI</spirit:value>
        </spirit:parameter>
        <spirit:parameter>
          <spirit:name>ASSOCIATED_RESET</spirit:name>
          <spirit:value spirit:id="BUSIFPARAM_VALUE.S00_AXI_CLK.ASSOCIATED_RESET">s00_axi_aresetn</spirit:value>
        </spirit:parameter>
      </spirit:parameters>
    </spirit:busInterface>
  </spirit:busInterfaces>
  <spirit:memoryMaps>
    <spirit:memoryMap>
      <spirit:name>S00_AXI</spirit:name>
      <spirit:addressBlock>
        <spirit:name>S00_AXI_reg</spirit:name>
        <spirit:baseAddress spirit:format="long" spirit:resolve="user">0</spirit:baseAddress>
        <spirit:range spirit:format="long">4096</spirit:range>
        <spirit:width spirit:format="long">32</spirit:width>
        <spirit:usage>register</spirit:usage>
        <spirit:parameters>
          <spirit:parameter>
            <spirit:name>OFFSET_BASE_PARAM</spirit:name>
            <spirit:value spirit:id="ADDRBLOCKPARAM_VALUE.S00_AXI.S00_AXI_REG.OFFSET_BASE_PARAM">C_S00_AXI_BASEADDR</spirit:value>
          </spirit:parameter>
          <spirit:parameter>
            <spirit:name>OFFSET_HIGH_PARAM</spirit:name>
            <spirit:value spirit:id="ADDRBLOCKPARAM_VALUE.S00_AXI.S00_AXI_REG.OFFSET_HIGH_PARAM">C_S00_AXI_HIGHADDR</spirit:value>
          </spirit:parameter>
        </spirit:parameters>
      </spirit:addressBlock>
    </spirit:memoryMap>
  </spirit:memoryMaps>
  <spirit:model>
    <spirit:views>
      <spirit:view>
        <spirit:name>xilinx_verilogsynthesis</spirit:name>
        <spirit:displayName>Verilog Synthesis</spirit:displayName>
        <spirit:envIdentifier>verilogSource:vivado.xilinx.com:synthesis</spirit:envIdentifier>
        <spirit:language>verilog</spirit:language>
        <spirit:modelName>Gamma_v1_0</spirit:modelName>
        <spirit:fileSetRef>
          <spirit:localName>xilinx_verilogsynthesis_view_fileset</spirit:localName>
        </spirit:fileSetRef>
        <spirit:parameters>
          <spirit:parameter>
            <spirit:name>viewChecksum</spirit:name>
            <spirit:value>b400f749</spirit:value>
          </spirit:parameter>
        </spirit:parameters>
      </spirit:view>
      <spirit:view>
        <spirit:name>xilinx_verilogbehavioralsimulation</spirit:name>
        <spirit:displayName>Verilog Simulation</spirit:displayName>
        <spirit:envIdentifier>verilogSource:vivado.xilinx.com:simulation</spirit:envIdentifier>
        <spirit:language>verilog</spirit:language>
        <spirit:modelName>Gamma_v1_0</spirit:modelName>
        <spirit:fileSetRef>
          <spirit:localName>xilinx_verilogbehavioralsimulation_view_fileset</spirit:localName>
        </spirit:fileSetRef>
        <spirit:parameters>
          <spirit:parameter>
            <spirit:name>viewChecksum</spirit:name>
            <spirit:value>b400f749</spirit:value>
          </spirit:parameter>
        </spirit:parameters>
      </spirit:view>
      <spirit:view>
        <spirit:name>xilinx_softwaredriver</spirit:name>
        <spirit:displayName>Software Driver</spirit:displayName>
        <spirit:envIdentifier>:vivado.xilinx.com:sw.driver</spirit:envIdentifier>
        <spirit:fileSetRef>
          <spirit:localName>xilinx_softwaredriver_view_fileset</spirit:localName>
        </spirit:fileSetRef>
        <spirit:parameters>
          <spirit:parameter>
            <spirit:name>viewChecksum</spirit:name>
            <spirit:value>d6fab92c</spirit:value>
          </spirit:parameter>
        </spirit:parameters>
      </spirit:view>
      <spirit:view>
        <spirit:name>xilinx_xpgui</spirit:name>
        <spirit:displayName>UI Layout</spirit:displayName>
        <spirit:envIdentifier>:vivado.xilinx.com:xgui.ui</spirit:envIdentifier>
        <spirit:fileSetRef>
          <spirit:localName>xilinx_xpgui_view_fileset</spirit:localName>
        </spirit:fileSetRef>
        <spirit:parameters>
          <spirit:parameter>
            <spirit:name>viewChecksum</spirit:name>
            <spirit:value>dda4df14</spirit:value>
          </spirit:parameter>
        </spirit:parameters>
      </spirit:view>
      <spirit:view>
        <spirit:name>bd_tcl</spirit:name>
        <spirit:displayName>Block Diagram</spirit:displayName>
        <spirit:envIdentifier>:vivado.xilinx.com:block.diagram</spirit:envIdentifier>
        <spirit:fileSetRef>
          <spirit:localName>bd_tcl_view_fileset</spirit:localName>
        </spirit:fileSetRef>
        <spirit:parameters>
          <spirit:parameter>
            <spirit:name>viewChecksum</spirit:name>
            <spirit:value>16328387</spirit:value>
          </spirit:parameter>
        </spirit:parameters>
      </spirit:view>
    </spirit:views>
    <spirit:ports>
      <spirit:port>
        <spirit:name>ready_Params_0</spirit:name>
        <spirit:wire>
          <spirit:direction>in</spirit:direction>
          <spirit:wireTypeDefs>
            <spirit:wireTypeDef>
              <spirit:typeName>std_logic</spirit:typeName>
              <spirit:viewNameRef>xilinx_verilogsynthesis</spirit:viewNameRef>
              <spirit:viewNameRef>xilinx_verilogbehavioralsimulation</spirit:viewNameRef>
            </spirit:wireTypeDef>
          </spirit:wireTypeDefs>
        </spirit:wire>
      </spirit:port>
      <spirit:port>
        <spirit:name>ready_Grad_0</spirit:name>
        <spirit:wire>
          <spirit:direction>in</spirit:direction>
          <spirit:wireTypeDefs>
            <spirit:wireTypeDef>
              <spirit:typeName>std_logic</spirit:typeName>
              <spirit:viewNameRef>xilinx_verilogsynthesis</spirit:viewNameRef>
              <spirit:viewNameRef>xilinx_verilogbehavioralsimulation</spirit:viewNameRef>
            </spirit:wireTypeDef>
          </spirit:wireTypeDefs>
        </spirit:wire>
      </spirit:port>
      <spirit:port>
        <spirit:name>ready_Coord_0</spirit:name>
        <spirit:wire>
          <spirit:direction>in</spirit:direction>
          <spirit:wireTypeDefs>
            <spirit:wireTypeDef>
              <spirit:typeName>std_logic</spirit:typeName>
              <spirit:viewNameRef>xilinx_verilogsynthesis</spirit:viewNameRef>
              <spirit:viewNameRef>xilinx_verilogbehavioralsimulation</spirit:viewNameRef>
            </spirit:wireTypeDef>
          </spirit:wireTypeDefs>
        </spirit:wire>
      </spirit:port>
      <spirit:port>
        <spirit:name>optimization_method_0</spirit:name>
        <spirit:wire>
          <spirit:direction>in</spirit:direction>
          <spirit:vector>
            <spirit:left spirit:format="long">31</spirit:left>
            <spirit:right spirit:format="long">0</spirit:right>
          </spirit:vector>
          <spirit:wireTypeDefs>
            <spirit:wireTypeDef>
              <spirit:typeName>std_logic_vector</spirit:typeName>
              <spirit:viewNameRef>xilinx_verilogsynthesis</spirit:viewNameRef>
              <spirit:viewNameRef>xilinx_verilogbehavioralsimulation</spirit:viewNameRef>
            </spirit:wireTypeDef>
          </spirit:wireTypeDefs>
        </spirit:wire>
      </spirit:port>
      <spirit:port>
        <spirit:name>correlation_routine_0</spirit:name>
        <spirit:wire>
          <spirit:direction>in</spirit:direction>
          <spirit:vector>
            <spirit:left spirit:format="long">31</spirit:left>
            <spirit:right spirit:format="long">0</spirit:right>
          </spirit:vector>
          <spirit:wireTypeDefs>
            <spirit:wireTypeDef>
              <spirit:typeName>std_logic_vector</spirit:typeName>
              <spirit:viewNameRef>xilinx_verilogsynthesis</spirit:viewNameRef>
              <spirit:viewNameRef>xilinx_verilogbehavioralsimulation</spirit:viewNameRef>
            </spirit:wireTypeDef>
          </spirit:wireTypeDefs>
        </spirit:wire>
      </spirit:port>
      <spirit:port>
        <spirit:name>num_pixels_0</spirit:name>
        <spirit:wire>
          <spirit:direction>in</spirit:direction>
          <spirit:vector>
            <spirit:left spirit:format="long">31</spirit:left>
            <spirit:right spirit:format="long">0</spirit:right>
          </spirit:vector>
          <spirit:wireTypeDefs>
            <spirit:wireTypeDef>
              <spirit:typeName>std_logic_vector</spirit:typeName>
              <spirit:viewNameRef>xilinx_verilogsynthesis</spirit:viewNameRef>
              <spirit:viewNameRef>xilinx_verilogbehavioralsimulation</spirit:viewNameRef>
            </spirit:wireTypeDef>
          </spirit:wireTypeDefs>
        </spirit:wire>
      </spirit:port>
      <spirit:port>
        <spirit:name>x_0</spirit:name>
        <spirit:wire>
          <spirit:direction>in</spirit:direction>
          <spirit:vector>
            <spirit:left spirit:format="long">287</spirit:left>
            <spirit:right spirit:format="long">0</spirit:right>
          </spirit:vector>
          <spirit:wireTypeDefs>
            <spirit:wireTypeDef>
              <spirit:typeName>std_logic_vector</spirit:typeName>
              <spirit:viewNameRef>xilinx_verilogsynthesis</spirit:viewNameRef>
              <spirit:viewNameRef>xilinx_verilogbehavioralsimulation</spirit:viewNameRef>
            </spirit:wireTypeDef>
          </spirit:wireTypeDefs>
        </spirit:wire>
      </spirit:port>
      <spirit:port>
        <spirit:name>y_0</spirit:name>
        <spirit:wire>
          <spirit:direction>in</spirit:direction>
          <spirit:vector>
            <spirit:left spirit:format="long">287</spirit:left>
            <spirit:right spirit:format="long">0</spirit:right>
          </spirit:vector>
          <spirit:wireTypeDefs>
            <spirit:wireTypeDef>
              <spirit:typeName>std_logic_vector</spirit:typeName>
              <spirit:viewNameRef>xilinx_verilogsynthesis</spirit:viewNameRef>
              <spirit:viewNameRef>xilinx_verilogbehavioralsimulation</spirit:viewNameRef>
            </spirit:wireTypeDef>
          </spirit:wireTypeDefs>
        </spirit:wire>
      </spirit:port>
      <spirit:port>
        <spirit:name>cx_0</spirit:name>
        <spirit:wire>
          <spirit:direction>in</spirit:direction>
          <spirit:vector>
            <spirit:left spirit:format="long">31</spirit:left>
            <spirit:right spirit:format="long">0</spirit:right>
          </spirit:vector>
          <spirit:wireTypeDefs>
            <spirit:wireTypeDef>
              <spirit:typeName>std_logic_vector</spirit:typeName>
              <spirit:viewNameRef>xilinx_verilogsynthesis</spirit:viewNameRef>
              <spirit:viewNameRef>xilinx_verilogbehavioralsimulation</spirit:viewNameRef>
            </spirit:wireTypeDef>
          </spirit:wireTypeDefs>
        </spirit:wire>
      </spirit:port>
      <spirit:port>
        <spirit:name>cy_0</spirit:name>
        <spirit:wire>
          <spirit:direction>in</spirit:direction>
          <spirit:vector>
            <spirit:left spirit:format="long">31</spirit:left>
            <spirit:right spirit:format="long">0</spirit:right>
          </spirit:vector>
          <spirit:wireTypeDefs>
            <spirit:wireTypeDef>
              <spirit:typeName>std_logic_vector</spirit:typeName>
              <spirit:viewNameRef>xilinx_verilogsynthesis</spirit:viewNameRef>
              <spirit:viewNameRef>xilinx_verilogbehavioralsimulation</spirit:viewNameRef>
            </spirit:wireTypeDef>
          </spirit:wireTypeDefs>
        </spirit:wire>
      </spirit:port>
      <spirit:port>
        <spirit:name>dout_ref_ints_0</spirit:name>
        <spirit:wire>
          <spirit:direction>in</spirit:direction>
          <spirit:vector>
            <spirit:left spirit:format="long">31</spirit:left>
            <spirit:right spirit:format="long">0</spirit:right>
          </spirit:vector>
          <spirit:wireTypeDefs>
            <spirit:wireTypeDef>
              <spirit:typeName>std_logic_vector</spirit:typeName>
              <spirit:viewNameRef>xilinx_verilogsynthesis</spirit:viewNameRef>
              <spirit:viewNameRef>xilinx_verilogbehavioralsimulation</spirit:viewNameRef>
            </spirit:wireTypeDef>
          </spirit:wireTypeDefs>
        </spirit:wire>
      </spirit:port>
      <spirit:port>
        <spirit:name>dout_def_ints_0</spirit:name>
        <spirit:wire>
          <spirit:direction>in</spirit:direction>
          <spirit:vector>
            <spirit:left spirit:format="long">31</spirit:left>
            <spirit:right spirit:format="long">0</spirit:right>
          </spirit:vector>
          <spirit:wireTypeDefs>
            <spirit:wireTypeDef>
              <spirit:typeName>std_logic_vector</spirit:typeName>
              <spirit:viewNameRef>xilinx_verilogsynthesis</spirit:viewNameRef>
              <spirit:viewNameRef>xilinx_verilogbehavioralsimulation</spirit:viewNameRef>
            </spirit:wireTypeDef>
          </spirit:wireTypeDefs>
        </spirit:wire>
      </spirit:port>
      <spirit:port>
        <spirit:name>dout_grad_x_0</spirit:name>
        <spirit:wire>
          <spirit:direction>in</spirit:direction>
          <spirit:vector>
            <spirit:left spirit:format="long">31</spirit:left>
            <spirit:right spirit:format="long">0</spirit:right>
          </spirit:vector>
          <spirit:wireTypeDefs>
            <spirit:wireTypeDef>
              <spirit:typeName>std_logic_vector</spirit:typeName>
              <spirit:viewNameRef>xilinx_verilogsynthesis</spirit:viewNameRef>
              <spirit:viewNameRef>xilinx_verilogbehavioralsimulation</spirit:viewNameRef>
            </spirit:wireTypeDef>
          </spirit:wireTypeDefs>
        </spirit:wire>
      </spirit:port>
      <spirit:port>
        <spirit:name>dout_grad_y_0</spirit:name>
        <spirit:wire>
          <spirit:direction>in</spirit:direction>
          <spirit:vector>
            <spirit:left spirit:format="long">31</spirit:left>
            <spirit:right spirit:format="long">0</spirit:right>
          </spirit:vector>
          <spirit:wireTypeDefs>
            <spirit:wireTypeDef>
              <spirit:typeName>std_logic_vector</spirit:typeName>
              <spirit:viewNameRef>xilinx_verilogsynthesis</spirit:viewNameRef>
              <spirit:viewNameRef>xilinx_verilogbehavioralsimulation</spirit:viewNameRef>
            </spirit:wireTypeDef>
          </spirit:wireTypeDefs>
        </spirit:wire>
      </spirit:port>
      <spirit:port>
        <spirit:name>addr_ref_ints_0</spirit:name>
        <spirit:wire>
          <spirit:direction>out</spirit:direction>
          <spirit:vector>
            <spirit:left spirit:format="long">16</spirit:left>
            <spirit:right spirit:format="long">0</spirit:right>
          </spirit:vector>
          <spirit:wireTypeDefs>
            <spirit:wireTypeDef>
              <spirit:typeName>std_logic_vector</spirit:typeName>
              <spirit:viewNameRef>xilinx_verilogsynthesis</spirit:viewNameRef>
              <spirit:viewNameRef>xilinx_verilogbehavioralsimulation</spirit:viewNameRef>
            </spirit:wireTypeDef>
          </spirit:wireTypeDefs>
        </spirit:wire>
      </spirit:port>
      <spirit:port>
        <spirit:name>addr_def_ints_0</spirit:name>
        <spirit:wire>
          <spirit:direction>out</spirit:direction>
          <spirit:vector>
            <spirit:left spirit:format="long">16</spirit:left>
            <spirit:right spirit:format="long">0</spirit:right>
          </spirit:vector>
          <spirit:wireTypeDefs>
            <spirit:wireTypeDef>
              <spirit:typeName>std_logic_vector</spirit:typeName>
              <spirit:viewNameRef>xilinx_verilogsynthesis</spirit:viewNameRef>
              <spirit:viewNameRef>xilinx_verilogbehavioralsimulation</spirit:viewNameRef>
            </spirit:wireTypeDef>
          </spirit:wireTypeDefs>
        </spirit:wire>
      </spirit:port>
      <spirit:port>
        <spirit:name>addr_grad_x_0</spirit:name>
        <spirit:wire>
          <spirit:direction>out</spirit:direction>
          <spirit:vector>
            <spirit:left spirit:format="long">16</spirit:left>
            <spirit:right spirit:format="long">0</spirit:right>
          </spirit:vector>
          <spirit:wireTypeDefs>
            <spirit:wireTypeDef>
              <spirit:typeName>std_logic_vector</spirit:typeName>
              <spirit:viewNameRef>xilinx_verilogsynthesis</spirit:viewNameRef>
              <spirit:viewNameRef>xilinx_verilogbehavioralsimulation</spirit:viewNameRef>
            </spirit:wireTypeDef>
          </spirit:wireTypeDefs>
        </spirit:wire>
      </spirit:port>
      <spirit:port>
        <spirit:name>addr_grad_y_0</spirit:name>
        <spirit:wire>
          <spirit:direction>out</spirit:direction>
          <spirit:vector>
            <spirit:left spirit:format="long">16</spirit:left>
            <spirit:right spirit:format="long">0</spirit:right>
          </spirit:vector>
          <spirit:wireTypeDefs>
            <spirit:wireTypeDef>
              <spirit:typeName>std_logic_vector</spirit:typeName>
              <spirit:viewNameRef>xilinx_verilogsynthesis</spirit:viewNameRef>
              <spirit:viewNameRef>xilinx_verilogbehavioralsimulation</spirit:viewNameRef>
            </spirit:wireTypeDef>
          </spirit:wireTypeDefs>
        </spirit:wire>
      </spirit:port>
      <spirit:port>
        <spirit:name>gam_done_0</spirit:name>
        <spirit:wire>
          <spirit:direction>out</spirit:direction>
          <spirit:wireTypeDefs>
            <spirit:wireTypeDef>
              <spirit:typeName>std_logic</spirit:typeName>
              <spirit:viewNameRef>xilinx_verilogsynthesis</spirit:viewNameRef>
              <spirit:viewNameRef>xilinx_verilogbehavioralsimulation</spirit:viewNameRef>
            </spirit:wireTypeDef>
          </spirit:wireTypeDefs>
        </spirit:wire>
      </spirit:port>
      <spirit:port>
        <spirit:name>disp_x_0</spirit:name>
        <spirit:wire>
          <spirit:direction>out</spirit:direction>
          <spirit:vector>
            <spirit:left spirit:format="long">31</spirit:left>
            <spirit:right spirit:format="long">0</spirit:right>
          </spirit:vector>
          <spirit:wireTypeDefs>
            <spirit:wireTypeDef>
              <spirit:typeName>std_logic_vector</spirit:typeName>
              <spirit:viewNameRef>xilinx_verilogsynthesis</spirit:viewNameRef>
              <spirit:viewNameRef>xilinx_verilogbehavioralsimulation</spirit:viewNameRef>
            </spirit:wireTypeDef>
          </spirit:wireTypeDefs>
        </spirit:wire>
      </spirit:port>
      <spirit:port>
        <spirit:name>disp_y_0</spirit:name>
        <spirit:wire>
          <spirit:direction>out</spirit:direction>
          <spirit:vector>
            <spirit:left spirit:format="long">31</spirit:left>
            <spirit:right spirit:format="long">0</spirit:right>
          </spirit:vector>
          <spirit:wireTypeDefs>
            <spirit:wireTypeDef>
              <spirit:typeName>std_logic_vector</spirit:typeName>
              <spirit:viewNameRef>xilinx_verilogsynthesis</spirit:viewNameRef>
              <spirit:viewNameRef>xilinx_verilogbehavioralsimulation</spirit:viewNameRef>
            </spirit:wireTypeDef>
          </spirit:wireTypeDefs>
        </spirit:wire>
      </spirit:port>
      <spirit:port>
        <spirit:name>disp_z_0</spirit:name>
        <spirit:wire>
          <spirit:direction>out</spirit:direction>
          <spirit:vector>
            <spirit:left spirit:format="long">31</spirit:left>
            <spirit:right spirit:format="long">0</spirit:right>
          </spirit:vector>
          <spirit:wireTypeDefs>
            <spirit:wireTypeDef>
              <spirit:typeName>std_logic_vector</spirit:typeName>
              <spirit:viewNameRef>xilinx_verilogsynthesis</spirit:viewNameRef>
              <spirit:viewNameRef>xilinx_verilogbehavioralsimulation</spirit:viewNameRef>
            </spirit:wireTypeDef>
          </spirit:wireTypeDefs>
        </spirit:wire>
      </spirit:port>
      <spirit:port>
        <spirit:name>s00_axi_awaddr</spirit:name>
        <spirit:wire>
          <spirit:direction>in</spirit:direction>
          <spirit:vector>
            <spirit:left spirit:format="long" spirit:resolve="dependent" spirit:dependency="(spirit:decode(id(&apos;MODELPARAM_VALUE.C_S00_AXI_ADDR_WIDTH&apos;)) - 1)">3</spirit:left>
            <spirit:right spirit:format="long">0</spirit:right>
          </spirit:vector>
          <spirit:wireTypeDefs>
            <spirit:wireTypeDef>
              <spirit:typeName>wire</spirit:typeName>
              <spirit:viewNameRef>xilinx_verilogsynthesis</spirit:viewNameRef>
              <spirit:viewNameRef>xilinx_verilogbehavioralsimulation</spirit:viewNameRef>
            </spirit:wireTypeDef>
          </spirit:wireTypeDefs>
        </spirit:wire>
      </spirit:port>
      <spirit:port>
        <spirit:name>s00_axi_awprot</spirit:name>
        <spirit:wire>
          <spirit:direction>in</spirit:direction>
          <spirit:vector>
            <spirit:left spirit:format="long">2</spirit:left>
            <spirit:right spirit:format="long">0</spirit:right>
          </spirit:vector>
          <spirit:wireTypeDefs>
            <spirit:wireTypeDef>
              <spirit:typeName>wire</spirit:typeName>
              <spirit:viewNameRef>xilinx_verilogsynthesis</spirit:viewNameRef>
              <spirit:viewNameRef>xilinx_verilogbehavioralsimulation</spirit:viewNameRef>
            </spirit:wireTypeDef>
          </spirit:wireTypeDefs>
        </spirit:wire>
      </spirit:port>
      <spirit:port>
        <spirit:name>s00_axi_awvalid</spirit:name>
        <spirit:wire>
          <spirit:direction>in</spirit:direction>
          <spirit:wireTypeDefs>
            <spirit:wireTypeDef>
              <spirit:typeName>wire</spirit:typeName>
              <spirit:viewNameRef>xilinx_verilogsynthesis</spirit:viewNameRef>
              <spirit:viewNameRef>xilinx_verilogbehavioralsimulation</spirit:viewNameRef>
            </spirit:wireTypeDef>
          </spirit:wireTypeDefs>
        </spirit:wire>
      </spirit:port>
      <spirit:port>
        <spirit:name>s00_axi_awready</spirit:name>
        <spirit:wire>
          <spirit:direction>out</spirit:direction>
          <spirit:wireTypeDefs>
            <spirit:wireTypeDef>
              <spirit:typeName>wire</spirit:typeName>
              <spirit:viewNameRef>xilinx_verilogsynthesis</spirit:viewNameRef>
              <spirit:viewNameRef>xilinx_verilogbehavioralsimulation</spirit:viewNameRef>
            </spirit:wireTypeDef>
          </spirit:wireTypeDefs>
        </spirit:wire>
      </spirit:port>
      <spirit:port>
        <spirit:name>s00_axi_wdata</spirit:name>
        <spirit:wire>
          <spirit:direction>in</spirit:direction>
          <spirit:vector>
            <spirit:left spirit:format="long" spirit:resolve="dependent" spirit:dependency="(spirit:decode(id(&apos;MODELPARAM_VALUE.C_S00_AXI_DATA_WIDTH&apos;)) - 1)">31</spirit:left>
            <spirit:right spirit:format="long">0</spirit:right>
          </spirit:vector>
          <spirit:wireTypeDefs>
            <spirit:wireTypeDef>
              <spirit:typeName>wire</spirit:typeName>
              <spirit:viewNameRef>xilinx_verilogsynthesis</spirit:viewNameRef>
              <spirit:viewNameRef>xilinx_verilogbehavioralsimulation</spirit:viewNameRef>
            </spirit:wireTypeDef>
          </spirit:wireTypeDefs>
        </spirit:wire>
      </spirit:port>
      <spirit:port>
        <spirit:name>s00_axi_wstrb</spirit:name>
        <spirit:wire>
          <spirit:direction>in</spirit:direction>
          <spirit:vector>
            <spirit:left spirit:format="long" spirit:resolve="dependent" spirit:dependency="((spirit:decode(id(&apos;MODELPARAM_VALUE.C_S00_AXI_DATA_WIDTH&apos;)) / 8) - 1)">3</spirit:left>
            <spirit:right spirit:format="long">0</spirit:right>
          </spirit:vector>
          <spirit:wireTypeDefs>
            <spirit:wireTypeDef>
              <spirit:typeName>wire</spirit:typeName>
              <spirit:viewNameRef>xilinx_verilogsynthesis</spirit:viewNameRef>
              <spirit:viewNameRef>xilinx_verilogbehavioralsimulation</spirit:viewNameRef>
            </spirit:wireTypeDef>
          </spirit:wireTypeDefs>
        </spirit:wire>
      </spirit:port>
      <spirit:port>
        <spirit:name>s00_axi_wvalid</spirit:name>
        <spirit:wire>
          <spirit:direction>in</spirit:direction>
          <spirit:wireTypeDefs>
            <spirit:wireTypeDef>
              <spirit:typeName>wire</spirit:typeName>
              <spirit:viewNameRef>xilinx_verilogsynthesis</spirit:viewNameRef>
              <spirit:viewNameRef>xilinx_verilogbehavioralsimulation</spirit:viewNameRef>
            </spirit:wireTypeDef>
          </spirit:wireTypeDefs>
        </spirit:wire>
      </spirit:port>
      <spirit:port>
        <spirit:name>s00_axi_wready</spirit:name>
        <spirit:wire>
          <spirit:direction>out</spirit:direction>
          <spirit:wireTypeDefs>
            <spirit:wireTypeDef>
              <spirit:typeName>wire</spirit:typeName>
              <spirit:viewNameRef>xilinx_verilogsynthesis</spirit:viewNameRef>
              <spirit:viewNameRef>xilinx_verilogbehavioralsimulation</spirit:viewNameRef>
            </spirit:wireTypeDef>
          </spirit:wireTypeDefs>
        </spirit:wire>
      </spirit:port>
      <spirit:port>
        <spirit:name>s00_axi_bresp</spirit:name>
        <spirit:wire>
          <spirit:direction>out</spirit:direction>
          <spirit:vector>
            <spirit:left spirit:format="long">1</spirit:left>
            <spirit:right spirit:format="long">0</spirit:right>
          </spirit:vector>
          <spirit:wireTypeDefs>
            <spirit:wireTypeDef>
              <spirit:typeName>wire</spirit:typeName>
              <spirit:viewNameRef>xilinx_verilogsynthesis</spirit:viewNameRef>
              <spirit:viewNameRef>xilinx_verilogbehavioralsimulation</spirit:viewNameRef>
            </spirit:wireTypeDef>
          </spirit:wireTypeDefs>
        </spirit:wire>
      </spirit:port>
      <spirit:port>
        <spirit:name>s00_axi_bvalid</spirit:name>
        <spirit:wire>
          <spirit:direction>out</spirit:direction>
          <spirit:wireTypeDefs>
            <spirit:wireTypeDef>
              <spirit:typeName>wire</spirit:typeName>
              <spirit:viewNameRef>xilinx_verilogsynthesis</spirit:viewNameRef>
              <spirit:viewNameRef>xilinx_verilogbehavioralsimulation</spirit:viewNameRef>
            </spirit:wireTypeDef>
          </spirit:wireTypeDefs>
        </spirit:wire>
      </spirit:port>
      <spirit:port>
        <spirit:name>s00_axi_bready</spirit:name>
        <spirit:wire>
          <spirit:direction>in</spirit:direction>
          <spirit:wireTypeDefs>
            <spirit:wireTypeDef>
              <spirit:typeName>wire</spirit:typeName>
              <spirit:viewNameRef>xilinx_verilogsynthesis</spirit:viewNameRef>
              <spirit:viewNameRef>xilinx_verilogbehavioralsimulation</spirit:viewNameRef>
            </spirit:wireTypeDef>
          </spirit:wireTypeDefs>
        </spirit:wire>
      </spirit:port>
      <spirit:port>
        <spirit:name>s00_axi_araddr</spirit:name>
        <spirit:wire>
          <spirit:direction>in</spirit:direction>
          <spirit:vector>
            <spirit:left spirit:format="long" spirit:resolve="dependent" spirit:dependency="(spirit:decode(id(&apos;MODELPARAM_VALUE.C_S00_AXI_ADDR_WIDTH&apos;)) - 1)">3</spirit:left>
            <spirit:right spirit:format="long">0</spirit:right>
          </spirit:vector>
          <spirit:wireTypeDefs>
            <spirit:wireTypeDef>
              <spirit:typeName>wire</spirit:typeName>
              <spirit:viewNameRef>xilinx_verilogsynthesis</spirit:viewNameRef>
              <spirit:viewNameRef>xilinx_verilogbehavioralsimulation</spirit:viewNameRef>
            </spirit:wireTypeDef>
          </spirit:wireTypeDefs>
        </spirit:wire>
      </spirit:port>
      <spirit:port>
        <spirit:name>s00_axi_arprot</spirit:name>
        <spirit:wire>
          <spirit:direction>in</spirit:direction>
          <spirit:vector>
            <spirit:left spirit:format="long">2</spirit:left>
            <spirit:right spirit:format="long">0</spirit:right>
          </spirit:vector>
          <spirit:wireTypeDefs>
            <spirit:wireTypeDef>
              <spirit:typeName>wire</spirit:typeName>
              <spirit:viewNameRef>xilinx_verilogsynthesis</spirit:viewNameRef>
              <spirit:viewNameRef>xilinx_verilogbehavioralsimulation</spirit:viewNameRef>
            </spirit:wireTypeDef>
          </spirit:wireTypeDefs>
        </spirit:wire>
      </spirit:port>
      <spirit:port>
        <spirit:name>s00_axi_arvalid</spirit:name>
        <spirit:wire>
          <spirit:direction>in</spirit:direction>
          <spirit:wireTypeDefs>
            <spirit:wireTypeDef>
              <spirit:typeName>wire</spirit:typeName>
              <spirit:viewNameRef>xilinx_verilogsynthesis</spirit:viewNameRef>
              <spirit:viewNameRef>xilinx_verilogbehavioralsimulation</spirit:viewNameRef>
            </spirit:wireTypeDef>
          </spirit:wireTypeDefs>
        </spirit:wire>
      </spirit:port>
      <spirit:port>
        <spirit:name>s00_axi_arready</spirit:name>
        <spirit:wire>
          <spirit:direction>out</spirit:direction>
          <spirit:wireTypeDefs>
            <spirit:wireTypeDef>
              <spirit:typeName>wire</spirit:typeName>
              <spirit:viewNameRef>xilinx_verilogsynthesis</spirit:viewNameRef>
              <spirit:viewNameRef>xilinx_verilogbehavioralsimulation</spirit:viewNameRef>
            </spirit:wireTypeDef>
          </spirit:wireTypeDefs>
        </spirit:wire>
      </spirit:port>
      <spirit:port>
        <spirit:name>s00_axi_rdata</spirit:name>
        <spirit:wire>
          <spirit:direction>out</spirit:direction>
          <spirit:vector>
            <spirit:left spirit:format="long" spirit:resolve="dependent" spirit:dependency="(spirit:decode(id(&apos;MODELPARAM_VALUE.C_S00_AXI_DATA_WIDTH&apos;)) - 1)">31</spirit:left>
            <spirit:right spirit:format="long">0</spirit:right>
          </spirit:vector>
          <spirit:wireTypeDefs>
            <spirit:wireTypeDef>
              <spirit:typeName>wire</spirit:typeName>
              <spirit:viewNameRef>xilinx_verilogsynthesis</spirit:viewNameRef>
              <spirit:viewNameRef>xilinx_verilogbehavioralsimulation</spirit:viewNameRef>
            </spirit:wireTypeDef>
          </spirit:wireTypeDefs>
        </spirit:wire>
      </spirit:port>
      <spirit:port>
        <spirit:name>s00_axi_rresp</spirit:name>
        <spirit:wire>
          <spirit:direction>out</spirit:direction>
          <spirit:vector>
            <spirit:left spirit:format="long">1</spirit:left>
            <spirit:right spirit:format="long">0</spirit:right>
          </spirit:vector>
          <spirit:wireTypeDefs>
            <spirit:wireTypeDef>
              <spirit:typeName>wire</spirit:typeName>
              <spirit:viewNameRef>xilinx_verilogsynthesis</spirit:viewNameRef>
              <spirit:viewNameRef>xilinx_verilogbehavioralsimulation</spirit:viewNameRef>
            </spirit:wireTypeDef>
          </spirit:wireTypeDefs>
        </spirit:wire>
      </spirit:port>
      <spirit:port>
        <spirit:name>s00_axi_rvalid</spirit:name>
        <spirit:wire>
          <spirit:direction>out</spirit:direction>
          <spirit:wireTypeDefs>
            <spirit:wireTypeDef>
              <spirit:typeName>wire</spirit:typeName>
              <spirit:viewNameRef>xilinx_verilogsynthesis</spirit:viewNameRef>
              <spirit:viewNameRef>xilinx_verilogbehavioralsimulation</spirit:viewNameRef>
            </spirit:wireTypeDef>
          </spirit:wireTypeDefs>
        </spirit:wire>
      </spirit:port>
      <spirit:port>
        <spirit:name>s00_axi_rready</spirit:name>
        <spirit:wire>
          <spirit:direction>in</spirit:direction>
          <spirit:wireTypeDefs>
            <spirit:wireTypeDef>
              <spirit:typeName>wire</spirit:typeName>
              <spirit:viewNameRef>xilinx_verilogsynthesis</spirit:viewNameRef>
              <spirit:viewNameRef>xilinx_verilogbehavioralsimulation</spirit:viewNameRef>
            </spirit:wireTypeDef>
          </spirit:wireTypeDefs>
        </spirit:wire>
      </spirit:port>
      <spirit:port>
        <spirit:name>s00_axi_aclk</spirit:name>
        <spirit:wire>
          <spirit:direction>in</spirit:direction>
          <spirit:wireTypeDefs>
            <spirit:wireTypeDef>
              <spirit:typeName>wire</spirit:typeName>
              <spirit:viewNameRef>xilinx_verilogsynthesis</spirit:viewNameRef>
              <spirit:viewNameRef>xilinx_verilogbehavioralsimulation</spirit:viewNameRef>
            </spirit:wireTypeDef>
          </spirit:wireTypeDefs>
        </spirit:wire>
      </spirit:port>
      <spirit:port>
        <spirit:name>s00_axi_aresetn</spirit:name>
        <spirit:wire>
          <spirit:direction>in</spirit:direction>
          <spirit:wireTypeDefs>
            <spirit:wireTypeDef>
              <spirit:typeName>wire</spirit:typeName>
              <spirit:viewNameRef>xilinx_verilogsynthesis</spirit:viewNameRef>
              <spirit:viewNameRef>xilinx_verilogbehavioralsimulation</spirit:viewNameRef>
            </spirit:wireTypeDef>
          </spirit:wireTypeDefs>
        </spirit:wire>
      </spirit:port>
    </spirit:ports>
    <spirit:modelParameters>
      <spirit:modelParameter xsi:type="spirit:nameValueTypeType" spirit:dataType="integer">
        <spirit:name>C_S00_AXI_DATA_WIDTH</spirit:name>
        <spirit:displayName>C S00 AXI DATA WIDTH</spirit:displayName>
        <spirit:description>Width of S_AXI data bus</spirit:description>
        <spirit:value spirit:format="long" spirit:resolve="generated" spirit:id="MODELPARAM_VALUE.C_S00_AXI_DATA_WIDTH" spirit:order="3" spirit:rangeType="long">32</spirit:value>
      </spirit:modelParameter>
      <spirit:modelParameter spirit:dataType="integer">
        <spirit:name>C_S00_AXI_ADDR_WIDTH</spirit:name>
        <spirit:displayName>C S00 AXI ADDR WIDTH</spirit:displayName>
        <spirit:description>Width of S_AXI address bus</spirit:description>
        <spirit:value spirit:format="long" spirit:resolve="generated" spirit:id="MODELPARAM_VALUE.C_S00_AXI_ADDR_WIDTH" spirit:order="4" spirit:rangeType="long">4</spirit:value>
      </spirit:modelParameter>
    </spirit:modelParameters>
  </spirit:model>
  <spirit:choices>
    <spirit:choice>
      <spirit:name>choice_list_6fc15197</spirit:name>
      <spirit:enumeration>32</spirit:enumeration>
    </spirit:choice>
    <spirit:choice>
      <spirit:name>choice_list_9d8b0d81</spirit:name>
      <spirit:enumeration>ACTIVE_HIGH</spirit:enumeration>
      <spirit:enumeration>ACTIVE_LOW</spirit:enumeration>
    </spirit:choice>
    <spirit:choice>
      <spirit:name>choice_pairs_ce1226b1</spirit:name>
      <spirit:enumeration spirit:text="true">1</spirit:enumeration>
      <spirit:enumeration spirit:text="false">0</spirit:enumeration>
    </spirit:choice>
  </spirit:choices>
  <spirit:fileSets>
    <spirit:fileSet>
      <spirit:name>xilinx_verilogsynthesis_view_fileset</spirit:name>
      <spirit:file>
        <spirit:name>src/Gamma.v</spirit:name>
        <spirit:fileType>verilogSource</spirit:fileType>
      </spirit:file>
      <spirit:file>
        <spirit:name>hdl/Gamma_v1_0_S00_AXI.v</spirit:name>
        <spirit:fileType>verilogSource</spirit:fileType>
      </spirit:file>
      <spirit:file>
        <spirit:name>hdl/Gamma_v1_0.v</spirit:name>
        <spirit:fileType>verilogSource</spirit:fileType>
        <spirit:userFileType>CHECKSUM_8feb4f4c</spirit:userFileType>
      </spirit:file>
    </spirit:fileSet>
    <spirit:fileSet>
      <spirit:name>xilinx_verilogbehavioralsimulation_view_fileset</spirit:name>
      <spirit:file>
        <spirit:name>src/Gamma.v</spirit:name>
        <spirit:fileType>verilogSource</spirit:fileType>
      </spirit:file>
      <spirit:file>
        <spirit:name>hdl/Gamma_v1_0_S00_AXI.v</spirit:name>
        <spirit:fileType>verilogSource</spirit:fileType>
      </spirit:file>
      <spirit:file>
        <spirit:name>hdl/Gamma_v1_0.v</spirit:name>
        <spirit:fileType>verilogSource</spirit:fileType>
      </spirit:file>
    </spirit:fileSet>
    <spirit:fileSet>
      <spirit:name>xilinx_softwaredriver_view_fileset</spirit:name>
      <spirit:file>
        <spirit:name>drivers/Gamma_v1_0/data/Gamma.mdd</spirit:name>
        <spirit:userFileType>mdd</spirit:userFileType>
        <spirit:userFileType>driver_mdd</spirit:userFileType>
      </spirit:file>
      <spirit:file>
        <spirit:name>drivers/Gamma_v1_0/data/Gamma.tcl</spirit:name>
        <spirit:fileType>tclSource</spirit:fileType>
        <spirit:userFileType>driver_tcl</spirit:userFileType>
      </spirit:file>
      <spirit:file>
        <spirit:name>drivers/Gamma_v1_0/src/Makefile</spirit:name>
        <spirit:userFileType>driver_src</spirit:userFileType>
      </spirit:file>
      <spirit:file>
        <spirit:name>drivers/Gamma_v1_0/src/Gamma.h</spirit:name>
        <spirit:fileType>cSource</spirit:fileType>
        <spirit:userFileType>driver_src</spirit:userFileType>
      </spirit:file>
      <spirit:file>
        <spirit:name>drivers/Gamma_v1_0/src/Gamma.c</spirit:name>
        <spirit:fileType>cSource</spirit:fileType>
        <spirit:userFileType>driver_src</spirit:userFileType>
      </spirit:file>
      <spirit:file>
        <spirit:name>drivers/Gamma_v1_0/src/Gamma_selftest.c</spirit:name>
        <spirit:fileType>cSource</spirit:fileType>
        <spirit:userFileType>driver_src</spirit:userFileType>
      </spirit:file>
    </spirit:fileSet>
    <spirit:fileSet>
      <spirit:name>xilinx_xpgui_view_fileset</spirit:name>
      <spirit:file>
        <spirit:name>xgui/Gamma_v1_0.tcl</spirit:name>
        <spirit:fileType>tclSource</spirit:fileType>
        <spirit:userFileType>CHECKSUM_dda4df14</spirit:userFileType>
        <spirit:userFileType>XGUI_VERSION_2</spirit:userFileType>
      </spirit:file>
    </spirit:fileSet>
    <spirit:fileSet>
      <spirit:name>bd_tcl_view_fileset</spirit:name>
      <spirit:file>
        <spirit:name>bd/bd.tcl</spirit:name>
        <spirit:fileType>tclSource</spirit:fileType>
      </spirit:file>
    </spirit:fileSet>
  </spirit:fileSets>
  <spirit:description>My new AXI IP</spirit:description>
  <spirit:parameters>
    <spirit:parameter>
      <spirit:name>C_S00_AXI_DATA_WIDTH</spirit:name>
      <spirit:displayName>C S00 AXI DATA WIDTH</spirit:displayName>
      <spirit:description>Width of S_AXI data bus</spirit:description>
      <spirit:value spirit:format="long" spirit:resolve="user" spirit:id="PARAM_VALUE.C_S00_AXI_DATA_WIDTH" spirit:choiceRef="choice_list_6fc15197" spirit:order="3">32</spirit:value>
      <spirit:vendorExtensions>
        <xilinx:parameterInfo>
          <xilinx:enablement>
            <xilinx:isEnabled xilinx:id="PARAM_ENABLEMENT.C_S00_AXI_DATA_WIDTH">false</xilinx:isEnabled>
          </xilinx:enablement>
        </xilinx:parameterInfo>
      </spirit:vendorExtensions>
    </spirit:parameter>
    <spirit:parameter>
      <spirit:name>C_S00_AXI_ADDR_WIDTH</spirit:name>
      <spirit:displayName>C S00 AXI ADDR WIDTH</spirit:displayName>
      <spirit:description>Width of S_AXI address bus</spirit:description>
      <spirit:value spirit:format="long" spirit:resolve="user" spirit:id="PARAM_VALUE.C_S00_AXI_ADDR_WIDTH" spirit:order="4" spirit:rangeType="long">4</spirit:value>
      <spirit:vendorExtensions>
        <xilinx:parameterInfo>
          <xilinx:enablement>
            <xilinx:isEnabled xilinx:id="PARAM_ENABLEMENT.C_S00_AXI_ADDR_WIDTH">false</xilinx:isEnabled>
          </xilinx:enablement>
        </xilinx:parameterInfo>
      </spirit:vendorExtensions>
    </spirit:parameter>
    <spirit:parameter>
      <spirit:name>C_S00_AXI_BASEADDR</spirit:name>
      <spirit:displayName>C S00 AXI BASEADDR</spirit:displayName>
      <spirit:value spirit:format="bitString" spirit:resolve="user" spirit:id="PARAM_VALUE.C_S00_AXI_BASEADDR" spirit:order="5" spirit:bitStringLength="32">0xFFFFFFFF</spirit:value>
      <spirit:vendorExtensions>
        <xilinx:parameterInfo>
          <xilinx:enablement>
            <xilinx:isEnabled xilinx:id="PARAM_ENABLEMENT.C_S00_AXI_BASEADDR">false</xilinx:isEnabled>
          </xilinx:enablement>
        </xilinx:parameterInfo>
      </spirit:vendorExtensions>
    </spirit:parameter>
    <spirit:parameter>
      <spirit:name>C_S00_AXI_HIGHADDR</spirit:name>
      <spirit:displayName>C S00 AXI HIGHADDR</spirit:displayName>
      <spirit:value spirit:format="bitString" spirit:resolve="user" spirit:id="PARAM_VALUE.C_S00_AXI_HIGHADDR" spirit:order="6" spirit:bitStringLength="32">0x00000000</spirit:value>
      <spirit:vendorExtensions>
        <xilinx:parameterInfo>
          <xilinx:enablement>
            <xilinx:isEnabled xilinx:id="PARAM_ENABLEMENT.C_S00_AXI_HIGHADDR">false</xilinx:isEnabled>
          </xilinx:enablement>
        </xilinx:parameterInfo>
      </spirit:vendorExtensions>
    </spirit:parameter>
    <spirit:parameter>
      <spirit:name>Component_Name</spirit:name>
      <spirit:value spirit:resolve="user" spirit:id="PARAM_VALUE.Component_Name" spirit:order="1">Gamma_v1_0</spirit:value>
    </spirit:parameter>
  </spirit:parameters>
  <spirit:vendorExtensions>
    <xilinx:coreExtensions>
      <xilinx:supportedFamilies>
        <xilinx:family xilinx:lifeCycle="Pre-Production">zynquplus</xilinx:family>
      </xilinx:supportedFamilies>
      <xilinx:taxonomies>
        <xilinx:taxonomy>AXI_Peripheral</xilinx:taxonomy>
      </xilinx:taxonomies>
      <xilinx:displayName>Gamma_v1.0</xilinx:displayName>
      <xilinx:coreRevision>7</xilinx:coreRevision>
      <xilinx:coreCreationDateTime>2019-06-19T21:25:11Z</xilinx:coreCreationDateTime>
      <xilinx:tags>
        <xilinx:tag xilinx:name="ui.data.coregen.dd@4d2cafcf_ARCHIVE_LOCATION">c:/Users/knstokke/Documents/Vivado18/ip_repo/Gamma_1.0</xilinx:tag>
        <xilinx:tag xilinx:name="ui.data.coregen.dd@54d442a0_ARCHIVE_LOCATION">c:/Users/knstokke/Documents/Vivado18/ip_repo/Gamma_1.0</xilinx:tag>
        <xilinx:tag xilinx:name="ui.data.coregen.dd@40f6f495_ARCHIVE_LOCATION">c:/Users/knstokke/Documents/Vivado18/ip_repo/Gamma_1.0</xilinx:tag>
        <xilinx:tag xilinx:name="ui.data.coregen.dd@675a0531_ARCHIVE_LOCATION">c:/Users/knstokke/Documents/Vivado18/ip_repo/Gamma_1.0</xilinx:tag>
        <xilinx:tag xilinx:name="ui.data.coregen.dd@7d7e2163_ARCHIVE_LOCATION">c:/Users/knstokke/Documents/Vivado18/ip_repo/Gamma_1.0</xilinx:tag>
        <xilinx:tag xilinx:name="ui.data.coregen.dd@1c0abd90_ARCHIVE_LOCATION">c:/Users/knstokke/Documents/Vivado18/ip_repo/Gamma_1.0</xilinx:tag>
        <xilinx:tag xilinx:name="ui.data.coregen.dd@69820340_ARCHIVE_LOCATION">c:/Users/knstokke/Documents/Vivado18/ip_repo/Gamma_1.0</xilinx:tag>
        <xilinx:tag xilinx:name="ui.data.coregen.dd@3dcc76ec_ARCHIVE_LOCATION">c:/Users/knstokke/Documents/Vivado18/ip_repo/Gamma_1.0</xilinx:tag>
        <xilinx:tag xilinx:name="ui.data.coregen.dd@204fbdb8_ARCHIVE_LOCATION">c:/Users/knstokke/Documents/Vivado18/ip_repo/Gamma_1.0</xilinx:tag>
        <xilinx:tag xilinx:name="ui.data.coregen.dd@36396dde_ARCHIVE_LOCATION">c:/Users/knstokke/Documents/Vivado18/ip_repo/Gamma_1.0</xilinx:tag>
        <xilinx:tag xilinx:name="ui.data.coregen.dd@76842aa6_ARCHIVE_LOCATION">c:/Users/knstokke/Documents/Vivado18/ip_repo/Gamma_1.0</xilinx:tag>
        <xilinx:tag xilinx:name="ui.data.coregen.dd@4ae3f6fd_ARCHIVE_LOCATION">c:/Users/knstokke/Documents/Vivado18/ip_repo/Gamma_1.0</xilinx:tag>
        <xilinx:tag xilinx:name="ui.data.coregen.dd@5e22e7f_ARCHIVE_LOCATION">c:/Users/knstokke/Documents/Vivado18/ip_repo/Gamma_1.0</xilinx:tag>
        <xilinx:tag xilinx:name="ui.data.coregen.dd@62f2a24f_ARCHIVE_LOCATION">c:/Users/knstokke/Documents/Vivado18/ip_repo/Gamma_1.0</xilinx:tag>
        <xilinx:tag xilinx:name="ui.data.coregen.dd@3cb89eb_ARCHIVE_LOCATION">c:/Users/knstokke/Documents/Vivado18/ip_repo/Gamma_1.0</xilinx:tag>
        <xilinx:tag xilinx:name="ui.data.coregen.dd@1c4b7c07_ARCHIVE_LOCATION">c:/Users/knstokke/Documents/Vivado18/ip_repo/Gamma_1.0</xilinx:tag>
        <xilinx:tag xilinx:name="ui.data.coregen.dd@3df78a23_ARCHIVE_LOCATION">c:/Users/knstokke/Documents/Vivado18/ip_repo/Gamma_1.0</xilinx:tag>
        <xilinx:tag xilinx:name="ui.data.coregen.dd@77c2e674_ARCHIVE_LOCATION">c:/Users/knstokke/Documents/Vivado18/ip_repo/Gamma_1.0</xilinx:tag>
        <xilinx:tag xilinx:name="ui.data.coregen.dd@58946fb3_ARCHIVE_LOCATION">c:/Users/knstokke/Documents/Vivado18/ip_repo/Gamma_1.0</xilinx:tag>
        <xilinx:tag xilinx:name="ui.data.coregen.dd@adde02f_ARCHIVE_LOCATION">c:/Users/knstokke/Documents/Vivado18/ip_repo/Gamma_1.0</xilinx:tag>
        <xilinx:tag xilinx:name="ui.data.coregen.dd@578d8111_ARCHIVE_LOCATION">c:/Users/knstokke/Documents/Vivado18/ip_repo/Gamma_1.0</xilinx:tag>
        <xilinx:tag xilinx:name="ui.data.coregen.dd@6edc8532_ARCHIVE_LOCATION">c:/Users/knstokke/Documents/Vivado18/ip_repo/Gamma_1.0</xilinx:tag>
        <xilinx:tag xilinx:name="ui.data.coregen.dd@7c7ddc4_ARCHIVE_LOCATION">c:/Users/knstokke/Documents/Vivado18/ip_repo/Gamma_1.0</xilinx:tag>
        <xilinx:tag xilinx:name="ui.data.coregen.dd@458c503c_ARCHIVE_LOCATION">c:/Users/knstokke/Documents/Vivado18/ip_repo/Gamma_1.0</xilinx:tag>
        <xilinx:tag xilinx:name="ui.data.coregen.dd@7ef13699_ARCHIVE_LOCATION">c:/Users/knstokke/Documents/Vivado18/ip_repo/Gamma_1.0</xilinx:tag>
        <xilinx:tag xilinx:name="ui.data.coregen.dd@22b7cea1_ARCHIVE_LOCATION">c:/Users/knstokke/Documents/Vivado18/ip_repo/Gamma_1.0</xilinx:tag>
        <xilinx:tag xilinx:name="ui.data.coregen.dd@22033a36_ARCHIVE_LOCATION">c:/Users/knstokke/Documents/Vivado18/ip_repo/Gamma_1.0</xilinx:tag>
        <xilinx:tag xilinx:name="ui.data.coregen.dd@3731401e_ARCHIVE_LOCATION">c:/Users/knstokke/Documents/Vivado18/ip_repo/Gamma_1.0</xilinx:tag>
        <xilinx:tag xilinx:name="ui.data.coregen.dd@356688f3_ARCHIVE_LOCATION">c:/Users/knstokke/Documents/Vivado18/ip_repo/Gamma_1.0</xilinx:tag>
        <xilinx:tag xilinx:name="ui.data.coregen.dd@76779c52_ARCHIVE_LOCATION">c:/Users/knstokke/Documents/Vivado18/ip_repo/Gamma_1.0</xilinx:tag>
        <xilinx:tag xilinx:name="ui.data.coregen.dd@232d87e4_ARCHIVE_LOCATION">c:/Users/knstokke/Documents/Vivado18/ip_repo/Gamma_1.0</xilinx:tag>
        <xilinx:tag xilinx:name="ui.data.coregen.dd@6a4ad88_ARCHIVE_LOCATION">c:/Users/knstokke/Documents/Vivado18/ip_repo/Gamma_1.0</xilinx:tag>
        <xilinx:tag xilinx:name="ui.data.coregen.dd@12030a0d_ARCHIVE_LOCATION">c:/Users/knstokke/Documents/Vivado18/ip_repo/Gamma_1.0</xilinx:tag>
        <xilinx:tag xilinx:name="ui.data.coregen.dd@4624e143_ARCHIVE_LOCATION">c:/Users/knstokke/Documents/Vivado18/ip_repo/Gamma_1.0</xilinx:tag>
        <xilinx:tag xilinx:name="ui.data.coregen.dd@2fb7307_ARCHIVE_LOCATION">c:/Users/knstokke/Documents/Vivado18/ip_repo/Gamma_1.0</xilinx:tag>
        <xilinx:tag xilinx:name="ui.data.coregen.dd@2b0b3c78_ARCHIVE_LOCATION">c:/Users/knstokke/Documents/Vivado18/ip_repo/Gamma_1.0</xilinx:tag>
        <xilinx:tag xilinx:name="ui.data.coregen.dd@781f1725_ARCHIVE_LOCATION">c:/Users/knstokke/Documents/Vivado18/ip_repo/Gamma_1.0</xilinx:tag>
        <xilinx:tag xilinx:name="ui.data.coregen.dd@424c7600_ARCHIVE_LOCATION">c:/Users/knstokke/Documents/Vivado18/ip_repo/Gamma_1.0</xilinx:tag>
        <xilinx:tag xilinx:name="ui.data.coregen.dd@7ae1dd36_ARCHIVE_LOCATION">c:/Users/knstokke/Documents/Vivado18/ip_repo/Gamma_1.0</xilinx:tag>
        <xilinx:tag xilinx:name="ui.data.coregen.dd@61e96e80_ARCHIVE_LOCATION">c:/Users/knstokke/Documents/Vivado18/ip_repo/Gamma_1.0</xilinx:tag>
        <xilinx:tag xilinx:name="ui.data.coregen.dd@5c9635b8_ARCHIVE_LOCATION">c:/Users/knstokke/Documents/Vivado18/ip_repo/Gamma_1.0</xilinx:tag>
        <xilinx:tag xilinx:name="ui.data.coregen.dd@193d6843_ARCHIVE_LOCATION">c:/Users/knstokke/Documents/Vivado18/ip_repo/Gamma_1.0</xilinx:tag>
        <xilinx:tag xilinx:name="ui.data.coregen.dd@502d28f1_ARCHIVE_LOCATION">c:/Users/knstokke/Documents/Vivado18/ip_repo/Gamma_1.0</xilinx:tag>
        <xilinx:tag xilinx:name="ui.data.coregen.dd@c8f1897_ARCHIVE_LOCATION">c:/Users/knstokke/Documents/Vivado18/ip_repo/Gamma_1.0</xilinx:tag>
        <xilinx:tag xilinx:name="ui.data.coregen.dd@283b7455_ARCHIVE_LOCATION">c:/Users/knstokke/Documents/Vivado18/ip_repo/Gamma_1.0</xilinx:tag>
        <xilinx:tag xilinx:name="ui.data.coregen.dd@d047f84_ARCHIVE_LOCATION">c:/Users/knstokke/Documents/Vivado18/ip_repo/Gamma_1.0</xilinx:tag>
        <xilinx:tag xilinx:name="ui.data.coregen.dd@395cc568_ARCHIVE_LOCATION">c:/Users/knstokke/Documents/Vivado18/ip_repo/Gamma_1.0</xilinx:tag>
        <xilinx:tag xilinx:name="ui.data.coregen.dd@17d62111_ARCHIVE_LOCATION">c:/Users/knstokke/Documents/Vivado18/ip_repo/Gamma_1.0</xilinx:tag>
        <xilinx:tag xilinx:name="ui.data.coregen.dd@56493304_ARCHIVE_LOCATION">c:/Users/knstokke/Documents/Vivado18/ip_repo/Gamma_1.0</xilinx:tag>
        <xilinx:tag xilinx:name="ui.data.coregen.dd@53d6cb56_ARCHIVE_LOCATION">c:/Users/knstokke/Documents/Vivado18/ip_repo/Gamma_1.0</xilinx:tag>
        <xilinx:tag xilinx:name="ui.data.coregen.dd@7a30b86b_ARCHIVE_LOCATION">c:/Users/knstokke/Documents/Vivado18/ip_repo/Gamma_1.0</xilinx:tag>
        <xilinx:tag xilinx:name="ui.data.coregen.dd@472117ed_ARCHIVE_LOCATION">c:/Users/knstokke/Documents/Vivado18/ip_repo/Gamma_1.0</xilinx:tag>
        <xilinx:tag xilinx:name="ui.data.coregen.dd@680945eb_ARCHIVE_LOCATION">c:/Users/knstokke/Documents/Vivado18/ip_repo/Gamma_1.0</xilinx:tag>
        <xilinx:tag xilinx:name="ui.data.coregen.dd@39deceb_ARCHIVE_LOCATION">c:/Users/knstokke/Documents/Vivado18/ip_repo/Gamma_1.0</xilinx:tag>
        <xilinx:tag xilinx:name="ui.data.coregen.dd@3a0fe86f_ARCHIVE_LOCATION">c:/Users/knstokke/Documents/Vivado18/ip_repo/Gamma_1.0</xilinx:tag>
        <xilinx:tag xilinx:name="ui.data.coregen.dd@2807cf4c_ARCHIVE_LOCATION">c:/Users/knstokke/Documents/Vivado18/ip_repo/Gamma_1.0</xilinx:tag>
        <xilinx:tag xilinx:name="ui.data.coregen.dd@465bc6d7_ARCHIVE_LOCATION">c:/Users/knstokke/Documents/Vivado18/ip_repo/Gamma_1.0</xilinx:tag>
        <xilinx:tag xilinx:name="ui.data.coregen.dd@1d58098c_ARCHIVE_LOCATION">c:/Users/knstokke/Documents/Vivado18/ip_repo/Gamma_1.0</xilinx:tag>
        <xilinx:tag xilinx:name="ui.data.coregen.dd@2185428b_ARCHIVE_LOCATION">c:/Users/knstokke/Documents/Vivado18/ip_repo/Gamma_1.0</xilinx:tag>
        <xilinx:tag xilinx:name="ui.data.coregen.dd@76d1cc7a_ARCHIVE_LOCATION">c:/Users/knstokke/Documents/Vivado18/ip_repo/Gamma_1.0</xilinx:tag>
        <xilinx:tag xilinx:name="ui.data.coregen.dd@31466b46_ARCHIVE_LOCATION">c:/Users/knstokke/Documents/Vivado18/ip_repo/Gamma_1.0</xilinx:tag>
        <xilinx:tag xilinx:name="ui.data.coregen.dd@117427ca_ARCHIVE_LOCATION">c:/Users/knstokke/Documents/Vivado18/ip_repo/Gamma_1.0</xilinx:tag>
        <xilinx:tag xilinx:name="ui.data.coregen.dd@57e3374d_ARCHIVE_LOCATION">c:/Users/knstokke/Documents/Vivado18/ip_repo/Gamma_1.0</xilinx:tag>
        <xilinx:tag xilinx:name="ui.data.coregen.dd@5f2ab9da_ARCHIVE_LOCATION">c:/Users/knstokke/Documents/Vivado18/ip_repo/Gamma_1.0</xilinx:tag>
        <xilinx:tag xilinx:name="ui.data.coregen.dd@86e39d9_ARCHIVE_LOCATION">c:/Users/knstokke/Documents/Vivado18/ip_repo/Gamma_1.0</xilinx:tag>
        <xilinx:tag xilinx:name="ui.data.coregen.dd@6e05ff4a_ARCHIVE_LOCATION">c:/Users/knstokke/Documents/Vivado18/ip_repo/Gamma_1.0</xilinx:tag>
        <xilinx:tag xilinx:name="ui.data.coregen.dd@3cfa041e_ARCHIVE_LOCATION">c:/Users/knstokke/Documents/Vivado18/ip_repo/Gamma_1.0</xilinx:tag>
        <xilinx:tag xilinx:name="ui.data.coregen.dd@7eed6f5e_ARCHIVE_LOCATION">c:/Users/knstokke/Documents/Vivado18/ip_repo/Gamma_1.0</xilinx:tag>
        <xilinx:tag xilinx:name="ui.data.coregen.dd@2265723b_ARCHIVE_LOCATION">c:/Users/knstokke/Documents/Vivado18/ip_repo/Gamma_1.0</xilinx:tag>
        <xilinx:tag xilinx:name="ui.data.coregen.dd@7cf2f725_ARCHIVE_LOCATION">c:/Users/knstokke/Documents/Vivado18/ip_repo/Gamma_1.0</xilinx:tag>
        <xilinx:tag xilinx:name="ui.data.coregen.dd@ef4f641_ARCHIVE_LOCATION">c:/Users/knstokke/Documents/Vivado18/ip_repo/Gamma_1.0</xilinx:tag>
        <xilinx:tag xilinx:name="ui.data.coregen.dd@136e4092_ARCHIVE_LOCATION">c:/Users/knstokke/Documents/Vivado18/ip_repo/Gamma_1.0</xilinx:tag>
        <xilinx:tag xilinx:name="ui.data.coregen.dd@14287c6a_ARCHIVE_LOCATION">c:/Users/knstokke/Documents/Vivado18/ip_repo/Gamma_1.0</xilinx:tag>
        <xilinx:tag xilinx:name="ui.data.coregen.dd@2ff5e097_ARCHIVE_LOCATION">c:/Users/knstokke/Documents/Vivado18/ip_repo/Gamma_1.0</xilinx:tag>
        <xilinx:tag xilinx:name="ui.data.coregen.dd@1c136ae_ARCHIVE_LOCATION">c:/Users/knstokke/Documents/Vivado18/ip_repo/Gamma_1.0</xilinx:tag>
        <xilinx:tag xilinx:name="ui.data.coregen.dd@358ea94b_ARCHIVE_LOCATION">c:/Users/knstokke/Documents/Vivado18/ip_repo/Gamma_1.0</xilinx:tag>
        <xilinx:tag xilinx:name="ui.data.coregen.dd@22a06c3f_ARCHIVE_LOCATION">c:/Users/knstokke/Documents/Vivado18/ip_repo/Gamma_1.0</xilinx:tag>
        <xilinx:tag xilinx:name="ui.data.coregen.dd@1fe33dc4_ARCHIVE_LOCATION">c:/Users/knstokke/Documents/Vivado18/ip_repo/Gamma_1.0</xilinx:tag>
        <xilinx:tag xilinx:name="ui.data.coregen.dd@75f5a18d_ARCHIVE_LOCATION">c:/Users/knstokke/Documents/Vivado18/ip_repo/Gamma_1.0</xilinx:tag>
        <xilinx:tag xilinx:name="ui.data.coregen.dd@7ee2d62f_ARCHIVE_LOCATION">c:/Users/knstokke/Documents/Vivado18/ip_repo/Gamma_1.0</xilinx:tag>
        <xilinx:tag xilinx:name="ui.data.coregen.dd@140f9a6d_ARCHIVE_LOCATION">c:/Users/knstokke/Documents/Vivado18/ip_repo/Gamma_1.0</xilinx:tag>
        <xilinx:tag xilinx:name="ui.data.coregen.dd@3b61fd6b_ARCHIVE_LOCATION">c:/Users/knstokke/Documents/Vivado18/ip_repo/Gamma_1.0</xilinx:tag>
        <xilinx:tag xilinx:name="ui.data.coregen.dd@141e172a_ARCHIVE_LOCATION">c:/Users/knstokke/Documents/Vivado18/ip_repo/Gamma_1.0</xilinx:tag>
        <xilinx:tag xilinx:name="ui.data.coregen.dd@6d64d40e_ARCHIVE_LOCATION">c:/Users/knstokke/Documents/Vivado18/ip_repo/Gamma_1.0</xilinx:tag>
        <xilinx:tag xilinx:name="ui.data.coregen.dd@4df00a0_ARCHIVE_LOCATION">c:/Users/knstokke/Documents/Vivado18/ip_repo/Gamma_1.0</xilinx:tag>
        <xilinx:tag xilinx:name="ui.data.coregen.dd@161a9ecc_ARCHIVE_LOCATION">c:/Users/knstokke/Documents/Vivado18/ip_repo/Gamma_1.0</xilinx:tag>
        <xilinx:tag xilinx:name="ui.data.coregen.dd@309e2a89_ARCHIVE_LOCATION">c:/Users/knstokke/Documents/Vivado18/ip_repo/Gamma_1.0</xilinx:tag>
        <xilinx:tag xilinx:name="ui.data.coregen.dd@42c9f047_ARCHIVE_LOCATION">c:/Users/knstokke/Documents/Vivado18/ip_repo/Gamma_1.0</xilinx:tag>
        <xilinx:tag xilinx:name="ui.data.coregen.dd@33a9f40f_ARCHIVE_LOCATION">c:/Users/knstokke/Documents/Vivado18/ip_repo/Gamma_1.0</xilinx:tag>
        <xilinx:tag xilinx:name="ui.data.coregen.dd@f75e97e_ARCHIVE_LOCATION">c:/Users/knstokke/Documents/Vivado18/ip_repo/Gamma_1.0</xilinx:tag>
        <xilinx:tag xilinx:name="ui.data.coregen.dd@3be5965d_ARCHIVE_LOCATION">c:/Users/knstokke/Documents/Vivado18/ip_repo/Gamma_1.0</xilinx:tag>
        <xilinx:tag xilinx:name="ui.data.coregen.dd@137ae1b9_ARCHIVE_LOCATION">c:/Users/knstokke/Documents/Vivado18/ip_repo/Gamma_1.0</xilinx:tag>
        <xilinx:tag xilinx:name="ui.data.coregen.dd@dc2bdeb_ARCHIVE_LOCATION">c:/Users/knstokke/Documents/Vivado18/ip_repo/Gamma_1.0</xilinx:tag>
        <xilinx:tag xilinx:name="ui.data.coregen.dd@4033accb_ARCHIVE_LOCATION">c:/Users/knstokke/Documents/Vivado18/ip_repo/Gamma_1.0</xilinx:tag>
        <xilinx:tag xilinx:name="ui.data.coregen.dd@166081de_ARCHIVE_LOCATION">c:/Users/knstokke/Documents/Vivado18/ip_repo/Gamma_1.0</xilinx:tag>
        <xilinx:tag xilinx:name="ui.data.coregen.dd@607820f8_ARCHIVE_LOCATION">c:/Users/knstokke/Documents/Vivado18/ip_repo/Gamma_1.0</xilinx:tag>
        <xilinx:tag xilinx:name="ui.data.coregen.dd@201bec5b_ARCHIVE_LOCATION">c:/Users/knstokke/Documents/Vivado18/ip_repo/Gamma_1.0</xilinx:tag>
        <xilinx:tag xilinx:name="ui.data.coregen.dd@28bf097e_ARCHIVE_LOCATION">c:/Users/knstokke/Documents/Vivado18/ip_repo/Gamma_1.0</xilinx:tag>
        <xilinx:tag xilinx:name="ui.data.coregen.dd@533fbe4a_ARCHIVE_LOCATION">c:/Users/knstokke/Documents/Vivado18/ip_repo/Gamma_1.0</xilinx:tag>
        <xilinx:tag xilinx:name="ui.data.coregen.dd@5fbee6cc_ARCHIVE_LOCATION">c:/Users/knstokke/Documents/Vivado18/ip_repo/Gamma_1.0</xilinx:tag>
        <xilinx:tag xilinx:name="ui.data.coregen.dd@3b79e81c_ARCHIVE_LOCATION">c:/Users/knstokke/Documents/Vivado18/ip_repo/Gamma_1.0</xilinx:tag>
        <xilinx:tag xilinx:name="ui.data.coregen.dd@20c2af8a_ARCHIVE_LOCATION">c:/Users/knstokke/Documents/Vivado18/ip_repo/Gamma_1.0</xilinx:tag>
        <xilinx:tag xilinx:name="ui.data.coregen.dd@7db58f4a_ARCHIVE_LOCATION">c:/Users/knstokke/Documents/Vivado18/ip_repo/Gamma_1.0</xilinx:tag>
        <xilinx:tag xilinx:name="ui.data.coregen.dd@45d902e_ARCHIVE_LOCATION">c:/Users/knstokke/Documents/Vivado18/ip_repo/Gamma_1.0</xilinx:tag>
        <xilinx:tag xilinx:name="ui.data.coregen.dd@19ab3703_ARCHIVE_LOCATION">c:/Users/knstokke/Documents/Vivado18/ip_repo/Gamma_1.0</xilinx:tag>
        <xilinx:tag xilinx:name="ui.data.coregen.dd@796dbb22_ARCHIVE_LOCATION">c:/Users/knstokke/Documents/Vivado18/ip_repo/Gamma_1.0</xilinx:tag>
        <xilinx:tag xilinx:name="ui.data.coregen.dd@ccc0d32_ARCHIVE_LOCATION">c:/Users/knstokke/Documents/Vivado18/ip_repo/Gamma_1.0</xilinx:tag>
        <xilinx:tag xilinx:name="ui.data.coregen.dd@5c243107_ARCHIVE_LOCATION">c:/Users/knstokke/Documents/Vivado18/ip_repo/Gamma_1.0</xilinx:tag>
        <xilinx:tag xilinx:name="ui.data.coregen.dd@6c4650c0_ARCHIVE_LOCATION">c:/Users/knstokke/Documents/Vivado18/ip_repo/Gamma_1.0</xilinx:tag>
        <xilinx:tag xilinx:name="ui.data.coregen.dd@541de81_ARCHIVE_LOCATION">c:/Users/knstokke/Documents/Vivado18/ip_repo/Gamma_1.0</xilinx:tag>
        <xilinx:tag xilinx:name="ui.data.coregen.dd@1e4b5969_ARCHIVE_LOCATION">c:/Users/knstokke/Documents/Vivado18/ip_repo/Gamma_1.0</xilinx:tag>
        <xilinx:tag xilinx:name="ui.data.coregen.dd@69724191_ARCHIVE_LOCATION">c:/Users/knstokke/Documents/Vivado18/ip_repo/Gamma_1.0</xilinx:tag>
        <xilinx:tag xilinx:name="ui.data.coregen.dd@529330aa_ARCHIVE_LOCATION">c:/Users/knstokke/Documents/Vivado18/ip_repo/Gamma_1.0</xilinx:tag>
        <xilinx:tag xilinx:name="ui.data.coregen.dd@16c47d6d_ARCHIVE_LOCATION">c:/Users/knstokke/Documents/Vivado18/ip_repo/Gamma_1.0</xilinx:tag>
        <xilinx:tag xilinx:name="ui.data.coregen.dd@68136e72_ARCHIVE_LOCATION">c:/Users/knstokke/Documents/Vivado18/ip_repo/Gamma_1.0</xilinx:tag>
        <xilinx:tag xilinx:name="ui.data.coregen.dd@95a4cbb_ARCHIVE_LOCATION">c:/Users/knstokke/Documents/Vivado18/ip_repo/Gamma_1.0</xilinx:tag>
        <xilinx:tag xilinx:name="ui.data.coregen.dd@6457e444_ARCHIVE_LOCATION">c:/Users/knstokke/Documents/Vivado18/ip_repo/Gamma_1.0</xilinx:tag>
        <xilinx:tag xilinx:name="ui.data.coregen.dd@44bd1982_ARCHIVE_LOCATION">c:/Users/knstokke/Documents/Vivado18/ip_repo/Gamma_1.0</xilinx:tag>
        <xilinx:tag xilinx:name="ui.data.coregen.dd@2b37617a_ARCHIVE_LOCATION">c:/Users/knstokke/Documents/Vivado18/ip_repo/Gamma_1.0</xilinx:tag>
        <xilinx:tag xilinx:name="ui.data.coregen.dd@2a5ed589_ARCHIVE_LOCATION">c:/Users/knstokke/Documents/Vivado18/ip_repo/Gamma_1.0</xilinx:tag>
        <xilinx:tag xilinx:name="ui.data.coregen.dd@23f9cb8c_ARCHIVE_LOCATION">c:/Users/knstokke/Documents/Vivado18/ip_repo/Gamma_1.0</xilinx:tag>
        <xilinx:tag xilinx:name="ui.data.coregen.dd@2d727a31_ARCHIVE_LOCATION">c:/Users/knstokke/Documents/Vivado18/ip_repo/Gamma_1.0</xilinx:tag>
        <xilinx:tag xilinx:name="ui.data.coregen.dd@424be39d_ARCHIVE_LOCATION">c:/Users/knstokke/Documents/Vivado18/ip_repo/Gamma_1.0</xilinx:tag>
        <xilinx:tag xilinx:name="ui.data.coregen.dd@1dec1aaf_ARCHIVE_LOCATION">c:/Users/knstokke/Documents/Vivado18/ip_repo/Gamma_1.0</xilinx:tag>
        <xilinx:tag xilinx:name="ui.data.coregen.dd@19fa706c_ARCHIVE_LOCATION">c:/Users/knstokke/Documents/Vivado18/ip_repo/Gamma_1.0</xilinx:tag>
        <xilinx:tag xilinx:name="ui.data.coregen.dd@4dc5df0f_ARCHIVE_LOCATION">c:/Users/knstokke/Documents/Vivado18/ip_repo/Gamma_1.0</xilinx:tag>
        <xilinx:tag xilinx:name="ui.data.coregen.dd@219dffd4_ARCHIVE_LOCATION">c:/Users/knstokke/Documents/Vivado18/ip_repo/Gamma_1.0</xilinx:tag>
        <xilinx:tag xilinx:name="ui.data.coregen.dd@2460f0c2_ARCHIVE_LOCATION">c:/Users/knstokke/Documents/Vivado18/ip_repo/Gamma_1.0</xilinx:tag>
        <xilinx:tag xilinx:name="ui.data.coregen.dd@1db72237_ARCHIVE_LOCATION">c:/Users/knstokke/Documents/Vivado18/ip_repo/Gamma_1.0</xilinx:tag>
        <xilinx:tag xilinx:name="ui.data.coregen.dd@19e7f469_ARCHIVE_LOCATION">c:/Users/knstokke/Documents/Vivado18/ip_repo/Gamma_1.0</xilinx:tag>
        <xilinx:tag xilinx:name="ui.data.coregen.dd@208372cf_ARCHIVE_LOCATION">c:/Users/knstokke/Documents/Vivado18/ip_repo/Gamma_1.0</xilinx:tag>
        <xilinx:tag xilinx:name="ui.data.coregen.dd@50ca6b7c_ARCHIVE_LOCATION">c:/Users/knstokke/Documents/Vivado18/ip_repo/Gamma_1.0</xilinx:tag>
        <xilinx:tag xilinx:name="ui.data.coregen.dd@7e75e87a_ARCHIVE_LOCATION">c:/Users/knstokke/Documents/Vivado18/ip_repo/Gamma_1.0</xilinx:tag>
        <xilinx:tag xilinx:name="ui.data.coregen.dd@22309cd9_ARCHIVE_LOCATION">c:/Users/knstokke/Documents/Vivado18/ip_repo/Gamma_1.0</xilinx:tag>
        <xilinx:tag xilinx:name="ui.data.coregen.dd@2ae0b949_ARCHIVE_LOCATION">c:/Users/knstokke/Documents/Vivado18/ip_repo/Gamma_1.0</xilinx:tag>
        <xilinx:tag xilinx:name="ui.data.coregen.dd@76edc1e4_ARCHIVE_LOCATION">c:/Users/knstokke/Documents/Vivado18/ip_repo/Gamma_1.0</xilinx:tag>
        <xilinx:tag xilinx:name="ui.data.coregen.dd@127b3739_ARCHIVE_LOCATION">c:/Users/knstokke/Documents/Vivado18/ip_repo/Gamma_1.0</xilinx:tag>
      </xilinx:tags>
    </xilinx:coreExtensions>
    <xilinx:packagingInfo>
      <xilinx:xilinxVersion>2018.3.1</xilinx:xilinxVersion>
      <xilinx:checksum xilinx:scope="busInterfaces" xilinx:value="7a63f3fc"/>
      <xilinx:checksum xilinx:scope="memoryMaps" xilinx:value="ed1368d5"/>
      <xilinx:checksum xilinx:scope="fileGroups" xilinx:value="8b6f89d4"/>
      <xilinx:checksum xilinx:scope="ports" xilinx:value="b523cd08"/>
      <xilinx:checksum xilinx:scope="hdlParameters" xilinx:value="6992ea72"/>
      <xilinx:checksum xilinx:scope="parameters" xilinx:value="73b4c739"/>
    </xilinx:packagingInfo>
  </spirit:vendorExtensions>
</spirit:component>
