<?xml version="1.0" encoding="UTF-8"?>
<spirit:component xmlns:xilinx="http://www.xilinx.com" xmlns:spirit="http://www.spiritconsortium.org/XMLSchema/SPIRIT/1685-2009" xmlns:xsi="http://www.w3.org/2001/XMLSchema-instance">
  <spirit:vendor>xilinx.com</spirit:vendor>
  <spirit:library>user</spirit:library>
  <spirit:name>Gam_Interface</spirit:name>
  <spirit:version>1.0</spirit:version>
  <spirit:busInterfaces>
    <spirit:busInterface>
      <spirit:name>S00_AXI</spirit:name>
      <spirit:busType spirit:vendor="xilinx.com" spirit:library="interface" spirit:name="aximm" spirit:version="1.0"/>
      <spirit:abstractionType spirit:vendor="xilinx.com" spirit:library="interface" spirit:name="aximm_rtl" spirit:version="1.0"/>
      <spirit:slave>
        <spirit:memoryMapRef spirit:memoryMapRef="S00_AXI"/>
      </spirit:slave>
      <spirit:portMaps>
        <spirit:portMap>
          <spirit:logicalPort>
            <spirit:name>AWADDR</spirit:name>
          </spirit:logicalPort>
          <spirit:physicalPort>
            <spirit:name>s00_axi_awaddr</spirit:name>
          </spirit:physicalPort>
        </spirit:portMap>
        <spirit:portMap>
          <spirit:logicalPort>
            <spirit:name>AWPROT</spirit:name>
          </spirit:logicalPort>
          <spirit:physicalPort>
            <spirit:name>s00_axi_awprot</spirit:name>
          </spirit:physicalPort>
        </spirit:portMap>
        <spirit:portMap>
          <spirit:logicalPort>
            <spirit:name>AWVALID</spirit:name>
          </spirit:logicalPort>
          <spirit:physicalPort>
            <spirit:name>s00_axi_awvalid</spirit:name>
          </spirit:physicalPort>
        </spirit:portMap>
        <spirit:portMap>
          <spirit:logicalPort>
            <spirit:name>AWREADY</spirit:name>
          </spirit:logicalPort>
          <spirit:physicalPort>
            <spirit:name>s00_axi_awready</spirit:name>
          </spirit:physicalPort>
        </spirit:portMap>
        <spirit:portMap>
          <spirit:logicalPort>
            <spirit:name>WDATA</spirit:name>
          </spirit:logicalPort>
          <spirit:physicalPort>
            <spirit:name>s00_axi_wdata</spirit:name>
          </spirit:physicalPort>
        </spirit:portMap>
        <spirit:portMap>
          <spirit:logicalPort>
            <spirit:name>WSTRB</spirit:name>
          </spirit:logicalPort>
          <spirit:physicalPort>
            <spirit:name>s00_axi_wstrb</spirit:name>
          </spirit:physicalPort>
        </spirit:portMap>
        <spirit:portMap>
          <spirit:logicalPort>
            <spirit:name>WVALID</spirit:name>
          </spirit:logicalPort>
          <spirit:physicalPort>
            <spirit:name>s00_axi_wvalid</spirit:name>
          </spirit:physicalPort>
        </spirit:portMap>
        <spirit:portMap>
          <spirit:logicalPort>
            <spirit:name>WREADY</spirit:name>
          </spirit:logicalPort>
          <spirit:physicalPort>
            <spirit:name>s00_axi_wready</spirit:name>
          </spirit:physicalPort>
        </spirit:portMap>
        <spirit:portMap>
          <spirit:logicalPort>
            <spirit:name>BRESP</spirit:name>
          </spirit:logicalPort>
          <spirit:physicalPort>
            <spirit:name>s00_axi_bresp</spirit:name>
          </spirit:physicalPort>
        </spirit:portMap>
        <spirit:portMap>
          <spirit:logicalPort>
            <spirit:name>BVALID</spirit:name>
          </spirit:logicalPort>
          <spirit:physicalPort>
            <spirit:name>s00_axi_bvalid</spirit:name>
          </spirit:physicalPort>
        </spirit:portMap>
        <spirit:portMap>
          <spirit:logicalPort>
            <spirit:name>BREADY</spirit:name>
          </spirit:logicalPort>
          <spirit:physicalPort>
            <spirit:name>s00_axi_bready</spirit:name>
          </spirit:physicalPort>
        </spirit:portMap>
        <spirit:portMap>
          <spirit:logicalPort>
            <spirit:name>ARADDR</spirit:name>
          </spirit:logicalPort>
          <spirit:physicalPort>
            <spirit:name>s00_axi_araddr</spirit:name>
          </spirit:physicalPort>
        </spirit:portMap>
        <spirit:portMap>
          <spirit:logicalPort>
            <spirit:name>ARPROT</spirit:name>
          </spirit:logicalPort>
          <spirit:physicalPort>
            <spirit:name>s00_axi_arprot</spirit:name>
          </spirit:physicalPort>
        </spirit:portMap>
        <spirit:portMap>
          <spirit:logicalPort>
            <spirit:name>ARVALID</spirit:name>
          </spirit:logicalPort>
          <spirit:physicalPort>
            <spirit:name>s00_axi_arvalid</spirit:name>
          </spirit:physicalPort>
        </spirit:portMap>
        <spirit:portMap>
          <spirit:logicalPort>
            <spirit:name>ARREADY</spirit:name>
          </spirit:logicalPort>
          <spirit:physicalPort>
            <spirit:name>s00_axi_arready</spirit:name>
          </spirit:physicalPort>
        </spirit:portMap>
        <spirit:portMap>
          <spirit:logicalPort>
            <spirit:name>RDATA</spirit:name>
          </spirit:logicalPort>
          <spirit:physicalPort>
            <spirit:name>s00_axi_rdata</spirit:name>
          </spirit:physicalPort>
        </spirit:portMap>
        <spirit:portMap>
          <spirit:logicalPort>
            <spirit:name>RRESP</spirit:name>
          </spirit:logicalPort>
          <spirit:physicalPort>
            <spirit:name>s00_axi_rresp</spirit:name>
          </spirit:physicalPort>
        </spirit:portMap>
        <spirit:portMap>
          <spirit:logicalPort>
            <spirit:name>RVALID</spirit:name>
          </spirit:logicalPort>
          <spirit:physicalPort>
            <spirit:name>s00_axi_rvalid</spirit:name>
          </spirit:physicalPort>
        </spirit:portMap>
        <spirit:portMap>
          <spirit:logicalPort>
            <spirit:name>RREADY</spirit:name>
          </spirit:logicalPort>
          <spirit:physicalPort>
            <spirit:name>s00_axi_rready</spirit:name>
          </spirit:physicalPort>
        </spirit:portMap>
      </spirit:portMaps>
      <spirit:parameters>
        <spirit:parameter>
          <spirit:name>WIZ_DATA_WIDTH</spirit:name>
          <spirit:value spirit:format="long" spirit:id="BUSIFPARAM_VALUE.S00_AXI.WIZ_DATA_WIDTH" spirit:choiceRef="choice_list_6fc15197">32</spirit:value>
        </spirit:parameter>
        <spirit:parameter>
          <spirit:name>WIZ_NUM_REG</spirit:name>
          <spirit:value spirit:format="long" spirit:id="BUSIFPARAM_VALUE.S00_AXI.WIZ_NUM_REG" spirit:minimum="4" spirit:maximum="512" spirit:rangeType="long">4</spirit:value>
        </spirit:parameter>
        <spirit:parameter>
          <spirit:name>SUPPORTS_NARROW_BURST</spirit:name>
          <spirit:value spirit:format="long" spirit:id="BUSIFPARAM_VALUE.S00_AXI.SUPPORTS_NARROW_BURST" spirit:choiceRef="choice_pairs_ce1226b1">0</spirit:value>
        </spirit:parameter>
      </spirit:parameters>
    </spirit:busInterface>
    <spirit:busInterface>
      <spirit:name>S00_AXI_RST</spirit:name>
      <spirit:busType spirit:vendor="xilinx.com" spirit:library="signal" spirit:name="reset" spirit:version="1.0"/>
      <spirit:abstractionType spirit:vendor="xilinx.com" spirit:library="signal" spirit:name="reset_rtl" spirit:version="1.0"/>
      <spirit:slave/>
      <spirit:portMaps>
        <spirit:portMap>
          <spirit:logicalPort>
            <spirit:name>RST</spirit:name>
          </spirit:logicalPort>
          <spirit:physicalPort>
            <spirit:name>s00_axi_aresetn</spirit:name>
          </spirit:physicalPort>
        </spirit:portMap>
      </spirit:portMaps>
      <spirit:parameters>
        <spirit:parameter>
          <spirit:name>POLARITY</spirit:name>
          <spirit:value spirit:id="BUSIFPARAM_VALUE.S00_AXI_RST.POLARITY" spirit:choiceRef="choice_list_9d8b0d81">ACTIVE_LOW</spirit:value>
        </spirit:parameter>
      </spirit:parameters>
    </spirit:busInterface>
    <spirit:busInterface>
      <spirit:name>S00_AXI_CLK</spirit:name>
      <spirit:busType spirit:vendor="xilinx.com" spirit:library="signal" spirit:name="clock" spirit:version="1.0"/>
      <spirit:abstractionType spirit:vendor="xilinx.com" spirit:library="signal" spirit:name="clock_rtl" spirit:version="1.0"/>
      <spirit:slave/>
      <spirit:portMaps>
        <spirit:portMap>
          <spirit:logicalPort>
            <spirit:name>CLK</spirit:name>
          </spirit:logicalPort>
          <spirit:physicalPort>
            <spirit:name>s00_axi_aclk</spirit:name>
          </spirit:physicalPort>
        </spirit:portMap>
      </spirit:portMaps>
      <spirit:parameters>
        <spirit:parameter>
          <spirit:name>ASSOCIATED_BUSIF</spirit:name>
          <spirit:value spirit:id="BUSIFPARAM_VALUE.S00_AXI_CLK.ASSOCIATED_BUSIF">S00_AXI</spirit:value>
        </spirit:parameter>
        <spirit:parameter>
          <spirit:name>ASSOCIATED_RESET</spirit:name>
          <spirit:value spirit:id="BUSIFPARAM_VALUE.S00_AXI_CLK.ASSOCIATED_RESET">s00_axi_aresetn</spirit:value>
        </spirit:parameter>
      </spirit:parameters>
    </spirit:busInterface>
  </spirit:busInterfaces>
  <spirit:memoryMaps>
    <spirit:memoryMap>
      <spirit:name>S00_AXI</spirit:name>
      <spirit:addressBlock>
        <spirit:name>S00_AXI_reg</spirit:name>
        <spirit:baseAddress spirit:format="long" spirit:resolve="user">0</spirit:baseAddress>
        <spirit:range spirit:format="long">4096</spirit:range>
        <spirit:width spirit:format="long">32</spirit:width>
        <spirit:usage>register</spirit:usage>
        <spirit:parameters>
          <spirit:parameter>
            <spirit:name>OFFSET_BASE_PARAM</spirit:name>
            <spirit:value spirit:id="ADDRBLOCKPARAM_VALUE.S00_AXI.S00_AXI_REG.OFFSET_BASE_PARAM">C_S00_AXI_BASEADDR</spirit:value>
          </spirit:parameter>
          <spirit:parameter>
            <spirit:name>OFFSET_HIGH_PARAM</spirit:name>
            <spirit:value spirit:id="ADDRBLOCKPARAM_VALUE.S00_AXI.S00_AXI_REG.OFFSET_HIGH_PARAM">C_S00_AXI_HIGHADDR</spirit:value>
          </spirit:parameter>
        </spirit:parameters>
      </spirit:addressBlock>
    </spirit:memoryMap>
  </spirit:memoryMaps>
  <spirit:model>
    <spirit:views>
      <spirit:view>
        <spirit:name>xilinx_verilogsynthesis</spirit:name>
        <spirit:displayName>Verilog Synthesis</spirit:displayName>
        <spirit:envIdentifier>verilogSource:vivado.xilinx.com:synthesis</spirit:envIdentifier>
        <spirit:language>verilog</spirit:language>
        <spirit:modelName>Gam_Interface_v1_0</spirit:modelName>
        <spirit:fileSetRef>
          <spirit:localName>xilinx_verilogsynthesis_view_fileset</spirit:localName>
        </spirit:fileSetRef>
        <spirit:parameters>
          <spirit:parameter>
            <spirit:name>viewChecksum</spirit:name>
            <spirit:value>0d2e92ea</spirit:value>
          </spirit:parameter>
        </spirit:parameters>
      </spirit:view>
      <spirit:view>
        <spirit:name>xilinx_verilogbehavioralsimulation</spirit:name>
        <spirit:displayName>Verilog Simulation</spirit:displayName>
        <spirit:envIdentifier>verilogSource:vivado.xilinx.com:simulation</spirit:envIdentifier>
        <spirit:language>verilog</spirit:language>
        <spirit:modelName>Gam_Interface_v1_0</spirit:modelName>
        <spirit:fileSetRef>
          <spirit:localName>xilinx_verilogbehavioralsimulation_view_fileset</spirit:localName>
        </spirit:fileSetRef>
        <spirit:parameters>
          <spirit:parameter>
            <spirit:name>viewChecksum</spirit:name>
            <spirit:value>0d2e92ea</spirit:value>
          </spirit:parameter>
        </spirit:parameters>
      </spirit:view>
      <spirit:view>
        <spirit:name>xilinx_softwaredriver</spirit:name>
        <spirit:displayName>Software Driver</spirit:displayName>
        <spirit:envIdentifier>:vivado.xilinx.com:sw.driver</spirit:envIdentifier>
        <spirit:fileSetRef>
          <spirit:localName>xilinx_softwaredriver_view_fileset</spirit:localName>
        </spirit:fileSetRef>
        <spirit:parameters>
          <spirit:parameter>
            <spirit:name>viewChecksum</spirit:name>
            <spirit:value>0bc65b5a</spirit:value>
          </spirit:parameter>
        </spirit:parameters>
      </spirit:view>
      <spirit:view>
        <spirit:name>xilinx_xpgui</spirit:name>
        <spirit:displayName>UI Layout</spirit:displayName>
        <spirit:envIdentifier>:vivado.xilinx.com:xgui.ui</spirit:envIdentifier>
        <spirit:fileSetRef>
          <spirit:localName>xilinx_xpgui_view_fileset</spirit:localName>
        </spirit:fileSetRef>
        <spirit:parameters>
          <spirit:parameter>
            <spirit:name>viewChecksum</spirit:name>
            <spirit:value>dda4df14</spirit:value>
          </spirit:parameter>
        </spirit:parameters>
      </spirit:view>
      <spirit:view>
        <spirit:name>bd_tcl</spirit:name>
        <spirit:displayName>Block Diagram</spirit:displayName>
        <spirit:envIdentifier>:vivado.xilinx.com:block.diagram</spirit:envIdentifier>
        <spirit:fileSetRef>
          <spirit:localName>bd_tcl_view_fileset</spirit:localName>
        </spirit:fileSetRef>
        <spirit:parameters>
          <spirit:parameter>
            <spirit:name>viewChecksum</spirit:name>
            <spirit:value>16328387</spirit:value>
          </spirit:parameter>
        </spirit:parameters>
      </spirit:view>
    </spirit:views>
    <spirit:ports>
      <spirit:port>
        <spirit:name>gam_new_subset_0</spirit:name>
        <spirit:wire>
          <spirit:direction>in</spirit:direction>
          <spirit:wireTypeDefs>
            <spirit:wireTypeDef>
              <spirit:typeName>std_logic</spirit:typeName>
              <spirit:viewNameRef>xilinx_verilogsynthesis</spirit:viewNameRef>
              <spirit:viewNameRef>xilinx_verilogbehavioralsimulation</spirit:viewNameRef>
            </spirit:wireTypeDef>
          </spirit:wireTypeDefs>
        </spirit:wire>
      </spirit:port>
      <spirit:port>
        <spirit:name>subset_done_0</spirit:name>
        <spirit:wire>
          <spirit:direction>in</spirit:direction>
          <spirit:wireTypeDefs>
            <spirit:wireTypeDef>
              <spirit:typeName>std_logic</spirit:typeName>
              <spirit:viewNameRef>xilinx_verilogsynthesis</spirit:viewNameRef>
              <spirit:viewNameRef>xilinx_verilogbehavioralsimulation</spirit:viewNameRef>
            </spirit:wireTypeDef>
          </spirit:wireTypeDefs>
        </spirit:wire>
      </spirit:port>
      <spirit:port>
        <spirit:name>num_of_subsets_0</spirit:name>
        <spirit:wire>
          <spirit:direction>in</spirit:direction>
          <spirit:vector>
            <spirit:left spirit:format="long">31</spirit:left>
            <spirit:right spirit:format="long">0</spirit:right>
          </spirit:vector>
          <spirit:wireTypeDefs>
            <spirit:wireTypeDef>
              <spirit:typeName>std_logic_vector</spirit:typeName>
              <spirit:viewNameRef>xilinx_verilogsynthesis</spirit:viewNameRef>
              <spirit:viewNameRef>xilinx_verilogbehavioralsimulation</spirit:viewNameRef>
            </spirit:wireTypeDef>
          </spirit:wireTypeDefs>
        </spirit:wire>
      </spirit:port>
      <spirit:port>
        <spirit:name>subset_counter_0</spirit:name>
        <spirit:wire>
          <spirit:direction>in</spirit:direction>
          <spirit:vector>
            <spirit:left spirit:format="long">31</spirit:left>
            <spirit:right spirit:format="long">0</spirit:right>
          </spirit:vector>
          <spirit:wireTypeDefs>
            <spirit:wireTypeDef>
              <spirit:typeName>std_logic_vector</spirit:typeName>
              <spirit:viewNameRef>xilinx_verilogsynthesis</spirit:viewNameRef>
              <spirit:viewNameRef>xilinx_verilogbehavioralsimulation</spirit:viewNameRef>
            </spirit:wireTypeDef>
          </spirit:wireTypeDefs>
        </spirit:wire>
      </spirit:port>
      <spirit:port>
        <spirit:name>gam_subset_number_0</spirit:name>
        <spirit:wire>
          <spirit:direction>in</spirit:direction>
          <spirit:vector>
            <spirit:left spirit:format="long">31</spirit:left>
            <spirit:right spirit:format="long">0</spirit:right>
          </spirit:vector>
          <spirit:wireTypeDefs>
            <spirit:wireTypeDef>
              <spirit:typeName>std_logic_vector</spirit:typeName>
              <spirit:viewNameRef>xilinx_verilogsynthesis</spirit:viewNameRef>
              <spirit:viewNameRef>xilinx_verilogbehavioralsimulation</spirit:viewNameRef>
            </spirit:wireTypeDef>
          </spirit:wireTypeDefs>
        </spirit:wire>
      </spirit:port>
      <spirit:port>
        <spirit:name>parameters_done_0</spirit:name>
        <spirit:wire>
          <spirit:direction>in</spirit:direction>
          <spirit:wireTypeDefs>
            <spirit:wireTypeDef>
              <spirit:typeName>std_logic</spirit:typeName>
              <spirit:viewNameRef>xilinx_verilogsynthesis</spirit:viewNameRef>
              <spirit:viewNameRef>xilinx_verilogbehavioralsimulation</spirit:viewNameRef>
            </spirit:wireTypeDef>
          </spirit:wireTypeDefs>
        </spirit:wire>
      </spirit:port>
      <spirit:port>
        <spirit:name>param_dout_0</spirit:name>
        <spirit:wire>
          <spirit:direction>in</spirit:direction>
          <spirit:vector>
            <spirit:left spirit:format="long">31</spirit:left>
            <spirit:right spirit:format="long">0</spirit:right>
          </spirit:vector>
          <spirit:wireTypeDefs>
            <spirit:wireTypeDef>
              <spirit:typeName>std_logic_vector</spirit:typeName>
              <spirit:viewNameRef>xilinx_verilogsynthesis</spirit:viewNameRef>
              <spirit:viewNameRef>xilinx_verilogbehavioralsimulation</spirit:viewNameRef>
            </spirit:wireTypeDef>
          </spirit:wireTypeDefs>
        </spirit:wire>
      </spirit:port>
      <spirit:port>
        <spirit:name>base_address_0</spirit:name>
        <spirit:wire>
          <spirit:direction>in</spirit:direction>
          <spirit:vector>
            <spirit:left spirit:format="long">31</spirit:left>
            <spirit:right spirit:format="long">0</spirit:right>
          </spirit:vector>
          <spirit:wireTypeDefs>
            <spirit:wireTypeDef>
              <spirit:typeName>std_logic_vector</spirit:typeName>
              <spirit:viewNameRef>xilinx_verilogsynthesis</spirit:viewNameRef>
              <spirit:viewNameRef>xilinx_verilogbehavioralsimulation</spirit:viewNameRef>
            </spirit:wireTypeDef>
          </spirit:wireTypeDefs>
        </spirit:wire>
      </spirit:port>
      <spirit:port>
        <spirit:name>num_pxl_Int_in_0</spirit:name>
        <spirit:wire>
          <spirit:direction>in</spirit:direction>
          <spirit:vector>
            <spirit:left spirit:format="long">31</spirit:left>
            <spirit:right spirit:format="long">0</spirit:right>
          </spirit:vector>
          <spirit:wireTypeDefs>
            <spirit:wireTypeDef>
              <spirit:typeName>std_logic_vector</spirit:typeName>
              <spirit:viewNameRef>xilinx_verilogsynthesis</spirit:viewNameRef>
              <spirit:viewNameRef>xilinx_verilogbehavioralsimulation</spirit:viewNameRef>
            </spirit:wireTypeDef>
          </spirit:wireTypeDefs>
        </spirit:wire>
      </spirit:port>
      <spirit:port>
        <spirit:name>num_pxl_FP_in_0</spirit:name>
        <spirit:wire>
          <spirit:direction>in</spirit:direction>
          <spirit:vector>
            <spirit:left spirit:format="long">31</spirit:left>
            <spirit:right spirit:format="long">0</spirit:right>
          </spirit:vector>
          <spirit:wireTypeDefs>
            <spirit:wireTypeDef>
              <spirit:typeName>std_logic_vector</spirit:typeName>
              <spirit:viewNameRef>xilinx_verilogsynthesis</spirit:viewNameRef>
              <spirit:viewNameRef>xilinx_verilogbehavioralsimulation</spirit:viewNameRef>
            </spirit:wireTypeDef>
          </spirit:wireTypeDefs>
        </spirit:wire>
      </spirit:port>
      <spirit:port>
        <spirit:name>param_ea_0</spirit:name>
        <spirit:wire>
          <spirit:direction>out</spirit:direction>
          <spirit:wireTypeDefs>
            <spirit:wireTypeDef>
              <spirit:typeName>std_logic</spirit:typeName>
              <spirit:viewNameRef>xilinx_verilogsynthesis</spirit:viewNameRef>
              <spirit:viewNameRef>xilinx_verilogbehavioralsimulation</spirit:viewNameRef>
            </spirit:wireTypeDef>
          </spirit:wireTypeDefs>
        </spirit:wire>
      </spirit:port>
      <spirit:port>
        <spirit:name>param_wea_0</spirit:name>
        <spirit:wire>
          <spirit:direction>out</spirit:direction>
          <spirit:vector>
            <spirit:left spirit:format="long">3</spirit:left>
            <spirit:right spirit:format="long">0</spirit:right>
          </spirit:vector>
          <spirit:wireTypeDefs>
            <spirit:wireTypeDef>
              <spirit:typeName>std_logic_vector</spirit:typeName>
              <spirit:viewNameRef>xilinx_verilogsynthesis</spirit:viewNameRef>
              <spirit:viewNameRef>xilinx_verilogbehavioralsimulation</spirit:viewNameRef>
            </spirit:wireTypeDef>
          </spirit:wireTypeDefs>
        </spirit:wire>
      </spirit:port>
      <spirit:port>
        <spirit:name>param_addr_0</spirit:name>
        <spirit:wire>
          <spirit:direction>out</spirit:direction>
          <spirit:vector>
            <spirit:left spirit:format="long">31</spirit:left>
            <spirit:right spirit:format="long">0</spirit:right>
          </spirit:vector>
          <spirit:wireTypeDefs>
            <spirit:wireTypeDef>
              <spirit:typeName>std_logic_vector</spirit:typeName>
              <spirit:viewNameRef>xilinx_verilogsynthesis</spirit:viewNameRef>
              <spirit:viewNameRef>xilinx_verilogbehavioralsimulation</spirit:viewNameRef>
            </spirit:wireTypeDef>
          </spirit:wireTypeDefs>
        </spirit:wire>
      </spirit:port>
      <spirit:port>
        <spirit:name>gam_cx_0</spirit:name>
        <spirit:wire>
          <spirit:direction>out</spirit:direction>
          <spirit:vector>
            <spirit:left spirit:format="long">31</spirit:left>
            <spirit:right spirit:format="long">0</spirit:right>
          </spirit:vector>
          <spirit:wireTypeDefs>
            <spirit:wireTypeDef>
              <spirit:typeName>std_logic_vector</spirit:typeName>
              <spirit:viewNameRef>xilinx_verilogsynthesis</spirit:viewNameRef>
              <spirit:viewNameRef>xilinx_verilogbehavioralsimulation</spirit:viewNameRef>
            </spirit:wireTypeDef>
          </spirit:wireTypeDefs>
        </spirit:wire>
      </spirit:port>
      <spirit:port>
        <spirit:name>gam_cy_0</spirit:name>
        <spirit:wire>
          <spirit:direction>out</spirit:direction>
          <spirit:vector>
            <spirit:left spirit:format="long">31</spirit:left>
            <spirit:right spirit:format="long">0</spirit:right>
          </spirit:vector>
          <spirit:wireTypeDefs>
            <spirit:wireTypeDef>
              <spirit:typeName>std_logic_vector</spirit:typeName>
              <spirit:viewNameRef>xilinx_verilogsynthesis</spirit:viewNameRef>
              <spirit:viewNameRef>xilinx_verilogbehavioralsimulation</spirit:viewNameRef>
            </spirit:wireTypeDef>
          </spirit:wireTypeDefs>
        </spirit:wire>
      </spirit:port>
      <spirit:port>
        <spirit:name>gam_interface_done_0</spirit:name>
        <spirit:wire>
          <spirit:direction>out</spirit:direction>
          <spirit:wireTypeDefs>
            <spirit:wireTypeDef>
              <spirit:typeName>std_logic</spirit:typeName>
              <spirit:viewNameRef>xilinx_verilogsynthesis</spirit:viewNameRef>
              <spirit:viewNameRef>xilinx_verilogbehavioralsimulation</spirit:viewNameRef>
            </spirit:wireTypeDef>
          </spirit:wireTypeDefs>
        </spirit:wire>
      </spirit:port>
      <spirit:port>
        <spirit:name>base_addr_out_0</spirit:name>
        <spirit:wire>
          <spirit:direction>out</spirit:direction>
          <spirit:vector>
            <spirit:left spirit:format="long">31</spirit:left>
            <spirit:right spirit:format="long">0</spirit:right>
          </spirit:vector>
          <spirit:wireTypeDefs>
            <spirit:wireTypeDef>
              <spirit:typeName>std_logic_vector</spirit:typeName>
              <spirit:viewNameRef>xilinx_verilogsynthesis</spirit:viewNameRef>
              <spirit:viewNameRef>xilinx_verilogbehavioralsimulation</spirit:viewNameRef>
            </spirit:wireTypeDef>
          </spirit:wireTypeDefs>
        </spirit:wire>
      </spirit:port>
      <spirit:port>
        <spirit:name>num_pxl_Int_out_0</spirit:name>
        <spirit:wire>
          <spirit:direction>out</spirit:direction>
          <spirit:vector>
            <spirit:left spirit:format="long">31</spirit:left>
            <spirit:right spirit:format="long">0</spirit:right>
          </spirit:vector>
          <spirit:wireTypeDefs>
            <spirit:wireTypeDef>
              <spirit:typeName>std_logic_vector</spirit:typeName>
              <spirit:viewNameRef>xilinx_verilogsynthesis</spirit:viewNameRef>
              <spirit:viewNameRef>xilinx_verilogbehavioralsimulation</spirit:viewNameRef>
            </spirit:wireTypeDef>
          </spirit:wireTypeDefs>
        </spirit:wire>
      </spirit:port>
      <spirit:port>
        <spirit:name>num_pxl_FP_out_0</spirit:name>
        <spirit:wire>
          <spirit:direction>out</spirit:direction>
          <spirit:vector>
            <spirit:left spirit:format="long">31</spirit:left>
            <spirit:right spirit:format="long">0</spirit:right>
          </spirit:vector>
          <spirit:wireTypeDefs>
            <spirit:wireTypeDef>
              <spirit:typeName>std_logic_vector</spirit:typeName>
              <spirit:viewNameRef>xilinx_verilogsynthesis</spirit:viewNameRef>
              <spirit:viewNameRef>xilinx_verilogbehavioralsimulation</spirit:viewNameRef>
            </spirit:wireTypeDef>
          </spirit:wireTypeDefs>
        </spirit:wire>
      </spirit:port>
      <spirit:port>
        <spirit:name>s00_axi_awaddr</spirit:name>
        <spirit:wire>
          <spirit:direction>in</spirit:direction>
          <spirit:vector>
            <spirit:left spirit:format="long" spirit:resolve="dependent" spirit:dependency="(spirit:decode(id(&apos;MODELPARAM_VALUE.C_S00_AXI_ADDR_WIDTH&apos;)) - 1)">3</spirit:left>
            <spirit:right spirit:format="long">0</spirit:right>
          </spirit:vector>
          <spirit:wireTypeDefs>
            <spirit:wireTypeDef>
              <spirit:typeName>wire</spirit:typeName>
              <spirit:viewNameRef>xilinx_verilogsynthesis</spirit:viewNameRef>
              <spirit:viewNameRef>xilinx_verilogbehavioralsimulation</spirit:viewNameRef>
            </spirit:wireTypeDef>
          </spirit:wireTypeDefs>
        </spirit:wire>
      </spirit:port>
      <spirit:port>
        <spirit:name>s00_axi_awprot</spirit:name>
        <spirit:wire>
          <spirit:direction>in</spirit:direction>
          <spirit:vector>
            <spirit:left spirit:format="long">2</spirit:left>
            <spirit:right spirit:format="long">0</spirit:right>
          </spirit:vector>
          <spirit:wireTypeDefs>
            <spirit:wireTypeDef>
              <spirit:typeName>wire</spirit:typeName>
              <spirit:viewNameRef>xilinx_verilogsynthesis</spirit:viewNameRef>
              <spirit:viewNameRef>xilinx_verilogbehavioralsimulation</spirit:viewNameRef>
            </spirit:wireTypeDef>
          </spirit:wireTypeDefs>
        </spirit:wire>
      </spirit:port>
      <spirit:port>
        <spirit:name>s00_axi_awvalid</spirit:name>
        <spirit:wire>
          <spirit:direction>in</spirit:direction>
          <spirit:wireTypeDefs>
            <spirit:wireTypeDef>
              <spirit:typeName>wire</spirit:typeName>
              <spirit:viewNameRef>xilinx_verilogsynthesis</spirit:viewNameRef>
              <spirit:viewNameRef>xilinx_verilogbehavioralsimulation</spirit:viewNameRef>
            </spirit:wireTypeDef>
          </spirit:wireTypeDefs>
        </spirit:wire>
      </spirit:port>
      <spirit:port>
        <spirit:name>s00_axi_awready</spirit:name>
        <spirit:wire>
          <spirit:direction>out</spirit:direction>
          <spirit:wireTypeDefs>
            <spirit:wireTypeDef>
              <spirit:typeName>wire</spirit:typeName>
              <spirit:viewNameRef>xilinx_verilogsynthesis</spirit:viewNameRef>
              <spirit:viewNameRef>xilinx_verilogbehavioralsimulation</spirit:viewNameRef>
            </spirit:wireTypeDef>
          </spirit:wireTypeDefs>
        </spirit:wire>
      </spirit:port>
      <spirit:port>
        <spirit:name>s00_axi_wdata</spirit:name>
        <spirit:wire>
          <spirit:direction>in</spirit:direction>
          <spirit:vector>
            <spirit:left spirit:format="long" spirit:resolve="dependent" spirit:dependency="(spirit:decode(id(&apos;MODELPARAM_VALUE.C_S00_AXI_DATA_WIDTH&apos;)) - 1)">31</spirit:left>
            <spirit:right spirit:format="long">0</spirit:right>
          </spirit:vector>
          <spirit:wireTypeDefs>
            <spirit:wireTypeDef>
              <spirit:typeName>wire</spirit:typeName>
              <spirit:viewNameRef>xilinx_verilogsynthesis</spirit:viewNameRef>
              <spirit:viewNameRef>xilinx_verilogbehavioralsimulation</spirit:viewNameRef>
            </spirit:wireTypeDef>
          </spirit:wireTypeDefs>
        </spirit:wire>
      </spirit:port>
      <spirit:port>
        <spirit:name>s00_axi_wstrb</spirit:name>
        <spirit:wire>
          <spirit:direction>in</spirit:direction>
          <spirit:vector>
            <spirit:left spirit:format="long" spirit:resolve="dependent" spirit:dependency="((spirit:decode(id(&apos;MODELPARAM_VALUE.C_S00_AXI_DATA_WIDTH&apos;)) / 8) - 1)">3</spirit:left>
            <spirit:right spirit:format="long">0</spirit:right>
          </spirit:vector>
          <spirit:wireTypeDefs>
            <spirit:wireTypeDef>
              <spirit:typeName>wire</spirit:typeName>
              <spirit:viewNameRef>xilinx_verilogsynthesis</spirit:viewNameRef>
              <spirit:viewNameRef>xilinx_verilogbehavioralsimulation</spirit:viewNameRef>
            </spirit:wireTypeDef>
          </spirit:wireTypeDefs>
        </spirit:wire>
      </spirit:port>
      <spirit:port>
        <spirit:name>s00_axi_wvalid</spirit:name>
        <spirit:wire>
          <spirit:direction>in</spirit:direction>
          <spirit:wireTypeDefs>
            <spirit:wireTypeDef>
              <spirit:typeName>wire</spirit:typeName>
              <spirit:viewNameRef>xilinx_verilogsynthesis</spirit:viewNameRef>
              <spirit:viewNameRef>xilinx_verilogbehavioralsimulation</spirit:viewNameRef>
            </spirit:wireTypeDef>
          </spirit:wireTypeDefs>
        </spirit:wire>
      </spirit:port>
      <spirit:port>
        <spirit:name>s00_axi_wready</spirit:name>
        <spirit:wire>
          <spirit:direction>out</spirit:direction>
          <spirit:wireTypeDefs>
            <spirit:wireTypeDef>
              <spirit:typeName>wire</spirit:typeName>
              <spirit:viewNameRef>xilinx_verilogsynthesis</spirit:viewNameRef>
              <spirit:viewNameRef>xilinx_verilogbehavioralsimulation</spirit:viewNameRef>
            </spirit:wireTypeDef>
          </spirit:wireTypeDefs>
        </spirit:wire>
      </spirit:port>
      <spirit:port>
        <spirit:name>s00_axi_bresp</spirit:name>
        <spirit:wire>
          <spirit:direction>out</spirit:direction>
          <spirit:vector>
            <spirit:left spirit:format="long">1</spirit:left>
            <spirit:right spirit:format="long">0</spirit:right>
          </spirit:vector>
          <spirit:wireTypeDefs>
            <spirit:wireTypeDef>
              <spirit:typeName>wire</spirit:typeName>
              <spirit:viewNameRef>xilinx_verilogsynthesis</spirit:viewNameRef>
              <spirit:viewNameRef>xilinx_verilogbehavioralsimulation</spirit:viewNameRef>
            </spirit:wireTypeDef>
          </spirit:wireTypeDefs>
        </spirit:wire>
      </spirit:port>
      <spirit:port>
        <spirit:name>s00_axi_bvalid</spirit:name>
        <spirit:wire>
          <spirit:direction>out</spirit:direction>
          <spirit:wireTypeDefs>
            <spirit:wireTypeDef>
              <spirit:typeName>wire</spirit:typeName>
              <spirit:viewNameRef>xilinx_verilogsynthesis</spirit:viewNameRef>
              <spirit:viewNameRef>xilinx_verilogbehavioralsimulation</spirit:viewNameRef>
            </spirit:wireTypeDef>
          </spirit:wireTypeDefs>
        </spirit:wire>
      </spirit:port>
      <spirit:port>
        <spirit:name>s00_axi_bready</spirit:name>
        <spirit:wire>
          <spirit:direction>in</spirit:direction>
          <spirit:wireTypeDefs>
            <spirit:wireTypeDef>
              <spirit:typeName>wire</spirit:typeName>
              <spirit:viewNameRef>xilinx_verilogsynthesis</spirit:viewNameRef>
              <spirit:viewNameRef>xilinx_verilogbehavioralsimulation</spirit:viewNameRef>
            </spirit:wireTypeDef>
          </spirit:wireTypeDefs>
        </spirit:wire>
      </spirit:port>
      <spirit:port>
        <spirit:name>s00_axi_araddr</spirit:name>
        <spirit:wire>
          <spirit:direction>in</spirit:direction>
          <spirit:vector>
            <spirit:left spirit:format="long" spirit:resolve="dependent" spirit:dependency="(spirit:decode(id(&apos;MODELPARAM_VALUE.C_S00_AXI_ADDR_WIDTH&apos;)) - 1)">3</spirit:left>
            <spirit:right spirit:format="long">0</spirit:right>
          </spirit:vector>
          <spirit:wireTypeDefs>
            <spirit:wireTypeDef>
              <spirit:typeName>wire</spirit:typeName>
              <spirit:viewNameRef>xilinx_verilogsynthesis</spirit:viewNameRef>
              <spirit:viewNameRef>xilinx_verilogbehavioralsimulation</spirit:viewNameRef>
            </spirit:wireTypeDef>
          </spirit:wireTypeDefs>
        </spirit:wire>
      </spirit:port>
      <spirit:port>
        <spirit:name>s00_axi_arprot</spirit:name>
        <spirit:wire>
          <spirit:direction>in</spirit:direction>
          <spirit:vector>
            <spirit:left spirit:format="long">2</spirit:left>
            <spirit:right spirit:format="long">0</spirit:right>
          </spirit:vector>
          <spirit:wireTypeDefs>
            <spirit:wireTypeDef>
              <spirit:typeName>wire</spirit:typeName>
              <spirit:viewNameRef>xilinx_verilogsynthesis</spirit:viewNameRef>
              <spirit:viewNameRef>xilinx_verilogbehavioralsimulation</spirit:viewNameRef>
            </spirit:wireTypeDef>
          </spirit:wireTypeDefs>
        </spirit:wire>
      </spirit:port>
      <spirit:port>
        <spirit:name>s00_axi_arvalid</spirit:name>
        <spirit:wire>
          <spirit:direction>in</spirit:direction>
          <spirit:wireTypeDefs>
            <spirit:wireTypeDef>
              <spirit:typeName>wire</spirit:typeName>
              <spirit:viewNameRef>xilinx_verilogsynthesis</spirit:viewNameRef>
              <spirit:viewNameRef>xilinx_verilogbehavioralsimulation</spirit:viewNameRef>
            </spirit:wireTypeDef>
          </spirit:wireTypeDefs>
        </spirit:wire>
      </spirit:port>
      <spirit:port>
        <spirit:name>s00_axi_arready</spirit:name>
        <spirit:wire>
          <spirit:direction>out</spirit:direction>
          <spirit:wireTypeDefs>
            <spirit:wireTypeDef>
              <spirit:typeName>wire</spirit:typeName>
              <spirit:viewNameRef>xilinx_verilogsynthesis</spirit:viewNameRef>
              <spirit:viewNameRef>xilinx_verilogbehavioralsimulation</spirit:viewNameRef>
            </spirit:wireTypeDef>
          </spirit:wireTypeDefs>
        </spirit:wire>
      </spirit:port>
      <spirit:port>
        <spirit:name>s00_axi_rdata</spirit:name>
        <spirit:wire>
          <spirit:direction>out</spirit:direction>
          <spirit:vector>
            <spirit:left spirit:format="long" spirit:resolve="dependent" spirit:dependency="(spirit:decode(id(&apos;MODELPARAM_VALUE.C_S00_AXI_DATA_WIDTH&apos;)) - 1)">31</spirit:left>
            <spirit:right spirit:format="long">0</spirit:right>
          </spirit:vector>
          <spirit:wireTypeDefs>
            <spirit:wireTypeDef>
              <spirit:typeName>wire</spirit:typeName>
              <spirit:viewNameRef>xilinx_verilogsynthesis</spirit:viewNameRef>
              <spirit:viewNameRef>xilinx_verilogbehavioralsimulation</spirit:viewNameRef>
            </spirit:wireTypeDef>
          </spirit:wireTypeDefs>
        </spirit:wire>
      </spirit:port>
      <spirit:port>
        <spirit:name>s00_axi_rresp</spirit:name>
        <spirit:wire>
          <spirit:direction>out</spirit:direction>
          <spirit:vector>
            <spirit:left spirit:format="long">1</spirit:left>
            <spirit:right spirit:format="long">0</spirit:right>
          </spirit:vector>
          <spirit:wireTypeDefs>
            <spirit:wireTypeDef>
              <spirit:typeName>wire</spirit:typeName>
              <spirit:viewNameRef>xilinx_verilogsynthesis</spirit:viewNameRef>
              <spirit:viewNameRef>xilinx_verilogbehavioralsimulation</spirit:viewNameRef>
            </spirit:wireTypeDef>
          </spirit:wireTypeDefs>
        </spirit:wire>
      </spirit:port>
      <spirit:port>
        <spirit:name>s00_axi_rvalid</spirit:name>
        <spirit:wire>
          <spirit:direction>out</spirit:direction>
          <spirit:wireTypeDefs>
            <spirit:wireTypeDef>
              <spirit:typeName>wire</spirit:typeName>
              <spirit:viewNameRef>xilinx_verilogsynthesis</spirit:viewNameRef>
              <spirit:viewNameRef>xilinx_verilogbehavioralsimulation</spirit:viewNameRef>
            </spirit:wireTypeDef>
          </spirit:wireTypeDefs>
        </spirit:wire>
      </spirit:port>
      <spirit:port>
        <spirit:name>s00_axi_rready</spirit:name>
        <spirit:wire>
          <spirit:direction>in</spirit:direction>
          <spirit:wireTypeDefs>
            <spirit:wireTypeDef>
              <spirit:typeName>wire</spirit:typeName>
              <spirit:viewNameRef>xilinx_verilogsynthesis</spirit:viewNameRef>
              <spirit:viewNameRef>xilinx_verilogbehavioralsimulation</spirit:viewNameRef>
            </spirit:wireTypeDef>
          </spirit:wireTypeDefs>
        </spirit:wire>
      </spirit:port>
      <spirit:port>
        <spirit:name>s00_axi_aclk</spirit:name>
        <spirit:wire>
          <spirit:direction>in</spirit:direction>
          <spirit:wireTypeDefs>
            <spirit:wireTypeDef>
              <spirit:typeName>wire</spirit:typeName>
              <spirit:viewNameRef>xilinx_verilogsynthesis</spirit:viewNameRef>
              <spirit:viewNameRef>xilinx_verilogbehavioralsimulation</spirit:viewNameRef>
            </spirit:wireTypeDef>
          </spirit:wireTypeDefs>
        </spirit:wire>
      </spirit:port>
      <spirit:port>
        <spirit:name>s00_axi_aresetn</spirit:name>
        <spirit:wire>
          <spirit:direction>in</spirit:direction>
          <spirit:wireTypeDefs>
            <spirit:wireTypeDef>
              <spirit:typeName>wire</spirit:typeName>
              <spirit:viewNameRef>xilinx_verilogsynthesis</spirit:viewNameRef>
              <spirit:viewNameRef>xilinx_verilogbehavioralsimulation</spirit:viewNameRef>
            </spirit:wireTypeDef>
          </spirit:wireTypeDefs>
        </spirit:wire>
      </spirit:port>
    </spirit:ports>
    <spirit:modelParameters>
      <spirit:modelParameter xsi:type="spirit:nameValueTypeType" spirit:dataType="integer">
        <spirit:name>C_S00_AXI_DATA_WIDTH</spirit:name>
        <spirit:displayName>C S00 AXI DATA WIDTH</spirit:displayName>
        <spirit:description>Width of S_AXI data bus</spirit:description>
        <spirit:value spirit:format="long" spirit:resolve="generated" spirit:id="MODELPARAM_VALUE.C_S00_AXI_DATA_WIDTH" spirit:order="3" spirit:rangeType="long">32</spirit:value>
      </spirit:modelParameter>
      <spirit:modelParameter spirit:dataType="integer">
        <spirit:name>C_S00_AXI_ADDR_WIDTH</spirit:name>
        <spirit:displayName>C S00 AXI ADDR WIDTH</spirit:displayName>
        <spirit:description>Width of S_AXI address bus</spirit:description>
        <spirit:value spirit:format="long" spirit:resolve="generated" spirit:id="MODELPARAM_VALUE.C_S00_AXI_ADDR_WIDTH" spirit:order="4" spirit:rangeType="long">4</spirit:value>
      </spirit:modelParameter>
    </spirit:modelParameters>
  </spirit:model>
  <spirit:choices>
    <spirit:choice>
      <spirit:name>choice_list_6fc15197</spirit:name>
      <spirit:enumeration>32</spirit:enumeration>
    </spirit:choice>
    <spirit:choice>
      <spirit:name>choice_list_9d8b0d81</spirit:name>
      <spirit:enumeration>ACTIVE_HIGH</spirit:enumeration>
      <spirit:enumeration>ACTIVE_LOW</spirit:enumeration>
    </spirit:choice>
    <spirit:choice>
      <spirit:name>choice_pairs_ce1226b1</spirit:name>
      <spirit:enumeration spirit:text="true">1</spirit:enumeration>
      <spirit:enumeration spirit:text="false">0</spirit:enumeration>
    </spirit:choice>
  </spirit:choices>
  <spirit:fileSets>
    <spirit:fileSet>
      <spirit:name>xilinx_verilogsynthesis_view_fileset</spirit:name>
      <spirit:file>
        <spirit:name>hdl/Gam_Interface_v1_0_S00_AXI.v</spirit:name>
        <spirit:fileType>verilogSource</spirit:fileType>
      </spirit:file>
      <spirit:file>
        <spirit:name>src/gamma_interface.v</spirit:name>
        <spirit:fileType>verilogSource</spirit:fileType>
      </spirit:file>
      <spirit:file>
        <spirit:name>hdl/Gam_Interface_v1_0.v</spirit:name>
        <spirit:fileType>verilogSource</spirit:fileType>
        <spirit:userFileType>CHECKSUM_07073a81</spirit:userFileType>
      </spirit:file>
    </spirit:fileSet>
    <spirit:fileSet>
      <spirit:name>xilinx_verilogbehavioralsimulation_view_fileset</spirit:name>
      <spirit:file>
        <spirit:name>hdl/Gam_Interface_v1_0_S00_AXI.v</spirit:name>
        <spirit:fileType>verilogSource</spirit:fileType>
      </spirit:file>
      <spirit:file>
        <spirit:name>src/gamma_interface.v</spirit:name>
        <spirit:fileType>verilogSource</spirit:fileType>
      </spirit:file>
      <spirit:file>
        <spirit:name>hdl/Gam_Interface_v1_0.v</spirit:name>
        <spirit:fileType>verilogSource</spirit:fileType>
      </spirit:file>
    </spirit:fileSet>
    <spirit:fileSet>
      <spirit:name>xilinx_softwaredriver_view_fileset</spirit:name>
      <spirit:file>
        <spirit:name>drivers/Gam_Interface_v1_0/data/Gam_Interface.mdd</spirit:name>
        <spirit:userFileType>mdd</spirit:userFileType>
        <spirit:userFileType>driver_mdd</spirit:userFileType>
      </spirit:file>
      <spirit:file>
        <spirit:name>drivers/Gam_Interface_v1_0/data/Gam_Interface.tcl</spirit:name>
        <spirit:fileType>tclSource</spirit:fileType>
        <spirit:userFileType>driver_tcl</spirit:userFileType>
      </spirit:file>
      <spirit:file>
        <spirit:name>drivers/Gam_Interface_v1_0/src/Makefile</spirit:name>
        <spirit:userFileType>driver_src</spirit:userFileType>
      </spirit:file>
      <spirit:file>
        <spirit:name>drivers/Gam_Interface_v1_0/src/Gam_Interface.h</spirit:name>
        <spirit:fileType>cSource</spirit:fileType>
        <spirit:userFileType>driver_src</spirit:userFileType>
      </spirit:file>
      <spirit:file>
        <spirit:name>drivers/Gam_Interface_v1_0/src/Gam_Interface.c</spirit:name>
        <spirit:fileType>cSource</spirit:fileType>
        <spirit:userFileType>driver_src</spirit:userFileType>
      </spirit:file>
      <spirit:file>
        <spirit:name>drivers/Gam_Interface_v1_0/src/Gam_Interface_selftest.c</spirit:name>
        <spirit:fileType>cSource</spirit:fileType>
        <spirit:userFileType>driver_src</spirit:userFileType>
      </spirit:file>
    </spirit:fileSet>
    <spirit:fileSet>
      <spirit:name>xilinx_xpgui_view_fileset</spirit:name>
      <spirit:file>
        <spirit:name>xgui/Gam_Interface_v1_0.tcl</spirit:name>
        <spirit:fileType>tclSource</spirit:fileType>
        <spirit:userFileType>CHECKSUM_dda4df14</spirit:userFileType>
        <spirit:userFileType>XGUI_VERSION_2</spirit:userFileType>
      </spirit:file>
    </spirit:fileSet>
    <spirit:fileSet>
      <spirit:name>bd_tcl_view_fileset</spirit:name>
      <spirit:file>
        <spirit:name>bd/bd.tcl</spirit:name>
        <spirit:fileType>tclSource</spirit:fileType>
      </spirit:file>
    </spirit:fileSet>
  </spirit:fileSets>
  <spirit:description>My new AXI IP</spirit:description>
  <spirit:parameters>
    <spirit:parameter>
      <spirit:name>C_S00_AXI_DATA_WIDTH</spirit:name>
      <spirit:displayName>C S00 AXI DATA WIDTH</spirit:displayName>
      <spirit:description>Width of S_AXI data bus</spirit:description>
      <spirit:value spirit:format="long" spirit:resolve="user" spirit:id="PARAM_VALUE.C_S00_AXI_DATA_WIDTH" spirit:choiceRef="choice_list_6fc15197" spirit:order="3">32</spirit:value>
      <spirit:vendorExtensions>
        <xilinx:parameterInfo>
          <xilinx:enablement>
            <xilinx:isEnabled xilinx:id="PARAM_ENABLEMENT.C_S00_AXI_DATA_WIDTH">false</xilinx:isEnabled>
          </xilinx:enablement>
        </xilinx:parameterInfo>
      </spirit:vendorExtensions>
    </spirit:parameter>
    <spirit:parameter>
      <spirit:name>C_S00_AXI_ADDR_WIDTH</spirit:name>
      <spirit:displayName>C S00 AXI ADDR WIDTH</spirit:displayName>
      <spirit:description>Width of S_AXI address bus</spirit:description>
      <spirit:value spirit:format="long" spirit:resolve="user" spirit:id="PARAM_VALUE.C_S00_AXI_ADDR_WIDTH" spirit:order="4" spirit:rangeType="long">4</spirit:value>
      <spirit:vendorExtensions>
        <xilinx:parameterInfo>
          <xilinx:enablement>
            <xilinx:isEnabled xilinx:id="PARAM_ENABLEMENT.C_S00_AXI_ADDR_WIDTH">false</xilinx:isEnabled>
          </xilinx:enablement>
        </xilinx:parameterInfo>
      </spirit:vendorExtensions>
    </spirit:parameter>
    <spirit:parameter>
      <spirit:name>C_S00_AXI_BASEADDR</spirit:name>
      <spirit:displayName>C S00 AXI BASEADDR</spirit:displayName>
      <spirit:value spirit:format="bitString" spirit:resolve="user" spirit:id="PARAM_VALUE.C_S00_AXI_BASEADDR" spirit:order="5" spirit:bitStringLength="32">0xFFFFFFFF</spirit:value>
      <spirit:vendorExtensions>
        <xilinx:parameterInfo>
          <xilinx:enablement>
            <xilinx:isEnabled xilinx:id="PARAM_ENABLEMENT.C_S00_AXI_BASEADDR">false</xilinx:isEnabled>
          </xilinx:enablement>
        </xilinx:parameterInfo>
      </spirit:vendorExtensions>
    </spirit:parameter>
    <spirit:parameter>
      <spirit:name>C_S00_AXI_HIGHADDR</spirit:name>
      <spirit:displayName>C S00 AXI HIGHADDR</spirit:displayName>
      <spirit:value spirit:format="bitString" spirit:resolve="user" spirit:id="PARAM_VALUE.C_S00_AXI_HIGHADDR" spirit:order="6" spirit:bitStringLength="32">0x00000000</spirit:value>
      <spirit:vendorExtensions>
        <xilinx:parameterInfo>
          <xilinx:enablement>
            <xilinx:isEnabled xilinx:id="PARAM_ENABLEMENT.C_S00_AXI_HIGHADDR">false</xilinx:isEnabled>
          </xilinx:enablement>
        </xilinx:parameterInfo>
      </spirit:vendorExtensions>
    </spirit:parameter>
    <spirit:parameter>
      <spirit:name>Component_Name</spirit:name>
      <spirit:value spirit:resolve="user" spirit:id="PARAM_VALUE.Component_Name" spirit:order="1">Gam_Interface_v1_0</spirit:value>
    </spirit:parameter>
  </spirit:parameters>
  <spirit:vendorExtensions>
    <xilinx:coreExtensions>
      <xilinx:supportedFamilies>
        <xilinx:family xilinx:lifeCycle="Pre-Production">zynquplus</xilinx:family>
      </xilinx:supportedFamilies>
      <xilinx:taxonomies>
        <xilinx:taxonomy>AXI_Peripheral</xilinx:taxonomy>
      </xilinx:taxonomies>
      <xilinx:displayName>Gam_Interface_v1.0</xilinx:displayName>
      <xilinx:coreRevision>7</xilinx:coreRevision>
      <xilinx:coreCreationDateTime>2019-07-03T19:12:29Z</xilinx:coreCreationDateTime>
      <xilinx:tags>
        <xilinx:tag xilinx:name="ui.data.coregen.dd@2aedb6bf_ARCHIVE_LOCATION">c:/Users/knstokke/Documents/Vivado18/ip_repo/Gam_Interface_1.0</xilinx:tag>
        <xilinx:tag xilinx:name="ui.data.coregen.dd@f2d12e5_ARCHIVE_LOCATION">c:/Users/knstokke/Documents/Vivado18/ip_repo/Gam_Interface_1.0</xilinx:tag>
        <xilinx:tag xilinx:name="ui.data.coregen.dd@39afda71_ARCHIVE_LOCATION">c:/Users/knstokke/Documents/Vivado18/ip_repo/Gam_Interface_1.0</xilinx:tag>
        <xilinx:tag xilinx:name="ui.data.coregen.dd@66dc6d78_ARCHIVE_LOCATION">c:/Users/knstokke/Documents/Vivado18/ip_repo/Gam_Interface_1.0</xilinx:tag>
        <xilinx:tag xilinx:name="ui.data.coregen.dd@4327c95e_ARCHIVE_LOCATION">c:/Users/knstokke/Documents/Vivado18/ip_repo/Gam_Interface_1.0</xilinx:tag>
        <xilinx:tag xilinx:name="ui.data.coregen.dd@731e8b5e_ARCHIVE_LOCATION">c:/Users/knstokke/Documents/Vivado18/ip_repo/Gam_Interface_1.0</xilinx:tag>
        <xilinx:tag xilinx:name="ui.data.coregen.dd@3f98d79b_ARCHIVE_LOCATION">c:/Users/knstokke/Documents/Vivado18/ip_repo/Gam_Interface_1.0</xilinx:tag>
        <xilinx:tag xilinx:name="ui.data.coregen.dd@47326a9d_ARCHIVE_LOCATION">c:/Users/knstokke/Documents/Vivado18/ip_repo/Gam_Interface_1.0</xilinx:tag>
        <xilinx:tag xilinx:name="ui.data.coregen.dd@464a8f04_ARCHIVE_LOCATION">c:/Users/knstokke/Documents/Vivado18/ip_repo/Gam_Interface_1.0</xilinx:tag>
        <xilinx:tag xilinx:name="ui.data.coregen.dd@1dda08a5_ARCHIVE_LOCATION">c:/Users/knstokke/Documents/Vivado18/ip_repo/Gam_Interface_1.0</xilinx:tag>
        <xilinx:tag xilinx:name="ui.data.coregen.dd@46c2999f_ARCHIVE_LOCATION">c:/Users/knstokke/Documents/Vivado18/ip_repo/Gam_Interface_1.0</xilinx:tag>
        <xilinx:tag xilinx:name="ui.data.coregen.dd@44e7bd03_ARCHIVE_LOCATION">c:/Users/knstokke/Documents/Vivado18/ip_repo/Gam_Interface_1.0</xilinx:tag>
        <xilinx:tag xilinx:name="ui.data.coregen.dd@700eda31_ARCHIVE_LOCATION">c:/Users/knstokke/Documents/Vivado18/ip_repo/Gam_Interface_1.0</xilinx:tag>
        <xilinx:tag xilinx:name="ui.data.coregen.dd@4ddd8c6c_ARCHIVE_LOCATION">c:/Users/knstokke/Documents/Vivado18/ip_repo/Gam_Interface_1.0</xilinx:tag>
        <xilinx:tag xilinx:name="ui.data.coregen.dd@75c0fa7c_ARCHIVE_LOCATION">c:/Users/knstokke/Documents/Vivado18/ip_repo/Gam_Interface_1.0</xilinx:tag>
        <xilinx:tag xilinx:name="ui.data.coregen.dd@65373a83_ARCHIVE_LOCATION">c:/Users/knstokke/Documents/Vivado18/ip_repo/Gam_Interface_1.0</xilinx:tag>
        <xilinx:tag xilinx:name="ui.data.coregen.dd@24ba86e2_ARCHIVE_LOCATION">c:/Users/knstokke/Documents/Vivado18/ip_repo/Gam_Interface_1.0</xilinx:tag>
        <xilinx:tag xilinx:name="ui.data.coregen.dd@7162c024_ARCHIVE_LOCATION">c:/Users/knstokke/Documents/Vivado18/ip_repo/Gam_Interface_1.0</xilinx:tag>
        <xilinx:tag xilinx:name="ui.data.coregen.dd@348b029_ARCHIVE_LOCATION">c:/Users/knstokke/Documents/Vivado18/ip_repo/Gam_Interface_1.0</xilinx:tag>
        <xilinx:tag xilinx:name="ui.data.coregen.dd@667e1520_ARCHIVE_LOCATION">c:/Users/knstokke/Documents/Vivado18/ip_repo/Gam_Interface_1.0</xilinx:tag>
        <xilinx:tag xilinx:name="ui.data.coregen.dd@5ea72b23_ARCHIVE_LOCATION">c:/Users/knstokke/Documents/Vivado18/ip_repo/Gam_Interface_1.0</xilinx:tag>
        <xilinx:tag xilinx:name="ui.data.coregen.dd@3c095dcd_ARCHIVE_LOCATION">c:/Users/knstokke/Documents/Vivado18/ip_repo/Gam_Interface_1.0</xilinx:tag>
        <xilinx:tag xilinx:name="ui.data.coregen.dd@3181cd80_ARCHIVE_LOCATION">c:/Users/knstokke/Documents/Vivado18/ip_repo/Gam_Interface_1.0</xilinx:tag>
        <xilinx:tag xilinx:name="ui.data.coregen.dd@36ba112a_ARCHIVE_LOCATION">c:/Users/knstokke/Documents/Vivado18/ip_repo/Gam_Interface_1.0</xilinx:tag>
        <xilinx:tag xilinx:name="ui.data.coregen.dd@3fda3607_ARCHIVE_LOCATION">c:/Users/knstokke/Documents/Vivado18/ip_repo/Gam_Interface_1.0</xilinx:tag>
        <xilinx:tag xilinx:name="ui.data.coregen.dd@338cc310_ARCHIVE_LOCATION">c:/Users/knstokke/Documents/Vivado18/ip_repo/Gam_Interface_1.0</xilinx:tag>
        <xilinx:tag xilinx:name="ui.data.coregen.dd@4494662_ARCHIVE_LOCATION">c:/Users/knstokke/Documents/Vivado18/ip_repo/Gam_Interface_1.0</xilinx:tag>
        <xilinx:tag xilinx:name="ui.data.coregen.dd@2b04466c_ARCHIVE_LOCATION">c:/Users/knstokke/Documents/Vivado18/ip_repo/Gam_Interface_1.0</xilinx:tag>
        <xilinx:tag xilinx:name="ui.data.coregen.dd@7569ca8d_ARCHIVE_LOCATION">c:/Users/knstokke/Documents/Vivado18/ip_repo/Gam_Interface_1.0</xilinx:tag>
        <xilinx:tag xilinx:name="ui.data.coregen.dd@4ee789d8_ARCHIVE_LOCATION">c:/Users/knstokke/Documents/Vivado18/ip_repo/Gam_Interface_1.0</xilinx:tag>
        <xilinx:tag xilinx:name="ui.data.coregen.dd@278ce038_ARCHIVE_LOCATION">c:/Users/knstokke/Documents/Vivado18/ip_repo/Gam_Interface_1.0</xilinx:tag>
        <xilinx:tag xilinx:name="ui.data.coregen.dd@6e816a8b_ARCHIVE_LOCATION">c:/Users/knstokke/Documents/Vivado18/ip_repo/Gam_Interface_1.0</xilinx:tag>
        <xilinx:tag xilinx:name="ui.data.coregen.dd@48a0205b_ARCHIVE_LOCATION">c:/Users/knstokke/Documents/Vivado18/ip_repo/Gam_Interface_1.0</xilinx:tag>
        <xilinx:tag xilinx:name="ui.data.coregen.dd@3ee12fa5_ARCHIVE_LOCATION">c:/Users/knstokke/Documents/Vivado18/ip_repo/Gam_Interface_1.0</xilinx:tag>
        <xilinx:tag xilinx:name="ui.data.coregen.dd@2d339b50_ARCHIVE_LOCATION">c:/Users/knstokke/Documents/Vivado18/ip_repo/Gam_Interface_1.0</xilinx:tag>
        <xilinx:tag xilinx:name="ui.data.coregen.dd@53a6355_ARCHIVE_LOCATION">c:/Users/knstokke/Documents/Vivado18/ip_repo/Gam_Interface_1.0</xilinx:tag>
        <xilinx:tag xilinx:name="ui.data.coregen.dd@69822889_ARCHIVE_LOCATION">c:/Users/knstokke/Documents/Vivado18/ip_repo/Gam_Interface_1.0</xilinx:tag>
        <xilinx:tag xilinx:name="ui.data.coregen.dd@46ef9ae5_ARCHIVE_LOCATION">c:/Users/knstokke/Documents/Vivado18/ip_repo/Gam_Interface_1.0</xilinx:tag>
        <xilinx:tag xilinx:name="ui.data.coregen.dd@4a0aaf5b_ARCHIVE_LOCATION">c:/Users/knstokke/Documents/Vivado18/ip_repo/Gam_Interface_1.0</xilinx:tag>
        <xilinx:tag xilinx:name="ui.data.coregen.dd@271cfdc7_ARCHIVE_LOCATION">c:/Users/knstokke/Documents/Vivado18/ip_repo/Gam_Interface_1.0</xilinx:tag>
        <xilinx:tag xilinx:name="ui.data.coregen.dd@3b3a8c10_ARCHIVE_LOCATION">c:/Users/knstokke/Documents/Vivado18/ip_repo/Gam_Interface_1.0</xilinx:tag>
        <xilinx:tag xilinx:name="ui.data.coregen.dd@2e8c9123_ARCHIVE_LOCATION">c:/Users/knstokke/Documents/Vivado18/ip_repo/Gam_Interface_1.0</xilinx:tag>
        <xilinx:tag xilinx:name="ui.data.coregen.dd@dabe05e_ARCHIVE_LOCATION">c:/Users/knstokke/Documents/Vivado18/ip_repo/Gam_Interface_1.0</xilinx:tag>
        <xilinx:tag xilinx:name="ui.data.coregen.dd@42639347_ARCHIVE_LOCATION">c:/Users/knstokke/Documents/Vivado18/ip_repo/Gam_Interface_1.0</xilinx:tag>
        <xilinx:tag xilinx:name="ui.data.coregen.dd@69a603be_ARCHIVE_LOCATION">c:/Users/knstokke/Documents/Vivado18/ip_repo/Gam_Interface_1.0</xilinx:tag>
        <xilinx:tag xilinx:name="ui.data.coregen.dd@39027b65_ARCHIVE_LOCATION">c:/Users/knstokke/Documents/Vivado18/ip_repo/Gam_Interface_1.0</xilinx:tag>
        <xilinx:tag xilinx:name="ui.data.coregen.dd@7671b75d_ARCHIVE_LOCATION">c:/Users/knstokke/Documents/Vivado18/ip_repo/Gam_Interface_1.0</xilinx:tag>
        <xilinx:tag xilinx:name="ui.data.coregen.dd@130bf27c_ARCHIVE_LOCATION">c:/Users/knstokke/Documents/Vivado18/ip_repo/Gam_Interface_1.0</xilinx:tag>
        <xilinx:tag xilinx:name="ui.data.coregen.dd@2fa9623b_ARCHIVE_LOCATION">c:/Users/knstokke/Documents/Vivado18/ip_repo/Gam_Interface_1.0</xilinx:tag>
        <xilinx:tag xilinx:name="ui.data.coregen.dd@736bc626_ARCHIVE_LOCATION">c:/Users/knstokke/Documents/Vivado18/ip_repo/Gam_Interface_1.0</xilinx:tag>
        <xilinx:tag xilinx:name="ui.data.coregen.dd@56727f5_ARCHIVE_LOCATION">c:/Users/knstokke/Documents/Vivado18/ip_repo/Gam_Interface_1.0</xilinx:tag>
        <xilinx:tag xilinx:name="ui.data.coregen.dd@4874ddb8_ARCHIVE_LOCATION">c:/Users/knstokke/Documents/Vivado18/ip_repo/Gam_Interface_1.0</xilinx:tag>
        <xilinx:tag xilinx:name="ui.data.coregen.dd@386a0125_ARCHIVE_LOCATION">c:/Users/knstokke/Documents/Vivado18/ip_repo/Gam_Interface_1.0</xilinx:tag>
        <xilinx:tag xilinx:name="ui.data.coregen.dd@2f5723fa_ARCHIVE_LOCATION">c:/Users/knstokke/Documents/Vivado18/ip_repo/Gam_Interface_1.0</xilinx:tag>
        <xilinx:tag xilinx:name="ui.data.coregen.dd@38f4d206_ARCHIVE_LOCATION">c:/Users/knstokke/Documents/Vivado18/ip_repo/Gam_Interface_1.0</xilinx:tag>
        <xilinx:tag xilinx:name="ui.data.coregen.dd@1dac5ec2_ARCHIVE_LOCATION">c:/Users/knstokke/Documents/Vivado18/ip_repo/Gam_Interface_1.0</xilinx:tag>
        <xilinx:tag xilinx:name="ui.data.coregen.dd@747f4eeb_ARCHIVE_LOCATION">c:/Users/knstokke/Documents/Vivado18/ip_repo/Gam_Interface_1.0</xilinx:tag>
        <xilinx:tag xilinx:name="ui.data.coregen.dd@4a2853c0_ARCHIVE_LOCATION">c:/Users/knstokke/Documents/Vivado18/ip_repo/Gam_Interface_1.0</xilinx:tag>
        <xilinx:tag xilinx:name="ui.data.coregen.dd@36ad8372_ARCHIVE_LOCATION">c:/Users/knstokke/Documents/Vivado18/ip_repo/Gam_Interface_1.0</xilinx:tag>
        <xilinx:tag xilinx:name="ui.data.coregen.dd@36dd959d_ARCHIVE_LOCATION">c:/Users/knstokke/Documents/Vivado18/ip_repo/Gam_Interface_1.0</xilinx:tag>
        <xilinx:tag xilinx:name="ui.data.coregen.dd@2efc8001_ARCHIVE_LOCATION">c:/Users/knstokke/Documents/Vivado18/ip_repo/Gam_Interface_1.0</xilinx:tag>
        <xilinx:tag xilinx:name="ui.data.coregen.dd@575069d4_ARCHIVE_LOCATION">c:/Users/knstokke/Documents/Vivado18/ip_repo/Gam_Interface_1.0</xilinx:tag>
        <xilinx:tag xilinx:name="ui.data.coregen.dd@2bba32d7_ARCHIVE_LOCATION">c:/Users/knstokke/Documents/Vivado18/ip_repo/Gam_Interface_1.0</xilinx:tag>
        <xilinx:tag xilinx:name="ui.data.coregen.dd@12d36bce_ARCHIVE_LOCATION">c:/Users/knstokke/Documents/Vivado18/ip_repo/Gam_Interface_1.0</xilinx:tag>
        <xilinx:tag xilinx:name="ui.data.coregen.dd@13e8c7e1_ARCHIVE_LOCATION">c:/Users/knstokke/Documents/Vivado18/ip_repo/Gam_Interface_1.0</xilinx:tag>
        <xilinx:tag xilinx:name="ui.data.coregen.dd@1485edd2_ARCHIVE_LOCATION">c:/Users/knstokke/Documents/Vivado18/ip_repo/Gam_Interface_1.0</xilinx:tag>
        <xilinx:tag xilinx:name="ui.data.coregen.dd@71f0566f_ARCHIVE_LOCATION">c:/Users/knstokke/Documents/Vivado18/ip_repo/Gam_Interface_1.0</xilinx:tag>
        <xilinx:tag xilinx:name="ui.data.coregen.dd@413f514b_ARCHIVE_LOCATION">c:/Users/knstokke/Documents/Vivado18/ip_repo/Gam_Interface_1.0</xilinx:tag>
        <xilinx:tag xilinx:name="ui.data.coregen.dd@78fbdc5b_ARCHIVE_LOCATION">c:/Users/knstokke/Documents/Vivado18/ip_repo/Gam_Interface_1.0</xilinx:tag>
        <xilinx:tag xilinx:name="ui.data.coregen.dd@2fe57e31_ARCHIVE_LOCATION">c:/Users/knstokke/Documents/Vivado18/ip_repo/Gam_Interface_1.0</xilinx:tag>
        <xilinx:tag xilinx:name="ui.data.coregen.dd@cc348ac_ARCHIVE_LOCATION">c:/Users/knstokke/Documents/Vivado18/ip_repo/Gam_Interface_1.0</xilinx:tag>
        <xilinx:tag xilinx:name="ui.data.coregen.dd@5a41cfe6_ARCHIVE_LOCATION">c:/Users/knstokke/Documents/Vivado18/ip_repo/Gam_Interface_1.0</xilinx:tag>
        <xilinx:tag xilinx:name="ui.data.coregen.dd@347e9c89_ARCHIVE_LOCATION">c:/Users/knstokke/Documents/Vivado18/ip_repo/Gam_Interface_1.0</xilinx:tag>
        <xilinx:tag xilinx:name="ui.data.coregen.dd@2b457826_ARCHIVE_LOCATION">c:/Users/knstokke/Documents/Vivado18/ip_repo/Gam_Interface_1.0</xilinx:tag>
        <xilinx:tag xilinx:name="ui.data.coregen.dd@5aa088f8_ARCHIVE_LOCATION">c:/Users/knstokke/Documents/Vivado18/ip_repo/Gam_Interface_1.0</xilinx:tag>
        <xilinx:tag xilinx:name="ui.data.coregen.dd@7c8c3742_ARCHIVE_LOCATION">c:/Users/knstokke/Documents/Vivado18/ip_repo/Gam_Interface_1.0</xilinx:tag>
        <xilinx:tag xilinx:name="ui.data.coregen.dd@382e9f14_ARCHIVE_LOCATION">c:/Users/knstokke/Documents/Vivado18/ip_repo/Gam_Interface_1.0</xilinx:tag>
        <xilinx:tag xilinx:name="ui.data.coregen.dd@9f2f452_ARCHIVE_LOCATION">c:/Users/knstokke/Documents/Vivado18/ip_repo/Gam_Interface_1.0</xilinx:tag>
        <xilinx:tag xilinx:name="ui.data.coregen.dd@48ed2032_ARCHIVE_LOCATION">c:/Users/knstokke/Documents/Vivado18/ip_repo/Gam_Interface_1.0</xilinx:tag>
        <xilinx:tag xilinx:name="ui.data.coregen.dd@646af7bd_ARCHIVE_LOCATION">c:/Users/knstokke/Documents/Vivado18/ip_repo/Gam_Interface_1.0</xilinx:tag>
        <xilinx:tag xilinx:name="ui.data.coregen.dd@2756c949_ARCHIVE_LOCATION">c:/Users/knstokke/Documents/Vivado18/ip_repo/Gam_Interface_1.0</xilinx:tag>
        <xilinx:tag xilinx:name="ui.data.coregen.dd@5474f7eb_ARCHIVE_LOCATION">c:/Users/knstokke/Documents/Vivado18/ip_repo/Gam_Interface_1.0</xilinx:tag>
        <xilinx:tag xilinx:name="ui.data.coregen.dd@afebe1d_ARCHIVE_LOCATION">c:/Users/knstokke/Documents/Vivado18/ip_repo/Gam_Interface_1.0</xilinx:tag>
        <xilinx:tag xilinx:name="ui.data.coregen.dd@208f30e0_ARCHIVE_LOCATION">c:/Users/knstokke/Documents/Vivado18/ip_repo/Gam_Interface_1.0</xilinx:tag>
        <xilinx:tag xilinx:name="ui.data.coregen.dd@5bdce62e_ARCHIVE_LOCATION">c:/Users/knstokke/Documents/Vivado18/ip_repo/Gam_Interface_1.0</xilinx:tag>
        <xilinx:tag xilinx:name="ui.data.coregen.dd@2ab0da38_ARCHIVE_LOCATION">c:/Users/knstokke/Documents/Vivado18/ip_repo/Gam_Interface_1.0</xilinx:tag>
        <xilinx:tag xilinx:name="ui.data.coregen.dd@569f92f0_ARCHIVE_LOCATION">c:/Users/knstokke/Documents/Vivado18/ip_repo/Gam_Interface_1.0</xilinx:tag>
        <xilinx:tag xilinx:name="ui.data.coregen.dd@1658626_ARCHIVE_LOCATION">c:/Users/knstokke/Documents/Vivado18/ip_repo/Gam_Interface_1.0</xilinx:tag>
        <xilinx:tag xilinx:name="ui.data.coregen.dd@295881fe_ARCHIVE_LOCATION">c:/Users/knstokke/Documents/Vivado18/ip_repo/Gam_Interface_1.0</xilinx:tag>
        <xilinx:tag xilinx:name="ui.data.coregen.dd@4255ffa2_ARCHIVE_LOCATION">c:/Users/knstokke/Documents/Vivado18/ip_repo/Gam_Interface_1.0</xilinx:tag>
        <xilinx:tag xilinx:name="ui.data.coregen.dd@5af1ed4c_ARCHIVE_LOCATION">c:/Users/knstokke/Documents/Vivado18/ip_repo/Gam_Interface_1.0</xilinx:tag>
        <xilinx:tag xilinx:name="ui.data.coregen.dd@639b5d0b_ARCHIVE_LOCATION">c:/Users/knstokke/Documents/Vivado18/ip_repo/Gam_Interface_1.0</xilinx:tag>
        <xilinx:tag xilinx:name="ui.data.coregen.dd@50c8fb57_ARCHIVE_LOCATION">c:/Users/knstokke/Documents/Vivado18/ip_repo/Gam_Interface_1.0</xilinx:tag>
        <xilinx:tag xilinx:name="ui.data.coregen.dd@40c2699_ARCHIVE_LOCATION">c:/Users/knstokke/Documents/Vivado18/ip_repo/Gam_Interface_1.0</xilinx:tag>
        <xilinx:tag xilinx:name="ui.data.coregen.dd@1d59f945_ARCHIVE_LOCATION">c:/Users/knstokke/Documents/Vivado18/ip_repo/Gam_Interface_1.0</xilinx:tag>
        <xilinx:tag xilinx:name="ui.data.coregen.dd@4bcc7ba6_ARCHIVE_LOCATION">c:/Users/knstokke/Documents/Vivado18/ip_repo/Gam_Interface_1.0</xilinx:tag>
        <xilinx:tag xilinx:name="ui.data.coregen.dd@36c72914_ARCHIVE_LOCATION">c:/Users/knstokke/Documents/Vivado18/ip_repo/Gam_Interface_1.0</xilinx:tag>
        <xilinx:tag xilinx:name="ui.data.coregen.dd@247cde25_ARCHIVE_LOCATION">c:/Users/knstokke/Documents/Vivado18/ip_repo/Gam_Interface_1.0</xilinx:tag>
        <xilinx:tag xilinx:name="ui.data.coregen.dd@139602_ARCHIVE_LOCATION">c:/Users/knstokke/Documents/Vivado18/ip_repo/Gam_Interface_1.0</xilinx:tag>
        <xilinx:tag xilinx:name="ui.data.coregen.dd@749beaae_ARCHIVE_LOCATION">c:/Users/knstokke/Documents/Vivado18/ip_repo/Gam_Interface_1.0</xilinx:tag>
        <xilinx:tag xilinx:name="ui.data.coregen.dd@5f2fd204_ARCHIVE_LOCATION">c:/Users/knstokke/Documents/Vivado18/ip_repo/Gam_Interface_1.0</xilinx:tag>
        <xilinx:tag xilinx:name="ui.data.coregen.dd@69c10ee1_ARCHIVE_LOCATION">c:/Users/knstokke/Documents/Vivado18/ip_repo/Gam_Interface_1.0</xilinx:tag>
        <xilinx:tag xilinx:name="ui.data.coregen.dd@62e569d2_ARCHIVE_LOCATION">c:/Users/knstokke/Documents/Vivado18/ip_repo/Gam_Interface_1.0</xilinx:tag>
        <xilinx:tag xilinx:name="ui.data.coregen.dd@798692d2_ARCHIVE_LOCATION">c:/Users/knstokke/Documents/Vivado18/ip_repo/Gam_Interface_1.0</xilinx:tag>
        <xilinx:tag xilinx:name="ui.data.coregen.dd@4f8f4a63_ARCHIVE_LOCATION">c:/Users/knstokke/Documents/Vivado18/ip_repo/Gam_Interface_1.0</xilinx:tag>
        <xilinx:tag xilinx:name="ui.data.coregen.dd@3fe343bf_ARCHIVE_LOCATION">c:/Users/knstokke/Documents/Vivado18/ip_repo/Gam_Interface_1.0</xilinx:tag>
        <xilinx:tag xilinx:name="ui.data.coregen.dd@6b59b1dc_ARCHIVE_LOCATION">c:/Users/knstokke/Documents/Vivado18/ip_repo/Gam_Interface_1.0</xilinx:tag>
      </xilinx:tags>
    </xilinx:coreExtensions>
    <xilinx:packagingInfo>
      <xilinx:xilinxVersion>2018.3.1</xilinx:xilinxVersion>
      <xilinx:checksum xilinx:scope="busInterfaces" xilinx:value="7a63f3fc"/>
      <xilinx:checksum xilinx:scope="memoryMaps" xilinx:value="ed1368d5"/>
      <xilinx:checksum xilinx:scope="fileGroups" xilinx:value="e4da6792"/>
      <xilinx:checksum xilinx:scope="ports" xilinx:value="8f992b66"/>
      <xilinx:checksum xilinx:scope="hdlParameters" xilinx:value="6992ea72"/>
      <xilinx:checksum xilinx:scope="parameters" xilinx:value="8dad1dc5"/>
    </xilinx:packagingInfo>
  </spirit:vendorExtensions>
</spirit:component>
