<?xml version="1.0" encoding="UTF-8"?>
<spirit:component xmlns:xilinx="http://www.xilinx.com" xmlns:spirit="http://www.spiritconsortium.org/XMLSchema/SPIRIT/1685-2009" xmlns:xsi="http://www.w3.org/2001/XMLSchema-instance">
  <spirit:vendor>xilinx.com</spirit:vendor>
  <spirit:library>user</spirit:library>
  <spirit:name>Gradients</spirit:name>
  <spirit:version>1.0</spirit:version>
  <spirit:busInterfaces>
    <spirit:busInterface>
      <spirit:name>S00_AXI</spirit:name>
      <spirit:busType spirit:vendor="xilinx.com" spirit:library="interface" spirit:name="aximm" spirit:version="1.0"/>
      <spirit:abstractionType spirit:vendor="xilinx.com" spirit:library="interface" spirit:name="aximm_rtl" spirit:version="1.0"/>
      <spirit:slave>
        <spirit:memoryMapRef spirit:memoryMapRef="S00_AXI"/>
      </spirit:slave>
      <spirit:portMaps>
        <spirit:portMap>
          <spirit:logicalPort>
            <spirit:name>AWADDR</spirit:name>
          </spirit:logicalPort>
          <spirit:physicalPort>
            <spirit:name>s00_axi_awaddr</spirit:name>
          </spirit:physicalPort>
        </spirit:portMap>
        <spirit:portMap>
          <spirit:logicalPort>
            <spirit:name>AWPROT</spirit:name>
          </spirit:logicalPort>
          <spirit:physicalPort>
            <spirit:name>s00_axi_awprot</spirit:name>
          </spirit:physicalPort>
        </spirit:portMap>
        <spirit:portMap>
          <spirit:logicalPort>
            <spirit:name>AWVALID</spirit:name>
          </spirit:logicalPort>
          <spirit:physicalPort>
            <spirit:name>s00_axi_awvalid</spirit:name>
          </spirit:physicalPort>
        </spirit:portMap>
        <spirit:portMap>
          <spirit:logicalPort>
            <spirit:name>AWREADY</spirit:name>
          </spirit:logicalPort>
          <spirit:physicalPort>
            <spirit:name>s00_axi_awready</spirit:name>
          </spirit:physicalPort>
        </spirit:portMap>
        <spirit:portMap>
          <spirit:logicalPort>
            <spirit:name>WDATA</spirit:name>
          </spirit:logicalPort>
          <spirit:physicalPort>
            <spirit:name>s00_axi_wdata</spirit:name>
          </spirit:physicalPort>
        </spirit:portMap>
        <spirit:portMap>
          <spirit:logicalPort>
            <spirit:name>WSTRB</spirit:name>
          </spirit:logicalPort>
          <spirit:physicalPort>
            <spirit:name>s00_axi_wstrb</spirit:name>
          </spirit:physicalPort>
        </spirit:portMap>
        <spirit:portMap>
          <spirit:logicalPort>
            <spirit:name>WVALID</spirit:name>
          </spirit:logicalPort>
          <spirit:physicalPort>
            <spirit:name>s00_axi_wvalid</spirit:name>
          </spirit:physicalPort>
        </spirit:portMap>
        <spirit:portMap>
          <spirit:logicalPort>
            <spirit:name>WREADY</spirit:name>
          </spirit:logicalPort>
          <spirit:physicalPort>
            <spirit:name>s00_axi_wready</spirit:name>
          </spirit:physicalPort>
        </spirit:portMap>
        <spirit:portMap>
          <spirit:logicalPort>
            <spirit:name>BRESP</spirit:name>
          </spirit:logicalPort>
          <spirit:physicalPort>
            <spirit:name>s00_axi_bresp</spirit:name>
          </spirit:physicalPort>
        </spirit:portMap>
        <spirit:portMap>
          <spirit:logicalPort>
            <spirit:name>BVALID</spirit:name>
          </spirit:logicalPort>
          <spirit:physicalPort>
            <spirit:name>s00_axi_bvalid</spirit:name>
          </spirit:physicalPort>
        </spirit:portMap>
        <spirit:portMap>
          <spirit:logicalPort>
            <spirit:name>BREADY</spirit:name>
          </spirit:logicalPort>
          <spirit:physicalPort>
            <spirit:name>s00_axi_bready</spirit:name>
          </spirit:physicalPort>
        </spirit:portMap>
        <spirit:portMap>
          <spirit:logicalPort>
            <spirit:name>ARADDR</spirit:name>
          </spirit:logicalPort>
          <spirit:physicalPort>
            <spirit:name>s00_axi_araddr</spirit:name>
          </spirit:physicalPort>
        </spirit:portMap>
        <spirit:portMap>
          <spirit:logicalPort>
            <spirit:name>ARPROT</spirit:name>
          </spirit:logicalPort>
          <spirit:physicalPort>
            <spirit:name>s00_axi_arprot</spirit:name>
          </spirit:physicalPort>
        </spirit:portMap>
        <spirit:portMap>
          <spirit:logicalPort>
            <spirit:name>ARVALID</spirit:name>
          </spirit:logicalPort>
          <spirit:physicalPort>
            <spirit:name>s00_axi_arvalid</spirit:name>
          </spirit:physicalPort>
        </spirit:portMap>
        <spirit:portMap>
          <spirit:logicalPort>
            <spirit:name>ARREADY</spirit:name>
          </spirit:logicalPort>
          <spirit:physicalPort>
            <spirit:name>s00_axi_arready</spirit:name>
          </spirit:physicalPort>
        </spirit:portMap>
        <spirit:portMap>
          <spirit:logicalPort>
            <spirit:name>RDATA</spirit:name>
          </spirit:logicalPort>
          <spirit:physicalPort>
            <spirit:name>s00_axi_rdata</spirit:name>
          </spirit:physicalPort>
        </spirit:portMap>
        <spirit:portMap>
          <spirit:logicalPort>
            <spirit:name>RRESP</spirit:name>
          </spirit:logicalPort>
          <spirit:physicalPort>
            <spirit:name>s00_axi_rresp</spirit:name>
          </spirit:physicalPort>
        </spirit:portMap>
        <spirit:portMap>
          <spirit:logicalPort>
            <spirit:name>RVALID</spirit:name>
          </spirit:logicalPort>
          <spirit:physicalPort>
            <spirit:name>s00_axi_rvalid</spirit:name>
          </spirit:physicalPort>
        </spirit:portMap>
        <spirit:portMap>
          <spirit:logicalPort>
            <spirit:name>RREADY</spirit:name>
          </spirit:logicalPort>
          <spirit:physicalPort>
            <spirit:name>s00_axi_rready</spirit:name>
          </spirit:physicalPort>
        </spirit:portMap>
      </spirit:portMaps>
      <spirit:parameters>
        <spirit:parameter>
          <spirit:name>WIZ_DATA_WIDTH</spirit:name>
          <spirit:value spirit:format="long" spirit:id="BUSIFPARAM_VALUE.S00_AXI.WIZ_DATA_WIDTH" spirit:choiceRef="choice_list_6fc15197">32</spirit:value>
        </spirit:parameter>
        <spirit:parameter>
          <spirit:name>WIZ_NUM_REG</spirit:name>
          <spirit:value spirit:format="long" spirit:id="BUSIFPARAM_VALUE.S00_AXI.WIZ_NUM_REG" spirit:minimum="4" spirit:maximum="512" spirit:rangeType="long">4</spirit:value>
        </spirit:parameter>
        <spirit:parameter>
          <spirit:name>SUPPORTS_NARROW_BURST</spirit:name>
          <spirit:value spirit:format="long" spirit:id="BUSIFPARAM_VALUE.S00_AXI.SUPPORTS_NARROW_BURST" spirit:choiceRef="choice_pairs_ce1226b1">0</spirit:value>
        </spirit:parameter>
      </spirit:parameters>
    </spirit:busInterface>
    <spirit:busInterface>
      <spirit:name>S00_AXI_RST</spirit:name>
      <spirit:busType spirit:vendor="xilinx.com" spirit:library="signal" spirit:name="reset" spirit:version="1.0"/>
      <spirit:abstractionType spirit:vendor="xilinx.com" spirit:library="signal" spirit:name="reset_rtl" spirit:version="1.0"/>
      <spirit:slave/>
      <spirit:portMaps>
        <spirit:portMap>
          <spirit:logicalPort>
            <spirit:name>RST</spirit:name>
          </spirit:logicalPort>
          <spirit:physicalPort>
            <spirit:name>s00_axi_aresetn</spirit:name>
          </spirit:physicalPort>
        </spirit:portMap>
      </spirit:portMaps>
      <spirit:parameters>
        <spirit:parameter>
          <spirit:name>POLARITY</spirit:name>
          <spirit:value spirit:id="BUSIFPARAM_VALUE.S00_AXI_RST.POLARITY" spirit:choiceRef="choice_list_9d8b0d81">ACTIVE_LOW</spirit:value>
        </spirit:parameter>
      </spirit:parameters>
    </spirit:busInterface>
    <spirit:busInterface>
      <spirit:name>S00_AXI_CLK</spirit:name>
      <spirit:busType spirit:vendor="xilinx.com" spirit:library="signal" spirit:name="clock" spirit:version="1.0"/>
      <spirit:abstractionType spirit:vendor="xilinx.com" spirit:library="signal" spirit:name="clock_rtl" spirit:version="1.0"/>
      <spirit:slave/>
      <spirit:portMaps>
        <spirit:portMap>
          <spirit:logicalPort>
            <spirit:name>CLK</spirit:name>
          </spirit:logicalPort>
          <spirit:physicalPort>
            <spirit:name>s00_axi_aclk</spirit:name>
          </spirit:physicalPort>
        </spirit:portMap>
      </spirit:portMaps>
      <spirit:parameters>
        <spirit:parameter>
          <spirit:name>ASSOCIATED_BUSIF</spirit:name>
          <spirit:value spirit:id="BUSIFPARAM_VALUE.S00_AXI_CLK.ASSOCIATED_BUSIF">S00_AXI</spirit:value>
        </spirit:parameter>
        <spirit:parameter>
          <spirit:name>ASSOCIATED_RESET</spirit:name>
          <spirit:value spirit:id="BUSIFPARAM_VALUE.S00_AXI_CLK.ASSOCIATED_RESET">s00_axi_aresetn</spirit:value>
        </spirit:parameter>
      </spirit:parameters>
    </spirit:busInterface>
  </spirit:busInterfaces>
  <spirit:memoryMaps>
    <spirit:memoryMap>
      <spirit:name>S00_AXI</spirit:name>
      <spirit:addressBlock>
        <spirit:name>S00_AXI_reg</spirit:name>
        <spirit:baseAddress spirit:format="long" spirit:resolve="user">0</spirit:baseAddress>
        <spirit:range spirit:format="long">4096</spirit:range>
        <spirit:width spirit:format="long">32</spirit:width>
        <spirit:usage>register</spirit:usage>
        <spirit:parameters>
          <spirit:parameter>
            <spirit:name>OFFSET_BASE_PARAM</spirit:name>
            <spirit:value spirit:id="ADDRBLOCKPARAM_VALUE.S00_AXI.S00_AXI_REG.OFFSET_BASE_PARAM">C_S00_AXI_BASEADDR</spirit:value>
          </spirit:parameter>
          <spirit:parameter>
            <spirit:name>OFFSET_HIGH_PARAM</spirit:name>
            <spirit:value spirit:id="ADDRBLOCKPARAM_VALUE.S00_AXI.S00_AXI_REG.OFFSET_HIGH_PARAM">C_S00_AXI_HIGHADDR</spirit:value>
          </spirit:parameter>
        </spirit:parameters>
      </spirit:addressBlock>
    </spirit:memoryMap>
  </spirit:memoryMaps>
  <spirit:model>
    <spirit:views>
      <spirit:view>
        <spirit:name>xilinx_verilogsynthesis</spirit:name>
        <spirit:displayName>Verilog Synthesis</spirit:displayName>
        <spirit:envIdentifier>verilogSource:vivado.xilinx.com:synthesis</spirit:envIdentifier>
        <spirit:language>verilog</spirit:language>
        <spirit:modelName>Gradients_v1_0</spirit:modelName>
        <spirit:fileSetRef>
          <spirit:localName>xilinx_verilogsynthesis_view_fileset</spirit:localName>
        </spirit:fileSetRef>
        <spirit:parameters>
          <spirit:parameter>
            <spirit:name>viewChecksum</spirit:name>
            <spirit:value>b9e81870</spirit:value>
          </spirit:parameter>
        </spirit:parameters>
      </spirit:view>
      <spirit:view>
        <spirit:name>xilinx_verilogbehavioralsimulation</spirit:name>
        <spirit:displayName>Verilog Simulation</spirit:displayName>
        <spirit:envIdentifier>verilogSource:vivado.xilinx.com:simulation</spirit:envIdentifier>
        <spirit:language>verilog</spirit:language>
        <spirit:modelName>Gradients_v1_0</spirit:modelName>
        <spirit:fileSetRef>
          <spirit:localName>xilinx_verilogbehavioralsimulation_view_fileset</spirit:localName>
        </spirit:fileSetRef>
        <spirit:parameters>
          <spirit:parameter>
            <spirit:name>viewChecksum</spirit:name>
            <spirit:value>b9e81870</spirit:value>
          </spirit:parameter>
        </spirit:parameters>
      </spirit:view>
      <spirit:view>
        <spirit:name>xilinx_softwaredriver</spirit:name>
        <spirit:displayName>Software Driver</spirit:displayName>
        <spirit:envIdentifier>:vivado.xilinx.com:sw.driver</spirit:envIdentifier>
        <spirit:fileSetRef>
          <spirit:localName>xilinx_softwaredriver_view_fileset</spirit:localName>
        </spirit:fileSetRef>
        <spirit:parameters>
          <spirit:parameter>
            <spirit:name>viewChecksum</spirit:name>
            <spirit:value>c858239d</spirit:value>
          </spirit:parameter>
        </spirit:parameters>
      </spirit:view>
      <spirit:view>
        <spirit:name>xilinx_xpgui</spirit:name>
        <spirit:displayName>UI Layout</spirit:displayName>
        <spirit:envIdentifier>:vivado.xilinx.com:xgui.ui</spirit:envIdentifier>
        <spirit:fileSetRef>
          <spirit:localName>xilinx_xpgui_view_fileset</spirit:localName>
        </spirit:fileSetRef>
        <spirit:parameters>
          <spirit:parameter>
            <spirit:name>viewChecksum</spirit:name>
            <spirit:value>dda4df14</spirit:value>
          </spirit:parameter>
        </spirit:parameters>
      </spirit:view>
      <spirit:view>
        <spirit:name>bd_tcl</spirit:name>
        <spirit:displayName>Block Diagram</spirit:displayName>
        <spirit:envIdentifier>:vivado.xilinx.com:block.diagram</spirit:envIdentifier>
        <spirit:fileSetRef>
          <spirit:localName>bd_tcl_view_fileset</spirit:localName>
        </spirit:fileSetRef>
        <spirit:parameters>
          <spirit:parameter>
            <spirit:name>viewChecksum</spirit:name>
            <spirit:value>16328387</spirit:value>
          </spirit:parameter>
        </spirit:parameters>
      </spirit:view>
    </spirit:views>
    <spirit:ports>
      <spirit:port>
        <spirit:name>param_ready_0</spirit:name>
        <spirit:wire>
          <spirit:direction>in</spirit:direction>
          <spirit:wireTypeDefs>
            <spirit:wireTypeDef>
              <spirit:typeName>std_logic</spirit:typeName>
              <spirit:viewNameRef>xilinx_verilogsynthesis</spirit:viewNameRef>
              <spirit:viewNameRef>xilinx_verilogbehavioralsimulation</spirit:viewNameRef>
            </spirit:wireTypeDef>
          </spirit:wireTypeDefs>
        </spirit:wire>
      </spirit:port>
      <spirit:port>
        <spirit:name>width_0</spirit:name>
        <spirit:wire>
          <spirit:direction>in</spirit:direction>
          <spirit:vector>
            <spirit:left spirit:format="long">31</spirit:left>
            <spirit:right spirit:format="long">0</spirit:right>
          </spirit:vector>
          <spirit:wireTypeDefs>
            <spirit:wireTypeDef>
              <spirit:typeName>std_logic_vector</spirit:typeName>
              <spirit:viewNameRef>xilinx_verilogsynthesis</spirit:viewNameRef>
              <spirit:viewNameRef>xilinx_verilogbehavioralsimulation</spirit:viewNameRef>
            </spirit:wireTypeDef>
          </spirit:wireTypeDefs>
        </spirit:wire>
      </spirit:port>
      <spirit:port>
        <spirit:name>height_0</spirit:name>
        <spirit:wire>
          <spirit:direction>in</spirit:direction>
          <spirit:vector>
            <spirit:left spirit:format="long">31</spirit:left>
            <spirit:right spirit:format="long">0</spirit:right>
          </spirit:vector>
          <spirit:wireTypeDefs>
            <spirit:wireTypeDef>
              <spirit:typeName>std_logic_vector</spirit:typeName>
              <spirit:viewNameRef>xilinx_verilogsynthesis</spirit:viewNameRef>
              <spirit:viewNameRef>xilinx_verilogbehavioralsimulation</spirit:viewNameRef>
            </spirit:wireTypeDef>
          </spirit:wireTypeDefs>
        </spirit:wire>
      </spirit:port>
      <spirit:port>
        <spirit:name>dout_ints_0</spirit:name>
        <spirit:wire>
          <spirit:direction>in</spirit:direction>
          <spirit:vector>
            <spirit:left spirit:format="long">31</spirit:left>
            <spirit:right spirit:format="long">0</spirit:right>
          </spirit:vector>
          <spirit:wireTypeDefs>
            <spirit:wireTypeDef>
              <spirit:typeName>std_logic_vector</spirit:typeName>
              <spirit:viewNameRef>xilinx_verilogsynthesis</spirit:viewNameRef>
              <spirit:viewNameRef>xilinx_verilogbehavioralsimulation</spirit:viewNameRef>
            </spirit:wireTypeDef>
          </spirit:wireTypeDefs>
        </spirit:wire>
      </spirit:port>
      <spirit:port>
        <spirit:name>grad_ea_0</spirit:name>
        <spirit:wire>
          <spirit:direction>out</spirit:direction>
          <spirit:wireTypeDefs>
            <spirit:wireTypeDef>
              <spirit:typeName>std_logic</spirit:typeName>
              <spirit:viewNameRef>xilinx_verilogsynthesis</spirit:viewNameRef>
              <spirit:viewNameRef>xilinx_verilogbehavioralsimulation</spirit:viewNameRef>
            </spirit:wireTypeDef>
          </spirit:wireTypeDefs>
        </spirit:wire>
      </spirit:port>
      <spirit:port>
        <spirit:name>ints_ea_0</spirit:name>
        <spirit:wire>
          <spirit:direction>out</spirit:direction>
          <spirit:wireTypeDefs>
            <spirit:wireTypeDef>
              <spirit:typeName>std_logic</spirit:typeName>
              <spirit:viewNameRef>xilinx_verilogsynthesis</spirit:viewNameRef>
              <spirit:viewNameRef>xilinx_verilogbehavioralsimulation</spirit:viewNameRef>
            </spirit:wireTypeDef>
          </spirit:wireTypeDefs>
        </spirit:wire>
      </spirit:port>
      <spirit:port>
        <spirit:name>grad_wea_0</spirit:name>
        <spirit:wire>
          <spirit:direction>out</spirit:direction>
          <spirit:wireTypeDefs>
            <spirit:wireTypeDef>
              <spirit:typeName>std_logic</spirit:typeName>
              <spirit:viewNameRef>xilinx_verilogsynthesis</spirit:viewNameRef>
              <spirit:viewNameRef>xilinx_verilogbehavioralsimulation</spirit:viewNameRef>
            </spirit:wireTypeDef>
          </spirit:wireTypeDefs>
        </spirit:wire>
      </spirit:port>
      <spirit:port>
        <spirit:name>ints_wea_0</spirit:name>
        <spirit:wire>
          <spirit:direction>out</spirit:direction>
          <spirit:wireTypeDefs>
            <spirit:wireTypeDef>
              <spirit:typeName>std_logic</spirit:typeName>
              <spirit:viewNameRef>xilinx_verilogsynthesis</spirit:viewNameRef>
              <spirit:viewNameRef>xilinx_verilogbehavioralsimulation</spirit:viewNameRef>
            </spirit:wireTypeDef>
          </spirit:wireTypeDefs>
        </spirit:wire>
      </spirit:port>
      <spirit:port>
        <spirit:name>addr_ints_0</spirit:name>
        <spirit:wire>
          <spirit:direction>out</spirit:direction>
          <spirit:vector>
            <spirit:left spirit:format="long">16</spirit:left>
            <spirit:right spirit:format="long">0</spirit:right>
          </spirit:vector>
          <spirit:wireTypeDefs>
            <spirit:wireTypeDef>
              <spirit:typeName>std_logic_vector</spirit:typeName>
              <spirit:viewNameRef>xilinx_verilogsynthesis</spirit:viewNameRef>
              <spirit:viewNameRef>xilinx_verilogbehavioralsimulation</spirit:viewNameRef>
            </spirit:wireTypeDef>
          </spirit:wireTypeDefs>
        </spirit:wire>
      </spirit:port>
      <spirit:port>
        <spirit:name>addr_grad_x_0</spirit:name>
        <spirit:wire>
          <spirit:direction>out</spirit:direction>
          <spirit:vector>
            <spirit:left spirit:format="long">16</spirit:left>
            <spirit:right spirit:format="long">0</spirit:right>
          </spirit:vector>
          <spirit:wireTypeDefs>
            <spirit:wireTypeDef>
              <spirit:typeName>std_logic_vector</spirit:typeName>
              <spirit:viewNameRef>xilinx_verilogsynthesis</spirit:viewNameRef>
              <spirit:viewNameRef>xilinx_verilogbehavioralsimulation</spirit:viewNameRef>
            </spirit:wireTypeDef>
          </spirit:wireTypeDefs>
        </spirit:wire>
      </spirit:port>
      <spirit:port>
        <spirit:name>addr_grad_y_0</spirit:name>
        <spirit:wire>
          <spirit:direction>out</spirit:direction>
          <spirit:vector>
            <spirit:left spirit:format="long">16</spirit:left>
            <spirit:right spirit:format="long">0</spirit:right>
          </spirit:vector>
          <spirit:wireTypeDefs>
            <spirit:wireTypeDef>
              <spirit:typeName>std_logic_vector</spirit:typeName>
              <spirit:viewNameRef>xilinx_verilogsynthesis</spirit:viewNameRef>
              <spirit:viewNameRef>xilinx_verilogbehavioralsimulation</spirit:viewNameRef>
            </spirit:wireTypeDef>
          </spirit:wireTypeDefs>
        </spirit:wire>
      </spirit:port>
      <spirit:port>
        <spirit:name>din_grad_x_0</spirit:name>
        <spirit:wire>
          <spirit:direction>out</spirit:direction>
          <spirit:vector>
            <spirit:left spirit:format="long">31</spirit:left>
            <spirit:right spirit:format="long">0</spirit:right>
          </spirit:vector>
          <spirit:wireTypeDefs>
            <spirit:wireTypeDef>
              <spirit:typeName>std_logic_vector</spirit:typeName>
              <spirit:viewNameRef>xilinx_verilogsynthesis</spirit:viewNameRef>
              <spirit:viewNameRef>xilinx_verilogbehavioralsimulation</spirit:viewNameRef>
            </spirit:wireTypeDef>
          </spirit:wireTypeDefs>
        </spirit:wire>
      </spirit:port>
      <spirit:port>
        <spirit:name>din_grad_y_0</spirit:name>
        <spirit:wire>
          <spirit:direction>out</spirit:direction>
          <spirit:vector>
            <spirit:left spirit:format="long">31</spirit:left>
            <spirit:right spirit:format="long">0</spirit:right>
          </spirit:vector>
          <spirit:wireTypeDefs>
            <spirit:wireTypeDef>
              <spirit:typeName>std_logic_vector</spirit:typeName>
              <spirit:viewNameRef>xilinx_verilogsynthesis</spirit:viewNameRef>
              <spirit:viewNameRef>xilinx_verilogbehavioralsimulation</spirit:viewNameRef>
            </spirit:wireTypeDef>
          </spirit:wireTypeDefs>
        </spirit:wire>
      </spirit:port>
      <spirit:port>
        <spirit:name>din_ints_0</spirit:name>
        <spirit:wire>
          <spirit:direction>out</spirit:direction>
          <spirit:vector>
            <spirit:left spirit:format="long">31</spirit:left>
            <spirit:right spirit:format="long">0</spirit:right>
          </spirit:vector>
          <spirit:wireTypeDefs>
            <spirit:wireTypeDef>
              <spirit:typeName>std_logic_vector</spirit:typeName>
              <spirit:viewNameRef>xilinx_verilogsynthesis</spirit:viewNameRef>
              <spirit:viewNameRef>xilinx_verilogbehavioralsimulation</spirit:viewNameRef>
            </spirit:wireTypeDef>
          </spirit:wireTypeDefs>
        </spirit:wire>
      </spirit:port>
      <spirit:port>
        <spirit:name>grad_done_0</spirit:name>
        <spirit:wire>
          <spirit:direction>out</spirit:direction>
          <spirit:wireTypeDefs>
            <spirit:wireTypeDef>
              <spirit:typeName>std_logic</spirit:typeName>
              <spirit:viewNameRef>xilinx_verilogsynthesis</spirit:viewNameRef>
              <spirit:viewNameRef>xilinx_verilogbehavioralsimulation</spirit:viewNameRef>
            </spirit:wireTypeDef>
          </spirit:wireTypeDefs>
        </spirit:wire>
      </spirit:port>
      <spirit:port>
        <spirit:name>out_frame_counter_0</spirit:name>
        <spirit:wire>
          <spirit:direction>out</spirit:direction>
          <spirit:vector>
            <spirit:left spirit:format="long">31</spirit:left>
            <spirit:right spirit:format="long">0</spirit:right>
          </spirit:vector>
          <spirit:wireTypeDefs>
            <spirit:wireTypeDef>
              <spirit:typeName>std_logic_vector</spirit:typeName>
              <spirit:viewNameRef>xilinx_verilogsynthesis</spirit:viewNameRef>
              <spirit:viewNameRef>xilinx_verilogbehavioralsimulation</spirit:viewNameRef>
            </spirit:wireTypeDef>
          </spirit:wireTypeDefs>
        </spirit:wire>
      </spirit:port>
      <spirit:port>
        <spirit:name>s00_axi_awaddr</spirit:name>
        <spirit:wire>
          <spirit:direction>in</spirit:direction>
          <spirit:vector>
            <spirit:left spirit:format="long" spirit:resolve="dependent" spirit:dependency="(spirit:decode(id(&apos;MODELPARAM_VALUE.C_S00_AXI_ADDR_WIDTH&apos;)) - 1)">3</spirit:left>
            <spirit:right spirit:format="long">0</spirit:right>
          </spirit:vector>
          <spirit:wireTypeDefs>
            <spirit:wireTypeDef>
              <spirit:typeName>wire</spirit:typeName>
              <spirit:viewNameRef>xilinx_verilogsynthesis</spirit:viewNameRef>
              <spirit:viewNameRef>xilinx_verilogbehavioralsimulation</spirit:viewNameRef>
            </spirit:wireTypeDef>
          </spirit:wireTypeDefs>
        </spirit:wire>
      </spirit:port>
      <spirit:port>
        <spirit:name>s00_axi_awprot</spirit:name>
        <spirit:wire>
          <spirit:direction>in</spirit:direction>
          <spirit:vector>
            <spirit:left spirit:format="long">2</spirit:left>
            <spirit:right spirit:format="long">0</spirit:right>
          </spirit:vector>
          <spirit:wireTypeDefs>
            <spirit:wireTypeDef>
              <spirit:typeName>wire</spirit:typeName>
              <spirit:viewNameRef>xilinx_verilogsynthesis</spirit:viewNameRef>
              <spirit:viewNameRef>xilinx_verilogbehavioralsimulation</spirit:viewNameRef>
            </spirit:wireTypeDef>
          </spirit:wireTypeDefs>
        </spirit:wire>
      </spirit:port>
      <spirit:port>
        <spirit:name>s00_axi_awvalid</spirit:name>
        <spirit:wire>
          <spirit:direction>in</spirit:direction>
          <spirit:wireTypeDefs>
            <spirit:wireTypeDef>
              <spirit:typeName>wire</spirit:typeName>
              <spirit:viewNameRef>xilinx_verilogsynthesis</spirit:viewNameRef>
              <spirit:viewNameRef>xilinx_verilogbehavioralsimulation</spirit:viewNameRef>
            </spirit:wireTypeDef>
          </spirit:wireTypeDefs>
        </spirit:wire>
      </spirit:port>
      <spirit:port>
        <spirit:name>s00_axi_awready</spirit:name>
        <spirit:wire>
          <spirit:direction>out</spirit:direction>
          <spirit:wireTypeDefs>
            <spirit:wireTypeDef>
              <spirit:typeName>wire</spirit:typeName>
              <spirit:viewNameRef>xilinx_verilogsynthesis</spirit:viewNameRef>
              <spirit:viewNameRef>xilinx_verilogbehavioralsimulation</spirit:viewNameRef>
            </spirit:wireTypeDef>
          </spirit:wireTypeDefs>
        </spirit:wire>
      </spirit:port>
      <spirit:port>
        <spirit:name>s00_axi_wdata</spirit:name>
        <spirit:wire>
          <spirit:direction>in</spirit:direction>
          <spirit:vector>
            <spirit:left spirit:format="long" spirit:resolve="dependent" spirit:dependency="(spirit:decode(id(&apos;MODELPARAM_VALUE.C_S00_AXI_DATA_WIDTH&apos;)) - 1)">31</spirit:left>
            <spirit:right spirit:format="long">0</spirit:right>
          </spirit:vector>
          <spirit:wireTypeDefs>
            <spirit:wireTypeDef>
              <spirit:typeName>wire</spirit:typeName>
              <spirit:viewNameRef>xilinx_verilogsynthesis</spirit:viewNameRef>
              <spirit:viewNameRef>xilinx_verilogbehavioralsimulation</spirit:viewNameRef>
            </spirit:wireTypeDef>
          </spirit:wireTypeDefs>
        </spirit:wire>
      </spirit:port>
      <spirit:port>
        <spirit:name>s00_axi_wstrb</spirit:name>
        <spirit:wire>
          <spirit:direction>in</spirit:direction>
          <spirit:vector>
            <spirit:left spirit:format="long" spirit:resolve="dependent" spirit:dependency="((spirit:decode(id(&apos;MODELPARAM_VALUE.C_S00_AXI_DATA_WIDTH&apos;)) / 8) - 1)">3</spirit:left>
            <spirit:right spirit:format="long">0</spirit:right>
          </spirit:vector>
          <spirit:wireTypeDefs>
            <spirit:wireTypeDef>
              <spirit:typeName>wire</spirit:typeName>
              <spirit:viewNameRef>xilinx_verilogsynthesis</spirit:viewNameRef>
              <spirit:viewNameRef>xilinx_verilogbehavioralsimulation</spirit:viewNameRef>
            </spirit:wireTypeDef>
          </spirit:wireTypeDefs>
        </spirit:wire>
      </spirit:port>
      <spirit:port>
        <spirit:name>s00_axi_wvalid</spirit:name>
        <spirit:wire>
          <spirit:direction>in</spirit:direction>
          <spirit:wireTypeDefs>
            <spirit:wireTypeDef>
              <spirit:typeName>wire</spirit:typeName>
              <spirit:viewNameRef>xilinx_verilogsynthesis</spirit:viewNameRef>
              <spirit:viewNameRef>xilinx_verilogbehavioralsimulation</spirit:viewNameRef>
            </spirit:wireTypeDef>
          </spirit:wireTypeDefs>
        </spirit:wire>
      </spirit:port>
      <spirit:port>
        <spirit:name>s00_axi_wready</spirit:name>
        <spirit:wire>
          <spirit:direction>out</spirit:direction>
          <spirit:wireTypeDefs>
            <spirit:wireTypeDef>
              <spirit:typeName>wire</spirit:typeName>
              <spirit:viewNameRef>xilinx_verilogsynthesis</spirit:viewNameRef>
              <spirit:viewNameRef>xilinx_verilogbehavioralsimulation</spirit:viewNameRef>
            </spirit:wireTypeDef>
          </spirit:wireTypeDefs>
        </spirit:wire>
      </spirit:port>
      <spirit:port>
        <spirit:name>s00_axi_bresp</spirit:name>
        <spirit:wire>
          <spirit:direction>out</spirit:direction>
          <spirit:vector>
            <spirit:left spirit:format="long">1</spirit:left>
            <spirit:right spirit:format="long">0</spirit:right>
          </spirit:vector>
          <spirit:wireTypeDefs>
            <spirit:wireTypeDef>
              <spirit:typeName>wire</spirit:typeName>
              <spirit:viewNameRef>xilinx_verilogsynthesis</spirit:viewNameRef>
              <spirit:viewNameRef>xilinx_verilogbehavioralsimulation</spirit:viewNameRef>
            </spirit:wireTypeDef>
          </spirit:wireTypeDefs>
        </spirit:wire>
      </spirit:port>
      <spirit:port>
        <spirit:name>s00_axi_bvalid</spirit:name>
        <spirit:wire>
          <spirit:direction>out</spirit:direction>
          <spirit:wireTypeDefs>
            <spirit:wireTypeDef>
              <spirit:typeName>wire</spirit:typeName>
              <spirit:viewNameRef>xilinx_verilogsynthesis</spirit:viewNameRef>
              <spirit:viewNameRef>xilinx_verilogbehavioralsimulation</spirit:viewNameRef>
            </spirit:wireTypeDef>
          </spirit:wireTypeDefs>
        </spirit:wire>
      </spirit:port>
      <spirit:port>
        <spirit:name>s00_axi_bready</spirit:name>
        <spirit:wire>
          <spirit:direction>in</spirit:direction>
          <spirit:wireTypeDefs>
            <spirit:wireTypeDef>
              <spirit:typeName>wire</spirit:typeName>
              <spirit:viewNameRef>xilinx_verilogsynthesis</spirit:viewNameRef>
              <spirit:viewNameRef>xilinx_verilogbehavioralsimulation</spirit:viewNameRef>
            </spirit:wireTypeDef>
          </spirit:wireTypeDefs>
        </spirit:wire>
      </spirit:port>
      <spirit:port>
        <spirit:name>s00_axi_araddr</spirit:name>
        <spirit:wire>
          <spirit:direction>in</spirit:direction>
          <spirit:vector>
            <spirit:left spirit:format="long" spirit:resolve="dependent" spirit:dependency="(spirit:decode(id(&apos;MODELPARAM_VALUE.C_S00_AXI_ADDR_WIDTH&apos;)) - 1)">3</spirit:left>
            <spirit:right spirit:format="long">0</spirit:right>
          </spirit:vector>
          <spirit:wireTypeDefs>
            <spirit:wireTypeDef>
              <spirit:typeName>wire</spirit:typeName>
              <spirit:viewNameRef>xilinx_verilogsynthesis</spirit:viewNameRef>
              <spirit:viewNameRef>xilinx_verilogbehavioralsimulation</spirit:viewNameRef>
            </spirit:wireTypeDef>
          </spirit:wireTypeDefs>
        </spirit:wire>
      </spirit:port>
      <spirit:port>
        <spirit:name>s00_axi_arprot</spirit:name>
        <spirit:wire>
          <spirit:direction>in</spirit:direction>
          <spirit:vector>
            <spirit:left spirit:format="long">2</spirit:left>
            <spirit:right spirit:format="long">0</spirit:right>
          </spirit:vector>
          <spirit:wireTypeDefs>
            <spirit:wireTypeDef>
              <spirit:typeName>wire</spirit:typeName>
              <spirit:viewNameRef>xilinx_verilogsynthesis</spirit:viewNameRef>
              <spirit:viewNameRef>xilinx_verilogbehavioralsimulation</spirit:viewNameRef>
            </spirit:wireTypeDef>
          </spirit:wireTypeDefs>
        </spirit:wire>
      </spirit:port>
      <spirit:port>
        <spirit:name>s00_axi_arvalid</spirit:name>
        <spirit:wire>
          <spirit:direction>in</spirit:direction>
          <spirit:wireTypeDefs>
            <spirit:wireTypeDef>
              <spirit:typeName>wire</spirit:typeName>
              <spirit:viewNameRef>xilinx_verilogsynthesis</spirit:viewNameRef>
              <spirit:viewNameRef>xilinx_verilogbehavioralsimulation</spirit:viewNameRef>
            </spirit:wireTypeDef>
          </spirit:wireTypeDefs>
        </spirit:wire>
      </spirit:port>
      <spirit:port>
        <spirit:name>s00_axi_arready</spirit:name>
        <spirit:wire>
          <spirit:direction>out</spirit:direction>
          <spirit:wireTypeDefs>
            <spirit:wireTypeDef>
              <spirit:typeName>wire</spirit:typeName>
              <spirit:viewNameRef>xilinx_verilogsynthesis</spirit:viewNameRef>
              <spirit:viewNameRef>xilinx_verilogbehavioralsimulation</spirit:viewNameRef>
            </spirit:wireTypeDef>
          </spirit:wireTypeDefs>
        </spirit:wire>
      </spirit:port>
      <spirit:port>
        <spirit:name>s00_axi_rdata</spirit:name>
        <spirit:wire>
          <spirit:direction>out</spirit:direction>
          <spirit:vector>
            <spirit:left spirit:format="long" spirit:resolve="dependent" spirit:dependency="(spirit:decode(id(&apos;MODELPARAM_VALUE.C_S00_AXI_DATA_WIDTH&apos;)) - 1)">31</spirit:left>
            <spirit:right spirit:format="long">0</spirit:right>
          </spirit:vector>
          <spirit:wireTypeDefs>
            <spirit:wireTypeDef>
              <spirit:typeName>wire</spirit:typeName>
              <spirit:viewNameRef>xilinx_verilogsynthesis</spirit:viewNameRef>
              <spirit:viewNameRef>xilinx_verilogbehavioralsimulation</spirit:viewNameRef>
            </spirit:wireTypeDef>
          </spirit:wireTypeDefs>
        </spirit:wire>
      </spirit:port>
      <spirit:port>
        <spirit:name>s00_axi_rresp</spirit:name>
        <spirit:wire>
          <spirit:direction>out</spirit:direction>
          <spirit:vector>
            <spirit:left spirit:format="long">1</spirit:left>
            <spirit:right spirit:format="long">0</spirit:right>
          </spirit:vector>
          <spirit:wireTypeDefs>
            <spirit:wireTypeDef>
              <spirit:typeName>wire</spirit:typeName>
              <spirit:viewNameRef>xilinx_verilogsynthesis</spirit:viewNameRef>
              <spirit:viewNameRef>xilinx_verilogbehavioralsimulation</spirit:viewNameRef>
            </spirit:wireTypeDef>
          </spirit:wireTypeDefs>
        </spirit:wire>
      </spirit:port>
      <spirit:port>
        <spirit:name>s00_axi_rvalid</spirit:name>
        <spirit:wire>
          <spirit:direction>out</spirit:direction>
          <spirit:wireTypeDefs>
            <spirit:wireTypeDef>
              <spirit:typeName>wire</spirit:typeName>
              <spirit:viewNameRef>xilinx_verilogsynthesis</spirit:viewNameRef>
              <spirit:viewNameRef>xilinx_verilogbehavioralsimulation</spirit:viewNameRef>
            </spirit:wireTypeDef>
          </spirit:wireTypeDefs>
        </spirit:wire>
      </spirit:port>
      <spirit:port>
        <spirit:name>s00_axi_rready</spirit:name>
        <spirit:wire>
          <spirit:direction>in</spirit:direction>
          <spirit:wireTypeDefs>
            <spirit:wireTypeDef>
              <spirit:typeName>wire</spirit:typeName>
              <spirit:viewNameRef>xilinx_verilogsynthesis</spirit:viewNameRef>
              <spirit:viewNameRef>xilinx_verilogbehavioralsimulation</spirit:viewNameRef>
            </spirit:wireTypeDef>
          </spirit:wireTypeDefs>
        </spirit:wire>
      </spirit:port>
      <spirit:port>
        <spirit:name>s00_axi_aclk</spirit:name>
        <spirit:wire>
          <spirit:direction>in</spirit:direction>
          <spirit:wireTypeDefs>
            <spirit:wireTypeDef>
              <spirit:typeName>wire</spirit:typeName>
              <spirit:viewNameRef>xilinx_verilogsynthesis</spirit:viewNameRef>
              <spirit:viewNameRef>xilinx_verilogbehavioralsimulation</spirit:viewNameRef>
            </spirit:wireTypeDef>
          </spirit:wireTypeDefs>
        </spirit:wire>
      </spirit:port>
      <spirit:port>
        <spirit:name>s00_axi_aresetn</spirit:name>
        <spirit:wire>
          <spirit:direction>in</spirit:direction>
          <spirit:wireTypeDefs>
            <spirit:wireTypeDef>
              <spirit:typeName>wire</spirit:typeName>
              <spirit:viewNameRef>xilinx_verilogsynthesis</spirit:viewNameRef>
              <spirit:viewNameRef>xilinx_verilogbehavioralsimulation</spirit:viewNameRef>
            </spirit:wireTypeDef>
          </spirit:wireTypeDefs>
        </spirit:wire>
      </spirit:port>
    </spirit:ports>
    <spirit:modelParameters>
      <spirit:modelParameter xsi:type="spirit:nameValueTypeType" spirit:dataType="integer">
        <spirit:name>C_S00_AXI_DATA_WIDTH</spirit:name>
        <spirit:displayName>C S00 AXI DATA WIDTH</spirit:displayName>
        <spirit:description>Width of S_AXI data bus</spirit:description>
        <spirit:value spirit:format="long" spirit:resolve="generated" spirit:id="MODELPARAM_VALUE.C_S00_AXI_DATA_WIDTH" spirit:order="3" spirit:rangeType="long">32</spirit:value>
      </spirit:modelParameter>
      <spirit:modelParameter spirit:dataType="integer">
        <spirit:name>C_S00_AXI_ADDR_WIDTH</spirit:name>
        <spirit:displayName>C S00 AXI ADDR WIDTH</spirit:displayName>
        <spirit:description>Width of S_AXI address bus</spirit:description>
        <spirit:value spirit:format="long" spirit:resolve="generated" spirit:id="MODELPARAM_VALUE.C_S00_AXI_ADDR_WIDTH" spirit:order="4" spirit:rangeType="long">4</spirit:value>
      </spirit:modelParameter>
    </spirit:modelParameters>
  </spirit:model>
  <spirit:choices>
    <spirit:choice>
      <spirit:name>choice_list_6fc15197</spirit:name>
      <spirit:enumeration>32</spirit:enumeration>
    </spirit:choice>
    <spirit:choice>
      <spirit:name>choice_list_9d8b0d81</spirit:name>
      <spirit:enumeration>ACTIVE_HIGH</spirit:enumeration>
      <spirit:enumeration>ACTIVE_LOW</spirit:enumeration>
    </spirit:choice>
    <spirit:choice>
      <spirit:name>choice_pairs_ce1226b1</spirit:name>
      <spirit:enumeration spirit:text="true">1</spirit:enumeration>
      <spirit:enumeration spirit:text="false">0</spirit:enumeration>
    </spirit:choice>
  </spirit:choices>
  <spirit:fileSets>
    <spirit:fileSet>
      <spirit:name>xilinx_verilogsynthesis_view_fileset</spirit:name>
      <spirit:file>
        <spirit:name>src/Gradients.v</spirit:name>
        <spirit:fileType>verilogSource</spirit:fileType>
      </spirit:file>
      <spirit:file>
        <spirit:name>hdl/Gradients_v1_0_S00_AXI.v</spirit:name>
        <spirit:fileType>verilogSource</spirit:fileType>
      </spirit:file>
      <spirit:file>
        <spirit:name>hdl/Gradients_v1_0.v</spirit:name>
        <spirit:fileType>verilogSource</spirit:fileType>
        <spirit:userFileType>CHECKSUM_38b97d49</spirit:userFileType>
      </spirit:file>
    </spirit:fileSet>
    <spirit:fileSet>
      <spirit:name>xilinx_verilogbehavioralsimulation_view_fileset</spirit:name>
      <spirit:file>
        <spirit:name>src/Gradients.v</spirit:name>
        <spirit:fileType>verilogSource</spirit:fileType>
      </spirit:file>
      <spirit:file>
        <spirit:name>hdl/Gradients_v1_0_S00_AXI.v</spirit:name>
        <spirit:fileType>verilogSource</spirit:fileType>
      </spirit:file>
      <spirit:file>
        <spirit:name>hdl/Gradients_v1_0.v</spirit:name>
        <spirit:fileType>verilogSource</spirit:fileType>
      </spirit:file>
    </spirit:fileSet>
    <spirit:fileSet>
      <spirit:name>xilinx_softwaredriver_view_fileset</spirit:name>
      <spirit:file>
        <spirit:name>drivers/Gradients_v1_0/data/Gradients.mdd</spirit:name>
        <spirit:userFileType>mdd</spirit:userFileType>
        <spirit:userFileType>driver_mdd</spirit:userFileType>
      </spirit:file>
      <spirit:file>
        <spirit:name>drivers/Gradients_v1_0/data/Gradients.tcl</spirit:name>
        <spirit:fileType>tclSource</spirit:fileType>
        <spirit:userFileType>driver_tcl</spirit:userFileType>
      </spirit:file>
      <spirit:file>
        <spirit:name>drivers/Gradients_v1_0/src/Makefile</spirit:name>
        <spirit:userFileType>driver_src</spirit:userFileType>
      </spirit:file>
      <spirit:file>
        <spirit:name>drivers/Gradients_v1_0/src/Gradients.h</spirit:name>
        <spirit:fileType>cSource</spirit:fileType>
        <spirit:userFileType>driver_src</spirit:userFileType>
      </spirit:file>
      <spirit:file>
        <spirit:name>drivers/Gradients_v1_0/src/Gradients.c</spirit:name>
        <spirit:fileType>cSource</spirit:fileType>
        <spirit:userFileType>driver_src</spirit:userFileType>
      </spirit:file>
      <spirit:file>
        <spirit:name>drivers/Gradients_v1_0/src/Gradients_selftest.c</spirit:name>
        <spirit:fileType>cSource</spirit:fileType>
        <spirit:userFileType>driver_src</spirit:userFileType>
      </spirit:file>
    </spirit:fileSet>
    <spirit:fileSet>
      <spirit:name>xilinx_xpgui_view_fileset</spirit:name>
      <spirit:file>
        <spirit:name>xgui/Gradients_v1_0.tcl</spirit:name>
        <spirit:fileType>tclSource</spirit:fileType>
        <spirit:userFileType>CHECKSUM_dda4df14</spirit:userFileType>
        <spirit:userFileType>XGUI_VERSION_2</spirit:userFileType>
      </spirit:file>
    </spirit:fileSet>
    <spirit:fileSet>
      <spirit:name>bd_tcl_view_fileset</spirit:name>
      <spirit:file>
        <spirit:name>bd/bd.tcl</spirit:name>
        <spirit:fileType>tclSource</spirit:fileType>
      </spirit:file>
    </spirit:fileSet>
  </spirit:fileSets>
  <spirit:description>My new AXI IP</spirit:description>
  <spirit:parameters>
    <spirit:parameter>
      <spirit:name>C_S00_AXI_DATA_WIDTH</spirit:name>
      <spirit:displayName>C S00 AXI DATA WIDTH</spirit:displayName>
      <spirit:description>Width of S_AXI data bus</spirit:description>
      <spirit:value spirit:format="long" spirit:resolve="user" spirit:id="PARAM_VALUE.C_S00_AXI_DATA_WIDTH" spirit:choiceRef="choice_list_6fc15197" spirit:order="3">32</spirit:value>
      <spirit:vendorExtensions>
        <xilinx:parameterInfo>
          <xilinx:enablement>
            <xilinx:isEnabled xilinx:id="PARAM_ENABLEMENT.C_S00_AXI_DATA_WIDTH">false</xilinx:isEnabled>
          </xilinx:enablement>
        </xilinx:parameterInfo>
      </spirit:vendorExtensions>
    </spirit:parameter>
    <spirit:parameter>
      <spirit:name>C_S00_AXI_ADDR_WIDTH</spirit:name>
      <spirit:displayName>C S00 AXI ADDR WIDTH</spirit:displayName>
      <spirit:description>Width of S_AXI address bus</spirit:description>
      <spirit:value spirit:format="long" spirit:resolve="user" spirit:id="PARAM_VALUE.C_S00_AXI_ADDR_WIDTH" spirit:order="4" spirit:rangeType="long">4</spirit:value>
      <spirit:vendorExtensions>
        <xilinx:parameterInfo>
          <xilinx:enablement>
            <xilinx:isEnabled xilinx:id="PARAM_ENABLEMENT.C_S00_AXI_ADDR_WIDTH">false</xilinx:isEnabled>
          </xilinx:enablement>
        </xilinx:parameterInfo>
      </spirit:vendorExtensions>
    </spirit:parameter>
    <spirit:parameter>
      <spirit:name>C_S00_AXI_BASEADDR</spirit:name>
      <spirit:displayName>C S00 AXI BASEADDR</spirit:displayName>
      <spirit:value spirit:format="bitString" spirit:resolve="user" spirit:id="PARAM_VALUE.C_S00_AXI_BASEADDR" spirit:order="5" spirit:bitStringLength="32">0xFFFFFFFF</spirit:value>
      <spirit:vendorExtensions>
        <xilinx:parameterInfo>
          <xilinx:enablement>
            <xilinx:isEnabled xilinx:id="PARAM_ENABLEMENT.C_S00_AXI_BASEADDR">false</xilinx:isEnabled>
          </xilinx:enablement>
        </xilinx:parameterInfo>
      </spirit:vendorExtensions>
    </spirit:parameter>
    <spirit:parameter>
      <spirit:name>C_S00_AXI_HIGHADDR</spirit:name>
      <spirit:displayName>C S00 AXI HIGHADDR</spirit:displayName>
      <spirit:value spirit:format="bitString" spirit:resolve="user" spirit:id="PARAM_VALUE.C_S00_AXI_HIGHADDR" spirit:order="6" spirit:bitStringLength="32">0x00000000</spirit:value>
      <spirit:vendorExtensions>
        <xilinx:parameterInfo>
          <xilinx:enablement>
            <xilinx:isEnabled xilinx:id="PARAM_ENABLEMENT.C_S00_AXI_HIGHADDR">false</xilinx:isEnabled>
          </xilinx:enablement>
        </xilinx:parameterInfo>
      </spirit:vendorExtensions>
    </spirit:parameter>
    <spirit:parameter>
      <spirit:name>Component_Name</spirit:name>
      <spirit:value spirit:resolve="user" spirit:id="PARAM_VALUE.Component_Name" spirit:order="1">Gradients_v1_0</spirit:value>
    </spirit:parameter>
  </spirit:parameters>
  <spirit:vendorExtensions>
    <xilinx:coreExtensions>
      <xilinx:supportedFamilies>
        <xilinx:family xilinx:lifeCycle="Pre-Production">zynquplus</xilinx:family>
      </xilinx:supportedFamilies>
      <xilinx:taxonomies>
        <xilinx:taxonomy>AXI_Peripheral</xilinx:taxonomy>
      </xilinx:taxonomies>
      <xilinx:displayName>Gradients_v1.0</xilinx:displayName>
      <xilinx:coreRevision>12</xilinx:coreRevision>
      <xilinx:coreCreationDateTime>2019-06-19T21:08:40Z</xilinx:coreCreationDateTime>
      <xilinx:tags>
        <xilinx:tag xilinx:name="ui.data.coregen.dd@60c24722_ARCHIVE_LOCATION">c:/Users/knstokke/Documents/Vivado18/ip_repo/Gradients_1.0</xilinx:tag>
        <xilinx:tag xilinx:name="ui.data.coregen.dd@fcc627a_ARCHIVE_LOCATION">c:/Users/knstokke/Documents/Vivado18/ip_repo/Gradients_1.0</xilinx:tag>
        <xilinx:tag xilinx:name="ui.data.coregen.dd@7eb5601b_ARCHIVE_LOCATION">c:/Users/knstokke/Documents/Vivado18/ip_repo/Gradients_1.0</xilinx:tag>
        <xilinx:tag xilinx:name="ui.data.coregen.dd@630ee946_ARCHIVE_LOCATION">c:/Users/knstokke/Documents/Vivado18/ip_repo/Gradients_1.0</xilinx:tag>
        <xilinx:tag xilinx:name="ui.data.coregen.dd@1a2d9084_ARCHIVE_LOCATION">c:/Users/knstokke/Documents/Vivado18/ip_repo/Gradients_1.0</xilinx:tag>
        <xilinx:tag xilinx:name="ui.data.coregen.dd@7c46a4b3_ARCHIVE_LOCATION">c:/Users/knstokke/Documents/Vivado18/ip_repo/Gradients_1.0</xilinx:tag>
        <xilinx:tag xilinx:name="ui.data.coregen.dd@143e2990_ARCHIVE_LOCATION">c:/Users/knstokke/Documents/Vivado18/ip_repo/Gradients_1.0</xilinx:tag>
        <xilinx:tag xilinx:name="ui.data.coregen.dd@121f984e_ARCHIVE_LOCATION">c:/Users/knstokke/Documents/Vivado18/ip_repo/Gradients_1.0</xilinx:tag>
        <xilinx:tag xilinx:name="ui.data.coregen.dd@33e64b44_ARCHIVE_LOCATION">c:/Users/knstokke/Documents/Vivado18/ip_repo/Gradients_1.0</xilinx:tag>
        <xilinx:tag xilinx:name="ui.data.coregen.dd@273c00b1_ARCHIVE_LOCATION">c:/Users/knstokke/Documents/Vivado18/ip_repo/Gradients_1.0</xilinx:tag>
        <xilinx:tag xilinx:name="ui.data.coregen.dd@6e3dd44d_ARCHIVE_LOCATION">c:/Users/knstokke/Documents/Vivado18/ip_repo/Gradients_1.0</xilinx:tag>
        <xilinx:tag xilinx:name="ui.data.coregen.dd@379bf449_ARCHIVE_LOCATION">c:/Users/knstokke/Documents/Vivado18/ip_repo/Gradients_1.0</xilinx:tag>
        <xilinx:tag xilinx:name="ui.data.coregen.dd@69335bd4_ARCHIVE_LOCATION">c:/Users/knstokke/Documents/Vivado18/ip_repo/Gradients_1.0</xilinx:tag>
        <xilinx:tag xilinx:name="ui.data.coregen.dd@29838c9a_ARCHIVE_LOCATION">c:/Users/knstokke/Documents/Vivado18/ip_repo/Gradients_1.0</xilinx:tag>
        <xilinx:tag xilinx:name="ui.data.coregen.dd@716a62f9_ARCHIVE_LOCATION">c:/Users/knstokke/Documents/Vivado18/ip_repo/Gradients_1.0</xilinx:tag>
        <xilinx:tag xilinx:name="ui.data.coregen.dd@3e5fd692_ARCHIVE_LOCATION">c:/Users/knstokke/Documents/Vivado18/ip_repo/Gradients_1.0</xilinx:tag>
        <xilinx:tag xilinx:name="ui.data.coregen.dd@2e041918_ARCHIVE_LOCATION">c:/Users/knstokke/Documents/Vivado18/ip_repo/Gradients_1.0</xilinx:tag>
        <xilinx:tag xilinx:name="ui.data.coregen.dd@283e9691_ARCHIVE_LOCATION">c:/Users/knstokke/Documents/Vivado18/ip_repo/Gradients_1.0</xilinx:tag>
        <xilinx:tag xilinx:name="ui.data.coregen.dd@58e4aae2_ARCHIVE_LOCATION">c:/Users/knstokke/Documents/Vivado18/ip_repo/Gradients_1.0</xilinx:tag>
        <xilinx:tag xilinx:name="ui.data.coregen.dd@7fc4008b_ARCHIVE_LOCATION">c:/Users/knstokke/Documents/Vivado18/ip_repo/Gradients_1.0</xilinx:tag>
        <xilinx:tag xilinx:name="ui.data.coregen.dd@4b2202b0_ARCHIVE_LOCATION">c:/Users/knstokke/Documents/Vivado18/ip_repo/Gradients_1.0</xilinx:tag>
        <xilinx:tag xilinx:name="ui.data.coregen.dd@6dae0483_ARCHIVE_LOCATION">c:/Users/knstokke/Documents/Vivado18/ip_repo/Gradients_1.0</xilinx:tag>
        <xilinx:tag xilinx:name="ui.data.coregen.dd@7a0b5004_ARCHIVE_LOCATION">c:/Users/knstokke/Documents/Vivado18/ip_repo/Gradients_1.0</xilinx:tag>
        <xilinx:tag xilinx:name="ui.data.coregen.dd@26f65ae5_ARCHIVE_LOCATION">c:/Users/knstokke/Documents/Vivado18/ip_repo/Gradients_1.0</xilinx:tag>
        <xilinx:tag xilinx:name="ui.data.coregen.dd@2d9cbad6_ARCHIVE_LOCATION">c:/Users/knstokke/Documents/Vivado18/ip_repo/Gradients_1.0</xilinx:tag>
        <xilinx:tag xilinx:name="ui.data.coregen.dd@7b5a136c_ARCHIVE_LOCATION">c:/Users/knstokke/Documents/Vivado18/ip_repo/Gradients_1.0</xilinx:tag>
        <xilinx:tag xilinx:name="ui.data.coregen.dd@6551773a_ARCHIVE_LOCATION">c:/Users/knstokke/Documents/Vivado18/ip_repo/Gradients_1.0</xilinx:tag>
        <xilinx:tag xilinx:name="ui.data.coregen.dd@10b24896_ARCHIVE_LOCATION">c:/Users/knstokke/Documents/Vivado18/ip_repo/Gradients_1.0</xilinx:tag>
        <xilinx:tag xilinx:name="ui.data.coregen.dd@291857cf_ARCHIVE_LOCATION">c:/Users/knstokke/Documents/Vivado18/ip_repo/Gradients_1.0</xilinx:tag>
        <xilinx:tag xilinx:name="ui.data.coregen.dd@20b4e949_ARCHIVE_LOCATION">c:/Users/knstokke/Documents/Vivado18/ip_repo/Gradients_1.0</xilinx:tag>
        <xilinx:tag xilinx:name="ui.data.coregen.dd@a702ed8_ARCHIVE_LOCATION">c:/Users/knstokke/Documents/Vivado18/ip_repo/Gradients_1.0</xilinx:tag>
        <xilinx:tag xilinx:name="ui.data.coregen.dd@15d3213a_ARCHIVE_LOCATION">c:/Users/knstokke/Documents/Vivado18/ip_repo/Gradients_1.0</xilinx:tag>
        <xilinx:tag xilinx:name="ui.data.coregen.dd@27da9b81_ARCHIVE_LOCATION">c:/Users/knstokke/Documents/Vivado18/ip_repo/Gradients_1.0</xilinx:tag>
        <xilinx:tag xilinx:name="ui.data.coregen.dd@6f973cfd_ARCHIVE_LOCATION">c:/Users/knstokke/Documents/Vivado18/ip_repo/Gradients_1.0</xilinx:tag>
        <xilinx:tag xilinx:name="ui.data.coregen.dd@4e6ac09a_ARCHIVE_LOCATION">c:/Users/knstokke/Documents/Vivado18/ip_repo/Gradients_1.0</xilinx:tag>
        <xilinx:tag xilinx:name="ui.data.coregen.dd@3eaf9b41_ARCHIVE_LOCATION">c:/Users/knstokke/Documents/Vivado18/ip_repo/Gradients_1.0</xilinx:tag>
        <xilinx:tag xilinx:name="ui.data.coregen.dd@67aa1d70_ARCHIVE_LOCATION">c:/Users/knstokke/Documents/Vivado18/ip_repo/Gradients_1.0</xilinx:tag>
        <xilinx:tag xilinx:name="ui.data.coregen.dd@46e78df7_ARCHIVE_LOCATION">c:/Users/knstokke/Documents/Vivado18/ip_repo/Gradients_1.0</xilinx:tag>
        <xilinx:tag xilinx:name="ui.data.coregen.dd@8faf660_ARCHIVE_LOCATION">c:/Users/knstokke/Documents/Vivado18/ip_repo/Gradients_1.0</xilinx:tag>
        <xilinx:tag xilinx:name="ui.data.coregen.dd@20608655_ARCHIVE_LOCATION">c:/Users/knstokke/Documents/Vivado18/ip_repo/Gradients_1.0</xilinx:tag>
        <xilinx:tag xilinx:name="ui.data.coregen.dd@436b2791_ARCHIVE_LOCATION">c:/Users/knstokke/Documents/Vivado18/ip_repo/Gradients_1.0</xilinx:tag>
        <xilinx:tag xilinx:name="ui.data.coregen.dd@18d87ee9_ARCHIVE_LOCATION">c:/Users/knstokke/Documents/Vivado18/ip_repo/Gradients_1.0</xilinx:tag>
        <xilinx:tag xilinx:name="ui.data.coregen.dd@2fd419f6_ARCHIVE_LOCATION">c:/Users/knstokke/Documents/Vivado18/ip_repo/Gradients_1.0</xilinx:tag>
        <xilinx:tag xilinx:name="ui.data.coregen.dd@522903cd_ARCHIVE_LOCATION">c:/Users/knstokke/Documents/Vivado18/ip_repo/Gradients_1.0</xilinx:tag>
        <xilinx:tag xilinx:name="ui.data.coregen.dd@7f72a362_ARCHIVE_LOCATION">c:/Users/knstokke/Documents/Vivado18/ip_repo/Gradients_1.0</xilinx:tag>
        <xilinx:tag xilinx:name="ui.data.coregen.dd@73ebd46a_ARCHIVE_LOCATION">c:/Users/knstokke/Documents/Vivado18/ip_repo/Gradients_1.0</xilinx:tag>
        <xilinx:tag xilinx:name="ui.data.coregen.dd@19a87c83_ARCHIVE_LOCATION">c:/Users/knstokke/Documents/Vivado18/ip_repo/Gradients_1.0</xilinx:tag>
        <xilinx:tag xilinx:name="ui.data.coregen.dd@6143ce15_ARCHIVE_LOCATION">c:/Users/knstokke/Documents/Vivado18/ip_repo/Gradients_1.0</xilinx:tag>
        <xilinx:tag xilinx:name="ui.data.coregen.dd@678dc2a_ARCHIVE_LOCATION">c:/Users/knstokke/Documents/Vivado18/ip_repo/Gradients_1.0</xilinx:tag>
        <xilinx:tag xilinx:name="ui.data.coregen.dd@2f171fba_ARCHIVE_LOCATION">c:/Users/knstokke/Documents/Vivado18/ip_repo/Gradients_1.0</xilinx:tag>
        <xilinx:tag xilinx:name="ui.data.coregen.dd@631f97c1_ARCHIVE_LOCATION">c:/Users/knstokke/Documents/Vivado18/ip_repo/Gradients_1.0</xilinx:tag>
        <xilinx:tag xilinx:name="ui.data.coregen.dd@28dac860_ARCHIVE_LOCATION">c:/Users/knstokke/Documents/Vivado18/ip_repo/Gradients_1.0</xilinx:tag>
        <xilinx:tag xilinx:name="ui.data.coregen.dd@2c68b46a_ARCHIVE_LOCATION">c:/Users/knstokke/Documents/Vivado18/ip_repo/Gradients_1.0</xilinx:tag>
        <xilinx:tag xilinx:name="ui.data.coregen.dd@4c806e6_ARCHIVE_LOCATION">c:/Users/knstokke/Documents/Vivado18/ip_repo/Gradients_1.0</xilinx:tag>
        <xilinx:tag xilinx:name="ui.data.coregen.dd@321edc8c_ARCHIVE_LOCATION">c:/Users/knstokke/Documents/Vivado18/ip_repo/Gradients_1.0</xilinx:tag>
        <xilinx:tag xilinx:name="ui.data.coregen.dd@31e8b13c_ARCHIVE_LOCATION">c:/Users/knstokke/Documents/Vivado18/ip_repo/Gradients_1.0</xilinx:tag>
        <xilinx:tag xilinx:name="ui.data.coregen.dd@567ce44a_ARCHIVE_LOCATION">c:/Users/knstokke/Documents/Vivado18/ip_repo/Gradients_1.0</xilinx:tag>
        <xilinx:tag xilinx:name="ui.data.coregen.dd@44d059f1_ARCHIVE_LOCATION">c:/Users/knstokke/Documents/Vivado18/ip_repo/Gradients_1.0</xilinx:tag>
        <xilinx:tag xilinx:name="ui.data.coregen.dd@2d0fad11_ARCHIVE_LOCATION">c:/Users/knstokke/Documents/Vivado18/ip_repo/Gradients_1.0</xilinx:tag>
        <xilinx:tag xilinx:name="ui.data.coregen.dd@33739c96_ARCHIVE_LOCATION">c:/Users/knstokke/Documents/Vivado18/ip_repo/Gradients_1.0</xilinx:tag>
        <xilinx:tag xilinx:name="ui.data.coregen.dd@6b08946d_ARCHIVE_LOCATION">c:/Users/knstokke/Documents/Vivado18/ip_repo/Gradients_1.0</xilinx:tag>
        <xilinx:tag xilinx:name="ui.data.coregen.dd@6e3731ce_ARCHIVE_LOCATION">c:/Users/knstokke/Documents/Vivado18/ip_repo/Gradients_1.0</xilinx:tag>
        <xilinx:tag xilinx:name="ui.data.coregen.dd@7eb67580_ARCHIVE_LOCATION">c:/Users/knstokke/Documents/Vivado18/ip_repo/Gradients_1.0</xilinx:tag>
        <xilinx:tag xilinx:name="ui.data.coregen.dd@6193c6a1_ARCHIVE_LOCATION">c:/Users/knstokke/Documents/Vivado18/ip_repo/Gradients_1.0</xilinx:tag>
        <xilinx:tag xilinx:name="ui.data.coregen.dd@3fbecbee_ARCHIVE_LOCATION">c:/Users/knstokke/Documents/Vivado18/ip_repo/Gradients_1.0</xilinx:tag>
        <xilinx:tag xilinx:name="ui.data.coregen.dd@618bd21a_ARCHIVE_LOCATION">c:/Users/knstokke/Documents/Vivado18/ip_repo/Gradients_1.0</xilinx:tag>
        <xilinx:tag xilinx:name="ui.data.coregen.dd@703833f_ARCHIVE_LOCATION">c:/Users/knstokke/Documents/Vivado18/ip_repo/Gradients_1.0</xilinx:tag>
        <xilinx:tag xilinx:name="ui.data.coregen.dd@3ce94a62_ARCHIVE_LOCATION">c:/Users/knstokke/Documents/Vivado18/ip_repo/Gradients_1.0</xilinx:tag>
        <xilinx:tag xilinx:name="ui.data.coregen.dd@11340b3c_ARCHIVE_LOCATION">c:/Users/knstokke/Documents/Vivado18/ip_repo/Gradients_1.0</xilinx:tag>
        <xilinx:tag xilinx:name="ui.data.coregen.dd@7dd112c8_ARCHIVE_LOCATION">c:/Users/knstokke/Documents/Vivado18/ip_repo/Gradients_1.0</xilinx:tag>
        <xilinx:tag xilinx:name="ui.data.coregen.dd@638a23d7_ARCHIVE_LOCATION">c:/Users/knstokke/Documents/Vivado18/ip_repo/Gradients_1.0</xilinx:tag>
        <xilinx:tag xilinx:name="ui.data.coregen.dd@32c74c5e_ARCHIVE_LOCATION">c:/Users/knstokke/Documents/Vivado18/ip_repo/Gradients_1.0</xilinx:tag>
        <xilinx:tag xilinx:name="ui.data.coregen.dd@41b2b1f0_ARCHIVE_LOCATION">c:/Users/knstokke/Documents/Vivado18/ip_repo/Gradients_1.0</xilinx:tag>
        <xilinx:tag xilinx:name="ui.data.coregen.dd@2dc607a7_ARCHIVE_LOCATION">c:/Users/knstokke/Documents/Vivado18/ip_repo/Gradients_1.0</xilinx:tag>
        <xilinx:tag xilinx:name="ui.data.coregen.dd@dfa7b8c_ARCHIVE_LOCATION">c:/Users/knstokke/Documents/Vivado18/ip_repo/Gradients_1.0</xilinx:tag>
        <xilinx:tag xilinx:name="ui.data.coregen.dd@1bbe4dbe_ARCHIVE_LOCATION">c:/Users/knstokke/Documents/Vivado18/ip_repo/Gradients_1.0</xilinx:tag>
        <xilinx:tag xilinx:name="ui.data.coregen.dd@55c0e9ed_ARCHIVE_LOCATION">c:/Users/knstokke/Documents/Vivado18/ip_repo/Gradients_1.0</xilinx:tag>
        <xilinx:tag xilinx:name="ui.data.coregen.dd@6cad2fd0_ARCHIVE_LOCATION">c:/Users/knstokke/Documents/Vivado18/ip_repo/Gradients_1.0</xilinx:tag>
        <xilinx:tag xilinx:name="ui.data.coregen.dd@6275f9ab_ARCHIVE_LOCATION">c:/Users/knstokke/Documents/Vivado18/ip_repo/Gradients_1.0</xilinx:tag>
        <xilinx:tag xilinx:name="ui.data.coregen.dd@4eac01ad_ARCHIVE_LOCATION">c:/Users/knstokke/Documents/Vivado18/ip_repo/Gradients_1.0</xilinx:tag>
        <xilinx:tag xilinx:name="ui.data.coregen.dd@45d899b3_ARCHIVE_LOCATION">c:/Users/knstokke/Documents/Vivado18/ip_repo/Gradients_1.0</xilinx:tag>
        <xilinx:tag xilinx:name="ui.data.coregen.dd@2b81d373_ARCHIVE_LOCATION">c:/Users/knstokke/Documents/Vivado18/ip_repo/Gradients_1.0</xilinx:tag>
        <xilinx:tag xilinx:name="ui.data.coregen.dd@1f61fd89_ARCHIVE_LOCATION">c:/Users/knstokke/Documents/Vivado18/ip_repo/Gradients_1.0</xilinx:tag>
        <xilinx:tag xilinx:name="ui.data.coregen.dd@2e45f590_ARCHIVE_LOCATION">c:/Users/knstokke/Documents/Vivado18/ip_repo/Gradients_1.0</xilinx:tag>
        <xilinx:tag xilinx:name="ui.data.coregen.dd@134a26ef_ARCHIVE_LOCATION">c:/Users/knstokke/Documents/Vivado18/ip_repo/Gradients_1.0</xilinx:tag>
        <xilinx:tag xilinx:name="ui.data.coregen.dd@4970ebae_ARCHIVE_LOCATION">c:/Users/knstokke/Documents/Vivado18/ip_repo/Gradients_1.0</xilinx:tag>
        <xilinx:tag xilinx:name="ui.data.coregen.dd@6c886206_ARCHIVE_LOCATION">c:/Users/knstokke/Documents/Vivado18/ip_repo/Gradients_1.0</xilinx:tag>
        <xilinx:tag xilinx:name="ui.data.coregen.dd@2b300e59_ARCHIVE_LOCATION">c:/Users/knstokke/Documents/Vivado18/ip_repo/Gradients_1.0</xilinx:tag>
        <xilinx:tag xilinx:name="ui.data.coregen.dd@7b27c81d_ARCHIVE_LOCATION">c:/Users/knstokke/Documents/Vivado18/ip_repo/Gradients_1.0</xilinx:tag>
        <xilinx:tag xilinx:name="ui.data.coregen.dd@68894bb7_ARCHIVE_LOCATION">c:/Users/knstokke/Documents/Vivado18/ip_repo/Gradients_1.0</xilinx:tag>
        <xilinx:tag xilinx:name="ui.data.coregen.dd@56f18738_ARCHIVE_LOCATION">c:/Users/knstokke/Documents/Vivado18/ip_repo/Gradients_1.0</xilinx:tag>
        <xilinx:tag xilinx:name="ui.data.coregen.dd@6abc6103_ARCHIVE_LOCATION">c:/Users/knstokke/Documents/Vivado18/ip_repo/Gradients_1.0</xilinx:tag>
        <xilinx:tag xilinx:name="ui.data.coregen.dd@319c5d3f_ARCHIVE_LOCATION">c:/Users/knstokke/Documents/Vivado18/ip_repo/Gradients_1.0</xilinx:tag>
        <xilinx:tag xilinx:name="ui.data.coregen.dd@550a85e3_ARCHIVE_LOCATION">c:/Users/knstokke/Documents/Vivado18/ip_repo/Gradients_1.0</xilinx:tag>
        <xilinx:tag xilinx:name="ui.data.coregen.dd@ac2ae6f_ARCHIVE_LOCATION">c:/Users/knstokke/Documents/Vivado18/ip_repo/Gradients_1.0</xilinx:tag>
        <xilinx:tag xilinx:name="ui.data.coregen.dd@47a9d4b_ARCHIVE_LOCATION">c:/Users/knstokke/Documents/Vivado18/ip_repo/Gradients_1.0</xilinx:tag>
        <xilinx:tag xilinx:name="ui.data.coregen.dd@46d4acfa_ARCHIVE_LOCATION">c:/Users/knstokke/Documents/Vivado18/ip_repo/Gradients_1.0</xilinx:tag>
        <xilinx:tag xilinx:name="ui.data.coregen.dd@6cfe109c_ARCHIVE_LOCATION">c:/Users/knstokke/Documents/Vivado18/ip_repo/Gradients_1.0</xilinx:tag>
        <xilinx:tag xilinx:name="ui.data.coregen.dd@743cd8da_ARCHIVE_LOCATION">c:/Users/knstokke/Documents/Vivado18/ip_repo/Gradients_1.0</xilinx:tag>
        <xilinx:tag xilinx:name="ui.data.coregen.dd@2d65c72c_ARCHIVE_LOCATION">c:/Users/knstokke/Documents/Vivado18/ip_repo/Gradients_1.0</xilinx:tag>
        <xilinx:tag xilinx:name="ui.data.coregen.dd@300c58fe_ARCHIVE_LOCATION">c:/Users/knstokke/Documents/Vivado18/ip_repo/Gradients_1.0</xilinx:tag>
        <xilinx:tag xilinx:name="ui.data.coregen.dd@3f5ed277_ARCHIVE_LOCATION">c:/Users/knstokke/Documents/Vivado18/ip_repo/Gradients_1.0</xilinx:tag>
        <xilinx:tag xilinx:name="ui.data.coregen.dd@6a180deb_ARCHIVE_LOCATION">c:/Users/knstokke/Documents/Vivado18/ip_repo/Gradients_1.0</xilinx:tag>
        <xilinx:tag xilinx:name="ui.data.coregen.dd@629b094f_ARCHIVE_LOCATION">c:/Users/knstokke/Documents/Vivado18/ip_repo/Gradients_1.0</xilinx:tag>
        <xilinx:tag xilinx:name="ui.data.coregen.dd@7c12491_ARCHIVE_LOCATION">c:/Users/knstokke/Documents/Vivado18/ip_repo/Gradients_1.0</xilinx:tag>
        <xilinx:tag xilinx:name="ui.data.coregen.dd@5f97e5f0_ARCHIVE_LOCATION">c:/Users/knstokke/Documents/Vivado18/ip_repo/Gradients_1.0</xilinx:tag>
        <xilinx:tag xilinx:name="ui.data.coregen.dd@21840020_ARCHIVE_LOCATION">c:/Users/knstokke/Documents/Vivado18/ip_repo/Gradients_1.0</xilinx:tag>
        <xilinx:tag xilinx:name="ui.data.coregen.dd@44dad410_ARCHIVE_LOCATION">c:/Users/knstokke/Documents/Vivado18/ip_repo/Gradients_1.0</xilinx:tag>
        <xilinx:tag xilinx:name="ui.data.coregen.dd@3f23cd39_ARCHIVE_LOCATION">c:/Users/knstokke/Documents/Vivado18/ip_repo/Gradients_1.0</xilinx:tag>
        <xilinx:tag xilinx:name="ui.data.coregen.dd@3ca5a921_ARCHIVE_LOCATION">c:/Users/knstokke/Documents/Vivado18/ip_repo/Gradients_1.0</xilinx:tag>
        <xilinx:tag xilinx:name="ui.data.coregen.dd@406c766d_ARCHIVE_LOCATION">c:/Users/knstokke/Documents/Vivado18/ip_repo/Gradients_1.0</xilinx:tag>
        <xilinx:tag xilinx:name="ui.data.coregen.dd@637bd31e_ARCHIVE_LOCATION">c:/Users/knstokke/Documents/Vivado18/ip_repo/Gradients_1.0</xilinx:tag>
        <xilinx:tag xilinx:name="ui.data.coregen.dd@2a234788_ARCHIVE_LOCATION">c:/Users/knstokke/Documents/Vivado18/ip_repo/Gradients_1.0</xilinx:tag>
        <xilinx:tag xilinx:name="ui.data.coregen.dd@51e97db1_ARCHIVE_LOCATION">c:/Users/knstokke/Documents/Vivado18/ip_repo/Gradients_1.0</xilinx:tag>
        <xilinx:tag xilinx:name="ui.data.coregen.dd@5bf2f1e0_ARCHIVE_LOCATION">c:/Users/knstokke/Documents/Vivado18/ip_repo/Gradients_1.0</xilinx:tag>
        <xilinx:tag xilinx:name="ui.data.coregen.dd@3088566a_ARCHIVE_LOCATION">c:/Users/knstokke/Documents/Vivado18/ip_repo/Gradients_1.0</xilinx:tag>
        <xilinx:tag xilinx:name="ui.data.coregen.dd@60192fc2_ARCHIVE_LOCATION">c:/Users/knstokke/Documents/Vivado18/ip_repo/Gradients_1.0</xilinx:tag>
        <xilinx:tag xilinx:name="ui.data.coregen.dd@65492db6_ARCHIVE_LOCATION">c:/Users/knstokke/Documents/Vivado18/ip_repo/Gradients_1.0</xilinx:tag>
        <xilinx:tag xilinx:name="ui.data.coregen.dd@5ce2d960_ARCHIVE_LOCATION">c:/Users/knstokke/Documents/Vivado18/ip_repo/Gradients_1.0</xilinx:tag>
        <xilinx:tag xilinx:name="ui.data.coregen.dd@68b5db1e_ARCHIVE_LOCATION">c:/Users/knstokke/Documents/Vivado18/ip_repo/Gradients_1.0</xilinx:tag>
        <xilinx:tag xilinx:name="ui.data.coregen.dd@7c158ff5_ARCHIVE_LOCATION">c:/Users/knstokke/Documents/Vivado18/ip_repo/Gradients_1.0</xilinx:tag>
        <xilinx:tag xilinx:name="ui.data.coregen.dd@f32b467_ARCHIVE_LOCATION">c:/Users/knstokke/Documents/Vivado18/ip_repo/Gradients_1.0</xilinx:tag>
        <xilinx:tag xilinx:name="ui.data.coregen.dd@4de5c2f6_ARCHIVE_LOCATION">c:/Users/knstokke/Documents/Vivado18/ip_repo/Gradients_1.0</xilinx:tag>
        <xilinx:tag xilinx:name="ui.data.coregen.dd@71a1541c_ARCHIVE_LOCATION">c:/Users/knstokke/Documents/Vivado18/ip_repo/Gradients_1.0</xilinx:tag>
        <xilinx:tag xilinx:name="ui.data.coregen.dd@64680deb_ARCHIVE_LOCATION">c:/Users/knstokke/Documents/Vivado18/ip_repo/Gradients_1.0</xilinx:tag>
        <xilinx:tag xilinx:name="ui.data.coregen.dd@6573e2ea_ARCHIVE_LOCATION">c:/Users/knstokke/Documents/Vivado18/ip_repo/Gradients_1.0</xilinx:tag>
        <xilinx:tag xilinx:name="ui.data.coregen.dd@57f556b4_ARCHIVE_LOCATION">c:/Users/knstokke/Documents/Vivado18/ip_repo/Gradients_1.0</xilinx:tag>
        <xilinx:tag xilinx:name="ui.data.coregen.dd@7008a7db_ARCHIVE_LOCATION">c:/Users/knstokke/Documents/Vivado18/ip_repo/Gradients_1.0</xilinx:tag>
        <xilinx:tag xilinx:name="ui.data.coregen.dd@1ce64435_ARCHIVE_LOCATION">c:/Users/knstokke/Documents/Vivado18/ip_repo/Gradients_1.0</xilinx:tag>
        <xilinx:tag xilinx:name="ui.data.coregen.dd@78c17b6a_ARCHIVE_LOCATION">c:/Users/knstokke/Documents/Vivado18/ip_repo/Gradients_1.0</xilinx:tag>
        <xilinx:tag xilinx:name="ui.data.coregen.dd@6cf38a72_ARCHIVE_LOCATION">c:/Users/knstokke/Documents/Vivado18/ip_repo/Gradients_1.0</xilinx:tag>
        <xilinx:tag xilinx:name="ui.data.coregen.dd@f213b98_ARCHIVE_LOCATION">c:/Users/knstokke/Documents/Vivado18/ip_repo/Gradients_1.0</xilinx:tag>
        <xilinx:tag xilinx:name="ui.data.coregen.dd@444fd5c2_ARCHIVE_LOCATION">c:/Users/knstokke/Documents/Vivado18/ip_repo/Gradients_1.0</xilinx:tag>
        <xilinx:tag xilinx:name="ui.data.coregen.dd@13bcdc17_ARCHIVE_LOCATION">c:/Users/knstokke/Documents/Vivado18/ip_repo/Gradients_1.0</xilinx:tag>
        <xilinx:tag xilinx:name="ui.data.coregen.dd@62991443_ARCHIVE_LOCATION">c:/Users/knstokke/Documents/Vivado18/ip_repo/Gradients_1.0</xilinx:tag>
        <xilinx:tag xilinx:name="ui.data.coregen.dd@1718cd13_ARCHIVE_LOCATION">c:/Users/knstokke/Documents/Vivado18/ip_repo/Gradients_1.0</xilinx:tag>
        <xilinx:tag xilinx:name="ui.data.coregen.dd@b0c616f_ARCHIVE_LOCATION">c:/Users/knstokke/Documents/Vivado18/ip_repo/Gradients_1.0</xilinx:tag>
        <xilinx:tag xilinx:name="ui.data.coregen.dd@53493753_ARCHIVE_LOCATION">c:/Users/knstokke/Documents/Vivado18/ip_repo/Gradients_1.0</xilinx:tag>
        <xilinx:tag xilinx:name="ui.data.coregen.dd@7cbe3877_ARCHIVE_LOCATION">c:/Users/knstokke/Documents/Vivado18/ip_repo/Gradients_1.0</xilinx:tag>
        <xilinx:tag xilinx:name="ui.data.coregen.dd@f9b93e1_ARCHIVE_LOCATION">c:/Users/knstokke/Documents/Vivado18/ip_repo/Gradients_1.0</xilinx:tag>
        <xilinx:tag xilinx:name="ui.data.coregen.dd@5a2b9b99_ARCHIVE_LOCATION">c:/Users/knstokke/Documents/Vivado18/ip_repo/Gradients_1.0</xilinx:tag>
        <xilinx:tag xilinx:name="ui.data.coregen.dd@65e2ab95_ARCHIVE_LOCATION">c:/Users/knstokke/Documents/Vivado18/ip_repo/Gradients_1.0</xilinx:tag>
        <xilinx:tag xilinx:name="ui.data.coregen.dd@7a1507da_ARCHIVE_LOCATION">c:/Users/knstokke/Documents/Vivado18/ip_repo/Gradients_1.0</xilinx:tag>
        <xilinx:tag xilinx:name="ui.data.coregen.dd@ef9929c_ARCHIVE_LOCATION">c:/Users/knstokke/Documents/Vivado18/ip_repo/Gradients_1.0</xilinx:tag>
        <xilinx:tag xilinx:name="ui.data.coregen.dd@3a8c8c4a_ARCHIVE_LOCATION">c:/Users/knstokke/Documents/Vivado18/ip_repo/Gradients_1.0</xilinx:tag>
        <xilinx:tag xilinx:name="ui.data.coregen.dd@bd1cd9a_ARCHIVE_LOCATION">c:/Users/knstokke/Documents/Vivado18/ip_repo/Gradients_1.0</xilinx:tag>
        <xilinx:tag xilinx:name="ui.data.coregen.dd@4e315f0a_ARCHIVE_LOCATION">c:/Users/knstokke/Documents/Vivado18/ip_repo/Gradients_1.0</xilinx:tag>
        <xilinx:tag xilinx:name="ui.data.coregen.dd@1a7fe73b_ARCHIVE_LOCATION">c:/Users/knstokke/Documents/Vivado18/ip_repo/Gradients_1.0</xilinx:tag>
        <xilinx:tag xilinx:name="ui.data.coregen.dd@614d18c5_ARCHIVE_LOCATION">c:/Users/knstokke/Documents/Vivado18/ip_repo/Gradients_1.0</xilinx:tag>
        <xilinx:tag xilinx:name="ui.data.coregen.dd@24d41504_ARCHIVE_LOCATION">c:/Users/knstokke/Documents/Vivado18/ip_repo/Gradients_1.0</xilinx:tag>
        <xilinx:tag xilinx:name="ui.data.coregen.dd@5a5e432c_ARCHIVE_LOCATION">c:/Users/knstokke/Documents/Vivado18/ip_repo/Gradients_1.0</xilinx:tag>
        <xilinx:tag xilinx:name="ui.data.coregen.dd@54448532_ARCHIVE_LOCATION">c:/Users/knstokke/Documents/Vivado18/ip_repo/Gradients_1.0</xilinx:tag>
        <xilinx:tag xilinx:name="ui.data.coregen.dd@71b6ace9_ARCHIVE_LOCATION">c:/Users/knstokke/Documents/Vivado18/ip_repo/Gradients_1.0</xilinx:tag>
        <xilinx:tag xilinx:name="ui.data.coregen.dd@165e5842_ARCHIVE_LOCATION">c:/Users/knstokke/Documents/Vivado18/ip_repo/Gradients_1.0</xilinx:tag>
        <xilinx:tag xilinx:name="ui.data.coregen.dd@2a9021ae_ARCHIVE_LOCATION">c:/Users/knstokke/Documents/Vivado18/ip_repo/Gradients_1.0</xilinx:tag>
        <xilinx:tag xilinx:name="ui.data.coregen.dd@7cfe6ad_ARCHIVE_LOCATION">c:/Users/knstokke/Documents/Vivado18/ip_repo/Gradients_1.0</xilinx:tag>
        <xilinx:tag xilinx:name="ui.data.coregen.dd@63ea84c8_ARCHIVE_LOCATION">c:/Users/knstokke/Documents/Vivado18/ip_repo/Gradients_1.0</xilinx:tag>
        <xilinx:tag xilinx:name="ui.data.coregen.dd@72675c2b_ARCHIVE_LOCATION">c:/Users/knstokke/Documents/Vivado18/ip_repo/Gradients_1.0</xilinx:tag>
        <xilinx:tag xilinx:name="ui.data.coregen.dd@22b86f23_ARCHIVE_LOCATION">c:/Users/knstokke/Documents/Vivado18/ip_repo/Gradients_1.0</xilinx:tag>
        <xilinx:tag xilinx:name="ui.data.coregen.dd@6a81cd1d_ARCHIVE_LOCATION">c:/Users/knstokke/Documents/Vivado18/ip_repo/Gradients_1.0</xilinx:tag>
        <xilinx:tag xilinx:name="ui.data.coregen.dd@34fcb77_ARCHIVE_LOCATION">c:/Users/knstokke/Documents/Vivado18/ip_repo/Gradients_1.0</xilinx:tag>
        <xilinx:tag xilinx:name="ui.data.coregen.dd@2e638fa7_ARCHIVE_LOCATION">c:/Users/knstokke/Documents/Vivado18/ip_repo/Gradients_1.0</xilinx:tag>
        <xilinx:tag xilinx:name="ui.data.coregen.dd@6638d24a_ARCHIVE_LOCATION">c:/Users/knstokke/Documents/Vivado18/ip_repo/Gradients_1.0</xilinx:tag>
        <xilinx:tag xilinx:name="ui.data.coregen.dd@10e2bc23_ARCHIVE_LOCATION">c:/Users/knstokke/Documents/Vivado18/ip_repo/Gradients_1.0</xilinx:tag>
        <xilinx:tag xilinx:name="ui.data.coregen.dd@61aba4ea_ARCHIVE_LOCATION">c:/Users/knstokke/Documents/Vivado18/ip_repo/Gradients_1.0</xilinx:tag>
        <xilinx:tag xilinx:name="ui.data.coregen.dd@55fa1d4d_ARCHIVE_LOCATION">c:/Users/knstokke/Documents/Vivado18/ip_repo/Gradients_1.0</xilinx:tag>
        <xilinx:tag xilinx:name="ui.data.coregen.dd@2ab4965d_ARCHIVE_LOCATION">c:/Users/knstokke/Documents/Vivado18/ip_repo/Gradients_1.0</xilinx:tag>
        <xilinx:tag xilinx:name="ui.data.coregen.dd@5dafc4cb_ARCHIVE_LOCATION">c:/Users/knstokke/Documents/Vivado18/ip_repo/Gradients_1.0</xilinx:tag>
      </xilinx:tags>
    </xilinx:coreExtensions>
    <xilinx:packagingInfo>
      <xilinx:xilinxVersion>2018.3.1</xilinx:xilinxVersion>
      <xilinx:checksum xilinx:scope="busInterfaces" xilinx:value="7a63f3fc"/>
      <xilinx:checksum xilinx:scope="memoryMaps" xilinx:value="ed1368d5"/>
      <xilinx:checksum xilinx:scope="fileGroups" xilinx:value="b23bd9b7"/>
      <xilinx:checksum xilinx:scope="ports" xilinx:value="e4523e3f"/>
      <xilinx:checksum xilinx:scope="hdlParameters" xilinx:value="6992ea72"/>
      <xilinx:checksum xilinx:scope="parameters" xilinx:value="bb08f868"/>
    </xilinx:packagingInfo>
  </spirit:vendorExtensions>
</spirit:component>
