<?xml version="1.0" encoding="UTF-8"?>
<spirit:component xmlns:xilinx="http://www.xilinx.com" xmlns:spirit="http://www.spiritconsortium.org/XMLSchema/SPIRIT/1685-2009" xmlns:xsi="http://www.w3.org/2001/XMLSchema-instance">
  <spirit:vendor>xilinx.com</spirit:vendor>
  <spirit:library>user</spirit:library>
  <spirit:name>Subset_Interface</spirit:name>
  <spirit:version>1.0</spirit:version>
  <spirit:busInterfaces>
    <spirit:busInterface>
      <spirit:name>S00_AXI</spirit:name>
      <spirit:busType spirit:vendor="xilinx.com" spirit:library="interface" spirit:name="aximm" spirit:version="1.0"/>
      <spirit:abstractionType spirit:vendor="xilinx.com" spirit:library="interface" spirit:name="aximm_rtl" spirit:version="1.0"/>
      <spirit:slave>
        <spirit:memoryMapRef spirit:memoryMapRef="S00_AXI"/>
      </spirit:slave>
      <spirit:portMaps>
        <spirit:portMap>
          <spirit:logicalPort>
            <spirit:name>AWADDR</spirit:name>
          </spirit:logicalPort>
          <spirit:physicalPort>
            <spirit:name>s00_axi_awaddr</spirit:name>
          </spirit:physicalPort>
        </spirit:portMap>
        <spirit:portMap>
          <spirit:logicalPort>
            <spirit:name>AWPROT</spirit:name>
          </spirit:logicalPort>
          <spirit:physicalPort>
            <spirit:name>s00_axi_awprot</spirit:name>
          </spirit:physicalPort>
        </spirit:portMap>
        <spirit:portMap>
          <spirit:logicalPort>
            <spirit:name>AWVALID</spirit:name>
          </spirit:logicalPort>
          <spirit:physicalPort>
            <spirit:name>s00_axi_awvalid</spirit:name>
          </spirit:physicalPort>
        </spirit:portMap>
        <spirit:portMap>
          <spirit:logicalPort>
            <spirit:name>AWREADY</spirit:name>
          </spirit:logicalPort>
          <spirit:physicalPort>
            <spirit:name>s00_axi_awready</spirit:name>
          </spirit:physicalPort>
        </spirit:portMap>
        <spirit:portMap>
          <spirit:logicalPort>
            <spirit:name>WDATA</spirit:name>
          </spirit:logicalPort>
          <spirit:physicalPort>
            <spirit:name>s00_axi_wdata</spirit:name>
          </spirit:physicalPort>
        </spirit:portMap>
        <spirit:portMap>
          <spirit:logicalPort>
            <spirit:name>WSTRB</spirit:name>
          </spirit:logicalPort>
          <spirit:physicalPort>
            <spirit:name>s00_axi_wstrb</spirit:name>
          </spirit:physicalPort>
        </spirit:portMap>
        <spirit:portMap>
          <spirit:logicalPort>
            <spirit:name>WVALID</spirit:name>
          </spirit:logicalPort>
          <spirit:physicalPort>
            <spirit:name>s00_axi_wvalid</spirit:name>
          </spirit:physicalPort>
        </spirit:portMap>
        <spirit:portMap>
          <spirit:logicalPort>
            <spirit:name>WREADY</spirit:name>
          </spirit:logicalPort>
          <spirit:physicalPort>
            <spirit:name>s00_axi_wready</spirit:name>
          </spirit:physicalPort>
        </spirit:portMap>
        <spirit:portMap>
          <spirit:logicalPort>
            <spirit:name>BRESP</spirit:name>
          </spirit:logicalPort>
          <spirit:physicalPort>
            <spirit:name>s00_axi_bresp</spirit:name>
          </spirit:physicalPort>
        </spirit:portMap>
        <spirit:portMap>
          <spirit:logicalPort>
            <spirit:name>BVALID</spirit:name>
          </spirit:logicalPort>
          <spirit:physicalPort>
            <spirit:name>s00_axi_bvalid</spirit:name>
          </spirit:physicalPort>
        </spirit:portMap>
        <spirit:portMap>
          <spirit:logicalPort>
            <spirit:name>BREADY</spirit:name>
          </spirit:logicalPort>
          <spirit:physicalPort>
            <spirit:name>s00_axi_bready</spirit:name>
          </spirit:physicalPort>
        </spirit:portMap>
        <spirit:portMap>
          <spirit:logicalPort>
            <spirit:name>ARADDR</spirit:name>
          </spirit:logicalPort>
          <spirit:physicalPort>
            <spirit:name>s00_axi_araddr</spirit:name>
          </spirit:physicalPort>
        </spirit:portMap>
        <spirit:portMap>
          <spirit:logicalPort>
            <spirit:name>ARPROT</spirit:name>
          </spirit:logicalPort>
          <spirit:physicalPort>
            <spirit:name>s00_axi_arprot</spirit:name>
          </spirit:physicalPort>
        </spirit:portMap>
        <spirit:portMap>
          <spirit:logicalPort>
            <spirit:name>ARVALID</spirit:name>
          </spirit:logicalPort>
          <spirit:physicalPort>
            <spirit:name>s00_axi_arvalid</spirit:name>
          </spirit:physicalPort>
        </spirit:portMap>
        <spirit:portMap>
          <spirit:logicalPort>
            <spirit:name>ARREADY</spirit:name>
          </spirit:logicalPort>
          <spirit:physicalPort>
            <spirit:name>s00_axi_arready</spirit:name>
          </spirit:physicalPort>
        </spirit:portMap>
        <spirit:portMap>
          <spirit:logicalPort>
            <spirit:name>RDATA</spirit:name>
          </spirit:logicalPort>
          <spirit:physicalPort>
            <spirit:name>s00_axi_rdata</spirit:name>
          </spirit:physicalPort>
        </spirit:portMap>
        <spirit:portMap>
          <spirit:logicalPort>
            <spirit:name>RRESP</spirit:name>
          </spirit:logicalPort>
          <spirit:physicalPort>
            <spirit:name>s00_axi_rresp</spirit:name>
          </spirit:physicalPort>
        </spirit:portMap>
        <spirit:portMap>
          <spirit:logicalPort>
            <spirit:name>RVALID</spirit:name>
          </spirit:logicalPort>
          <spirit:physicalPort>
            <spirit:name>s00_axi_rvalid</spirit:name>
          </spirit:physicalPort>
        </spirit:portMap>
        <spirit:portMap>
          <spirit:logicalPort>
            <spirit:name>RREADY</spirit:name>
          </spirit:logicalPort>
          <spirit:physicalPort>
            <spirit:name>s00_axi_rready</spirit:name>
          </spirit:physicalPort>
        </spirit:portMap>
      </spirit:portMaps>
      <spirit:parameters>
        <spirit:parameter>
          <spirit:name>WIZ_DATA_WIDTH</spirit:name>
          <spirit:value spirit:format="long" spirit:id="BUSIFPARAM_VALUE.S00_AXI.WIZ_DATA_WIDTH" spirit:choiceRef="choice_list_6fc15197">32</spirit:value>
        </spirit:parameter>
        <spirit:parameter>
          <spirit:name>WIZ_NUM_REG</spirit:name>
          <spirit:value spirit:format="long" spirit:id="BUSIFPARAM_VALUE.S00_AXI.WIZ_NUM_REG" spirit:minimum="4" spirit:maximum="512" spirit:rangeType="long">4</spirit:value>
        </spirit:parameter>
        <spirit:parameter>
          <spirit:name>SUPPORTS_NARROW_BURST</spirit:name>
          <spirit:value spirit:format="long" spirit:id="BUSIFPARAM_VALUE.S00_AXI.SUPPORTS_NARROW_BURST" spirit:choiceRef="choice_pairs_ce1226b1">0</spirit:value>
        </spirit:parameter>
      </spirit:parameters>
    </spirit:busInterface>
    <spirit:busInterface>
      <spirit:name>S00_AXI_RST</spirit:name>
      <spirit:busType spirit:vendor="xilinx.com" spirit:library="signal" spirit:name="reset" spirit:version="1.0"/>
      <spirit:abstractionType spirit:vendor="xilinx.com" spirit:library="signal" spirit:name="reset_rtl" spirit:version="1.0"/>
      <spirit:slave/>
      <spirit:portMaps>
        <spirit:portMap>
          <spirit:logicalPort>
            <spirit:name>RST</spirit:name>
          </spirit:logicalPort>
          <spirit:physicalPort>
            <spirit:name>s00_axi_aresetn</spirit:name>
          </spirit:physicalPort>
        </spirit:portMap>
      </spirit:portMaps>
      <spirit:parameters>
        <spirit:parameter>
          <spirit:name>POLARITY</spirit:name>
          <spirit:value spirit:id="BUSIFPARAM_VALUE.S00_AXI_RST.POLARITY" spirit:choiceRef="choice_list_9d8b0d81">ACTIVE_LOW</spirit:value>
        </spirit:parameter>
      </spirit:parameters>
    </spirit:busInterface>
    <spirit:busInterface>
      <spirit:name>S00_AXI_CLK</spirit:name>
      <spirit:busType spirit:vendor="xilinx.com" spirit:library="signal" spirit:name="clock" spirit:version="1.0"/>
      <spirit:abstractionType spirit:vendor="xilinx.com" spirit:library="signal" spirit:name="clock_rtl" spirit:version="1.0"/>
      <spirit:slave/>
      <spirit:portMaps>
        <spirit:portMap>
          <spirit:logicalPort>
            <spirit:name>CLK</spirit:name>
          </spirit:logicalPort>
          <spirit:physicalPort>
            <spirit:name>s00_axi_aclk</spirit:name>
          </spirit:physicalPort>
        </spirit:portMap>
      </spirit:portMaps>
      <spirit:parameters>
        <spirit:parameter>
          <spirit:name>ASSOCIATED_BUSIF</spirit:name>
          <spirit:value spirit:id="BUSIFPARAM_VALUE.S00_AXI_CLK.ASSOCIATED_BUSIF">S00_AXI</spirit:value>
        </spirit:parameter>
        <spirit:parameter>
          <spirit:name>ASSOCIATED_RESET</spirit:name>
          <spirit:value spirit:id="BUSIFPARAM_VALUE.S00_AXI_CLK.ASSOCIATED_RESET">s00_axi_aresetn</spirit:value>
        </spirit:parameter>
      </spirit:parameters>
    </spirit:busInterface>
  </spirit:busInterfaces>
  <spirit:memoryMaps>
    <spirit:memoryMap>
      <spirit:name>S00_AXI</spirit:name>
      <spirit:addressBlock>
        <spirit:name>S00_AXI_reg</spirit:name>
        <spirit:baseAddress spirit:format="long" spirit:resolve="user">0</spirit:baseAddress>
        <spirit:range spirit:format="long">4096</spirit:range>
        <spirit:width spirit:format="long">32</spirit:width>
        <spirit:usage>register</spirit:usage>
        <spirit:parameters>
          <spirit:parameter>
            <spirit:name>OFFSET_BASE_PARAM</spirit:name>
            <spirit:value spirit:id="ADDRBLOCKPARAM_VALUE.S00_AXI.S00_AXI_REG.OFFSET_BASE_PARAM">C_S00_AXI_BASEADDR</spirit:value>
          </spirit:parameter>
          <spirit:parameter>
            <spirit:name>OFFSET_HIGH_PARAM</spirit:name>
            <spirit:value spirit:id="ADDRBLOCKPARAM_VALUE.S00_AXI.S00_AXI_REG.OFFSET_HIGH_PARAM">C_S00_AXI_HIGHADDR</spirit:value>
          </spirit:parameter>
        </spirit:parameters>
      </spirit:addressBlock>
    </spirit:memoryMap>
  </spirit:memoryMaps>
  <spirit:model>
    <spirit:views>
      <spirit:view>
        <spirit:name>xilinx_verilogsynthesis</spirit:name>
        <spirit:displayName>Verilog Synthesis</spirit:displayName>
        <spirit:envIdentifier>verilogSource:vivado.xilinx.com:synthesis</spirit:envIdentifier>
        <spirit:language>verilog</spirit:language>
        <spirit:modelName>Subset_Interface_v1_0</spirit:modelName>
        <spirit:fileSetRef>
          <spirit:localName>xilinx_verilogsynthesis_view_fileset</spirit:localName>
        </spirit:fileSetRef>
        <spirit:parameters>
          <spirit:parameter>
            <spirit:name>viewChecksum</spirit:name>
            <spirit:value>c65729f2</spirit:value>
          </spirit:parameter>
        </spirit:parameters>
      </spirit:view>
      <spirit:view>
        <spirit:name>xilinx_verilogbehavioralsimulation</spirit:name>
        <spirit:displayName>Verilog Simulation</spirit:displayName>
        <spirit:envIdentifier>verilogSource:vivado.xilinx.com:simulation</spirit:envIdentifier>
        <spirit:language>verilog</spirit:language>
        <spirit:modelName>Subset_Interface_v1_0</spirit:modelName>
        <spirit:fileSetRef>
          <spirit:localName>xilinx_verilogbehavioralsimulation_view_fileset</spirit:localName>
        </spirit:fileSetRef>
        <spirit:parameters>
          <spirit:parameter>
            <spirit:name>viewChecksum</spirit:name>
            <spirit:value>c65729f2</spirit:value>
          </spirit:parameter>
        </spirit:parameters>
      </spirit:view>
      <spirit:view>
        <spirit:name>xilinx_softwaredriver</spirit:name>
        <spirit:displayName>Software Driver</spirit:displayName>
        <spirit:envIdentifier>:vivado.xilinx.com:sw.driver</spirit:envIdentifier>
        <spirit:fileSetRef>
          <spirit:localName>xilinx_softwaredriver_view_fileset</spirit:localName>
        </spirit:fileSetRef>
        <spirit:parameters>
          <spirit:parameter>
            <spirit:name>viewChecksum</spirit:name>
            <spirit:value>f4ce80e2</spirit:value>
          </spirit:parameter>
        </spirit:parameters>
      </spirit:view>
      <spirit:view>
        <spirit:name>xilinx_xpgui</spirit:name>
        <spirit:displayName>UI Layout</spirit:displayName>
        <spirit:envIdentifier>:vivado.xilinx.com:xgui.ui</spirit:envIdentifier>
        <spirit:fileSetRef>
          <spirit:localName>xilinx_xpgui_view_fileset</spirit:localName>
        </spirit:fileSetRef>
        <spirit:parameters>
          <spirit:parameter>
            <spirit:name>viewChecksum</spirit:name>
            <spirit:value>dda4df14</spirit:value>
          </spirit:parameter>
        </spirit:parameters>
      </spirit:view>
      <spirit:view>
        <spirit:name>bd_tcl</spirit:name>
        <spirit:displayName>Block Diagram</spirit:displayName>
        <spirit:envIdentifier>:vivado.xilinx.com:block.diagram</spirit:envIdentifier>
        <spirit:fileSetRef>
          <spirit:localName>bd_tcl_view_fileset</spirit:localName>
        </spirit:fileSetRef>
        <spirit:parameters>
          <spirit:parameter>
            <spirit:name>viewChecksum</spirit:name>
            <spirit:value>16328387</spirit:value>
          </spirit:parameter>
        </spirit:parameters>
      </spirit:view>
    </spirit:views>
    <spirit:ports>
      <spirit:port>
        <spirit:name>coord_done_0</spirit:name>
        <spirit:wire>
          <spirit:direction>in</spirit:direction>
          <spirit:wireTypeDefs>
            <spirit:wireTypeDef>
              <spirit:typeName>std_logic</spirit:typeName>
              <spirit:viewNameRef>xilinx_verilogsynthesis</spirit:viewNameRef>
              <spirit:viewNameRef>xilinx_verilogbehavioralsimulation</spirit:viewNameRef>
            </spirit:wireTypeDef>
          </spirit:wireTypeDefs>
        </spirit:wire>
      </spirit:port>
      <spirit:port>
        <spirit:name>parameters_done_0</spirit:name>
        <spirit:wire>
          <spirit:direction>in</spirit:direction>
          <spirit:wireTypeDefs>
            <spirit:wireTypeDef>
              <spirit:typeName>std_logic</spirit:typeName>
              <spirit:viewNameRef>xilinx_verilogsynthesis</spirit:viewNameRef>
              <spirit:viewNameRef>xilinx_verilogbehavioralsimulation</spirit:viewNameRef>
            </spirit:wireTypeDef>
          </spirit:wireTypeDefs>
        </spirit:wire>
      </spirit:port>
      <spirit:port>
        <spirit:name>param_dout_0</spirit:name>
        <spirit:wire>
          <spirit:direction>in</spirit:direction>
          <spirit:vector>
            <spirit:left spirit:format="long">31</spirit:left>
            <spirit:right spirit:format="long">0</spirit:right>
          </spirit:vector>
          <spirit:wireTypeDefs>
            <spirit:wireTypeDef>
              <spirit:typeName>std_logic_vector</spirit:typeName>
              <spirit:viewNameRef>xilinx_verilogsynthesis</spirit:viewNameRef>
              <spirit:viewNameRef>xilinx_verilogbehavioralsimulation</spirit:viewNameRef>
            </spirit:wireTypeDef>
          </spirit:wireTypeDefs>
        </spirit:wire>
      </spirit:port>
      <spirit:port>
        <spirit:name>coord_subset_number_0</spirit:name>
        <spirit:wire>
          <spirit:direction>in</spirit:direction>
          <spirit:vector>
            <spirit:left spirit:format="long">31</spirit:left>
            <spirit:right spirit:format="long">0</spirit:right>
          </spirit:vector>
          <spirit:wireTypeDefs>
            <spirit:wireTypeDef>
              <spirit:typeName>std_logic_vector</spirit:typeName>
              <spirit:viewNameRef>xilinx_verilogsynthesis</spirit:viewNameRef>
              <spirit:viewNameRef>xilinx_verilogbehavioralsimulation</spirit:viewNameRef>
            </spirit:wireTypeDef>
          </spirit:wireTypeDefs>
        </spirit:wire>
      </spirit:port>
      <spirit:port>
        <spirit:name>coord_new_subset_0</spirit:name>
        <spirit:wire>
          <spirit:direction>in</spirit:direction>
          <spirit:wireTypeDefs>
            <spirit:wireTypeDef>
              <spirit:typeName>std_logic</spirit:typeName>
              <spirit:viewNameRef>xilinx_verilogsynthesis</spirit:viewNameRef>
              <spirit:viewNameRef>xilinx_verilogbehavioralsimulation</spirit:viewNameRef>
            </spirit:wireTypeDef>
          </spirit:wireTypeDefs>
        </spirit:wire>
      </spirit:port>
      <spirit:port>
        <spirit:name>param_ea_0</spirit:name>
        <spirit:wire>
          <spirit:direction>out</spirit:direction>
          <spirit:wireTypeDefs>
            <spirit:wireTypeDef>
              <spirit:typeName>std_logic</spirit:typeName>
              <spirit:viewNameRef>xilinx_verilogsynthesis</spirit:viewNameRef>
              <spirit:viewNameRef>xilinx_verilogbehavioralsimulation</spirit:viewNameRef>
            </spirit:wireTypeDef>
          </spirit:wireTypeDefs>
        </spirit:wire>
      </spirit:port>
      <spirit:port>
        <spirit:name>param_wea_0</spirit:name>
        <spirit:wire>
          <spirit:direction>out</spirit:direction>
          <spirit:vector>
            <spirit:left spirit:format="long">3</spirit:left>
            <spirit:right spirit:format="long">0</spirit:right>
          </spirit:vector>
          <spirit:wireTypeDefs>
            <spirit:wireTypeDef>
              <spirit:typeName>std_logic_vector</spirit:typeName>
              <spirit:viewNameRef>xilinx_verilogsynthesis</spirit:viewNameRef>
              <spirit:viewNameRef>xilinx_verilogbehavioralsimulation</spirit:viewNameRef>
            </spirit:wireTypeDef>
          </spirit:wireTypeDefs>
        </spirit:wire>
      </spirit:port>
      <spirit:port>
        <spirit:name>param_addr_0</spirit:name>
        <spirit:wire>
          <spirit:direction>out</spirit:direction>
          <spirit:vector>
            <spirit:left spirit:format="long">31</spirit:left>
            <spirit:right spirit:format="long">0</spirit:right>
          </spirit:vector>
          <spirit:wireTypeDefs>
            <spirit:wireTypeDef>
              <spirit:typeName>std_logic_vector</spirit:typeName>
              <spirit:viewNameRef>xilinx_verilogsynthesis</spirit:viewNameRef>
              <spirit:viewNameRef>xilinx_verilogbehavioralsimulation</spirit:viewNameRef>
            </spirit:wireTypeDef>
          </spirit:wireTypeDefs>
        </spirit:wire>
      </spirit:port>
      <spirit:port>
        <spirit:name>coord_cx_0</spirit:name>
        <spirit:wire>
          <spirit:direction>out</spirit:direction>
          <spirit:vector>
            <spirit:left spirit:format="long">31</spirit:left>
            <spirit:right spirit:format="long">0</spirit:right>
          </spirit:vector>
          <spirit:wireTypeDefs>
            <spirit:wireTypeDef>
              <spirit:typeName>std_logic_vector</spirit:typeName>
              <spirit:viewNameRef>xilinx_verilogsynthesis</spirit:viewNameRef>
              <spirit:viewNameRef>xilinx_verilogbehavioralsimulation</spirit:viewNameRef>
            </spirit:wireTypeDef>
          </spirit:wireTypeDefs>
        </spirit:wire>
      </spirit:port>
      <spirit:port>
        <spirit:name>coord_cy_0</spirit:name>
        <spirit:wire>
          <spirit:direction>out</spirit:direction>
          <spirit:vector>
            <spirit:left spirit:format="long">31</spirit:left>
            <spirit:right spirit:format="long">0</spirit:right>
          </spirit:vector>
          <spirit:wireTypeDefs>
            <spirit:wireTypeDef>
              <spirit:typeName>std_logic_vector</spirit:typeName>
              <spirit:viewNameRef>xilinx_verilogsynthesis</spirit:viewNameRef>
              <spirit:viewNameRef>xilinx_verilogbehavioralsimulation</spirit:viewNameRef>
            </spirit:wireTypeDef>
          </spirit:wireTypeDefs>
        </spirit:wire>
      </spirit:port>
      <spirit:port>
        <spirit:name>subset_size_0</spirit:name>
        <spirit:wire>
          <spirit:direction>out</spirit:direction>
          <spirit:vector>
            <spirit:left spirit:format="long">31</spirit:left>
            <spirit:right spirit:format="long">0</spirit:right>
          </spirit:vector>
          <spirit:wireTypeDefs>
            <spirit:wireTypeDef>
              <spirit:typeName>std_logic_vector</spirit:typeName>
              <spirit:viewNameRef>xilinx_verilogsynthesis</spirit:viewNameRef>
              <spirit:viewNameRef>xilinx_verilogbehavioralsimulation</spirit:viewNameRef>
            </spirit:wireTypeDef>
          </spirit:wireTypeDefs>
        </spirit:wire>
      </spirit:port>
      <spirit:port>
        <spirit:name>half_subset_size_0</spirit:name>
        <spirit:wire>
          <spirit:direction>out</spirit:direction>
          <spirit:vector>
            <spirit:left spirit:format="long">31</spirit:left>
            <spirit:right spirit:format="long">0</spirit:right>
          </spirit:vector>
          <spirit:wireTypeDefs>
            <spirit:wireTypeDef>
              <spirit:typeName>std_logic_vector</spirit:typeName>
              <spirit:viewNameRef>xilinx_verilogsynthesis</spirit:viewNameRef>
              <spirit:viewNameRef>xilinx_verilogbehavioralsimulation</spirit:viewNameRef>
            </spirit:wireTypeDef>
          </spirit:wireTypeDefs>
        </spirit:wire>
      </spirit:port>
      <spirit:port>
        <spirit:name>subset_shape_0</spirit:name>
        <spirit:wire>
          <spirit:direction>out</spirit:direction>
          <spirit:vector>
            <spirit:left spirit:format="long">31</spirit:left>
            <spirit:right spirit:format="long">0</spirit:right>
          </spirit:vector>
          <spirit:wireTypeDefs>
            <spirit:wireTypeDef>
              <spirit:typeName>std_logic_vector</spirit:typeName>
              <spirit:viewNameRef>xilinx_verilogsynthesis</spirit:viewNameRef>
              <spirit:viewNameRef>xilinx_verilogbehavioralsimulation</spirit:viewNameRef>
            </spirit:wireTypeDef>
          </spirit:wireTypeDefs>
        </spirit:wire>
      </spirit:port>
      <spirit:port>
        <spirit:name>coord_interface_done_0</spirit:name>
        <spirit:wire>
          <spirit:direction>out</spirit:direction>
          <spirit:wireTypeDefs>
            <spirit:wireTypeDef>
              <spirit:typeName>std_logic</spirit:typeName>
              <spirit:viewNameRef>xilinx_verilogsynthesis</spirit:viewNameRef>
              <spirit:viewNameRef>xilinx_verilogbehavioralsimulation</spirit:viewNameRef>
            </spirit:wireTypeDef>
          </spirit:wireTypeDefs>
        </spirit:wire>
      </spirit:port>
      <spirit:port>
        <spirit:name>debug_cx_addr_0</spirit:name>
        <spirit:wire>
          <spirit:direction>out</spirit:direction>
          <spirit:vector>
            <spirit:left spirit:format="long">31</spirit:left>
            <spirit:right spirit:format="long">0</spirit:right>
          </spirit:vector>
          <spirit:wireTypeDefs>
            <spirit:wireTypeDef>
              <spirit:typeName>std_logic_vector</spirit:typeName>
              <spirit:viewNameRef>xilinx_verilogsynthesis</spirit:viewNameRef>
              <spirit:viewNameRef>xilinx_verilogbehavioralsimulation</spirit:viewNameRef>
            </spirit:wireTypeDef>
          </spirit:wireTypeDefs>
        </spirit:wire>
      </spirit:port>
      <spirit:port>
        <spirit:name>debug_cy_addr_0</spirit:name>
        <spirit:wire>
          <spirit:direction>out</spirit:direction>
          <spirit:vector>
            <spirit:left spirit:format="long">31</spirit:left>
            <spirit:right spirit:format="long">0</spirit:right>
          </spirit:vector>
          <spirit:wireTypeDefs>
            <spirit:wireTypeDef>
              <spirit:typeName>std_logic_vector</spirit:typeName>
              <spirit:viewNameRef>xilinx_verilogsynthesis</spirit:viewNameRef>
              <spirit:viewNameRef>xilinx_verilogbehavioralsimulation</spirit:viewNameRef>
            </spirit:wireTypeDef>
          </spirit:wireTypeDefs>
        </spirit:wire>
      </spirit:port>
      <spirit:port>
        <spirit:name>debug_size_addr_0</spirit:name>
        <spirit:wire>
          <spirit:direction>out</spirit:direction>
          <spirit:vector>
            <spirit:left spirit:format="long">31</spirit:left>
            <spirit:right spirit:format="long">0</spirit:right>
          </spirit:vector>
          <spirit:wireTypeDefs>
            <spirit:wireTypeDef>
              <spirit:typeName>std_logic_vector</spirit:typeName>
              <spirit:viewNameRef>xilinx_verilogsynthesis</spirit:viewNameRef>
              <spirit:viewNameRef>xilinx_verilogbehavioralsimulation</spirit:viewNameRef>
            </spirit:wireTypeDef>
          </spirit:wireTypeDefs>
        </spirit:wire>
      </spirit:port>
      <spirit:port>
        <spirit:name>debug_half_size_addr_0</spirit:name>
        <spirit:wire>
          <spirit:direction>out</spirit:direction>
          <spirit:vector>
            <spirit:left spirit:format="long">31</spirit:left>
            <spirit:right spirit:format="long">0</spirit:right>
          </spirit:vector>
          <spirit:wireTypeDefs>
            <spirit:wireTypeDef>
              <spirit:typeName>std_logic_vector</spirit:typeName>
              <spirit:viewNameRef>xilinx_verilogsynthesis</spirit:viewNameRef>
              <spirit:viewNameRef>xilinx_verilogbehavioralsimulation</spirit:viewNameRef>
            </spirit:wireTypeDef>
          </spirit:wireTypeDefs>
        </spirit:wire>
      </spirit:port>
      <spirit:port>
        <spirit:name>debug_shape_addr_0</spirit:name>
        <spirit:wire>
          <spirit:direction>out</spirit:direction>
          <spirit:vector>
            <spirit:left spirit:format="long">31</spirit:left>
            <spirit:right spirit:format="long">0</spirit:right>
          </spirit:vector>
          <spirit:wireTypeDefs>
            <spirit:wireTypeDef>
              <spirit:typeName>std_logic_vector</spirit:typeName>
              <spirit:viewNameRef>xilinx_verilogsynthesis</spirit:viewNameRef>
              <spirit:viewNameRef>xilinx_verilogbehavioralsimulation</spirit:viewNameRef>
            </spirit:wireTypeDef>
          </spirit:wireTypeDefs>
        </spirit:wire>
      </spirit:port>
      <spirit:port>
        <spirit:name>s00_axi_awaddr</spirit:name>
        <spirit:wire>
          <spirit:direction>in</spirit:direction>
          <spirit:vector>
            <spirit:left spirit:format="long" spirit:resolve="dependent" spirit:dependency="(spirit:decode(id(&apos;MODELPARAM_VALUE.C_S00_AXI_ADDR_WIDTH&apos;)) - 1)">3</spirit:left>
            <spirit:right spirit:format="long">0</spirit:right>
          </spirit:vector>
          <spirit:wireTypeDefs>
            <spirit:wireTypeDef>
              <spirit:typeName>wire</spirit:typeName>
              <spirit:viewNameRef>xilinx_verilogsynthesis</spirit:viewNameRef>
              <spirit:viewNameRef>xilinx_verilogbehavioralsimulation</spirit:viewNameRef>
            </spirit:wireTypeDef>
          </spirit:wireTypeDefs>
        </spirit:wire>
      </spirit:port>
      <spirit:port>
        <spirit:name>s00_axi_awprot</spirit:name>
        <spirit:wire>
          <spirit:direction>in</spirit:direction>
          <spirit:vector>
            <spirit:left spirit:format="long">2</spirit:left>
            <spirit:right spirit:format="long">0</spirit:right>
          </spirit:vector>
          <spirit:wireTypeDefs>
            <spirit:wireTypeDef>
              <spirit:typeName>wire</spirit:typeName>
              <spirit:viewNameRef>xilinx_verilogsynthesis</spirit:viewNameRef>
              <spirit:viewNameRef>xilinx_verilogbehavioralsimulation</spirit:viewNameRef>
            </spirit:wireTypeDef>
          </spirit:wireTypeDefs>
        </spirit:wire>
      </spirit:port>
      <spirit:port>
        <spirit:name>s00_axi_awvalid</spirit:name>
        <spirit:wire>
          <spirit:direction>in</spirit:direction>
          <spirit:wireTypeDefs>
            <spirit:wireTypeDef>
              <spirit:typeName>wire</spirit:typeName>
              <spirit:viewNameRef>xilinx_verilogsynthesis</spirit:viewNameRef>
              <spirit:viewNameRef>xilinx_verilogbehavioralsimulation</spirit:viewNameRef>
            </spirit:wireTypeDef>
          </spirit:wireTypeDefs>
        </spirit:wire>
      </spirit:port>
      <spirit:port>
        <spirit:name>s00_axi_awready</spirit:name>
        <spirit:wire>
          <spirit:direction>out</spirit:direction>
          <spirit:wireTypeDefs>
            <spirit:wireTypeDef>
              <spirit:typeName>wire</spirit:typeName>
              <spirit:viewNameRef>xilinx_verilogsynthesis</spirit:viewNameRef>
              <spirit:viewNameRef>xilinx_verilogbehavioralsimulation</spirit:viewNameRef>
            </spirit:wireTypeDef>
          </spirit:wireTypeDefs>
        </spirit:wire>
      </spirit:port>
      <spirit:port>
        <spirit:name>s00_axi_wdata</spirit:name>
        <spirit:wire>
          <spirit:direction>in</spirit:direction>
          <spirit:vector>
            <spirit:left spirit:format="long" spirit:resolve="dependent" spirit:dependency="(spirit:decode(id(&apos;MODELPARAM_VALUE.C_S00_AXI_DATA_WIDTH&apos;)) - 1)">31</spirit:left>
            <spirit:right spirit:format="long">0</spirit:right>
          </spirit:vector>
          <spirit:wireTypeDefs>
            <spirit:wireTypeDef>
              <spirit:typeName>wire</spirit:typeName>
              <spirit:viewNameRef>xilinx_verilogsynthesis</spirit:viewNameRef>
              <spirit:viewNameRef>xilinx_verilogbehavioralsimulation</spirit:viewNameRef>
            </spirit:wireTypeDef>
          </spirit:wireTypeDefs>
        </spirit:wire>
      </spirit:port>
      <spirit:port>
        <spirit:name>s00_axi_wstrb</spirit:name>
        <spirit:wire>
          <spirit:direction>in</spirit:direction>
          <spirit:vector>
            <spirit:left spirit:format="long" spirit:resolve="dependent" spirit:dependency="((spirit:decode(id(&apos;MODELPARAM_VALUE.C_S00_AXI_DATA_WIDTH&apos;)) / 8) - 1)">3</spirit:left>
            <spirit:right spirit:format="long">0</spirit:right>
          </spirit:vector>
          <spirit:wireTypeDefs>
            <spirit:wireTypeDef>
              <spirit:typeName>wire</spirit:typeName>
              <spirit:viewNameRef>xilinx_verilogsynthesis</spirit:viewNameRef>
              <spirit:viewNameRef>xilinx_verilogbehavioralsimulation</spirit:viewNameRef>
            </spirit:wireTypeDef>
          </spirit:wireTypeDefs>
        </spirit:wire>
      </spirit:port>
      <spirit:port>
        <spirit:name>s00_axi_wvalid</spirit:name>
        <spirit:wire>
          <spirit:direction>in</spirit:direction>
          <spirit:wireTypeDefs>
            <spirit:wireTypeDef>
              <spirit:typeName>wire</spirit:typeName>
              <spirit:viewNameRef>xilinx_verilogsynthesis</spirit:viewNameRef>
              <spirit:viewNameRef>xilinx_verilogbehavioralsimulation</spirit:viewNameRef>
            </spirit:wireTypeDef>
          </spirit:wireTypeDefs>
        </spirit:wire>
      </spirit:port>
      <spirit:port>
        <spirit:name>s00_axi_wready</spirit:name>
        <spirit:wire>
          <spirit:direction>out</spirit:direction>
          <spirit:wireTypeDefs>
            <spirit:wireTypeDef>
              <spirit:typeName>wire</spirit:typeName>
              <spirit:viewNameRef>xilinx_verilogsynthesis</spirit:viewNameRef>
              <spirit:viewNameRef>xilinx_verilogbehavioralsimulation</spirit:viewNameRef>
            </spirit:wireTypeDef>
          </spirit:wireTypeDefs>
        </spirit:wire>
      </spirit:port>
      <spirit:port>
        <spirit:name>s00_axi_bresp</spirit:name>
        <spirit:wire>
          <spirit:direction>out</spirit:direction>
          <spirit:vector>
            <spirit:left spirit:format="long">1</spirit:left>
            <spirit:right spirit:format="long">0</spirit:right>
          </spirit:vector>
          <spirit:wireTypeDefs>
            <spirit:wireTypeDef>
              <spirit:typeName>wire</spirit:typeName>
              <spirit:viewNameRef>xilinx_verilogsynthesis</spirit:viewNameRef>
              <spirit:viewNameRef>xilinx_verilogbehavioralsimulation</spirit:viewNameRef>
            </spirit:wireTypeDef>
          </spirit:wireTypeDefs>
        </spirit:wire>
      </spirit:port>
      <spirit:port>
        <spirit:name>s00_axi_bvalid</spirit:name>
        <spirit:wire>
          <spirit:direction>out</spirit:direction>
          <spirit:wireTypeDefs>
            <spirit:wireTypeDef>
              <spirit:typeName>wire</spirit:typeName>
              <spirit:viewNameRef>xilinx_verilogsynthesis</spirit:viewNameRef>
              <spirit:viewNameRef>xilinx_verilogbehavioralsimulation</spirit:viewNameRef>
            </spirit:wireTypeDef>
          </spirit:wireTypeDefs>
        </spirit:wire>
      </spirit:port>
      <spirit:port>
        <spirit:name>s00_axi_bready</spirit:name>
        <spirit:wire>
          <spirit:direction>in</spirit:direction>
          <spirit:wireTypeDefs>
            <spirit:wireTypeDef>
              <spirit:typeName>wire</spirit:typeName>
              <spirit:viewNameRef>xilinx_verilogsynthesis</spirit:viewNameRef>
              <spirit:viewNameRef>xilinx_verilogbehavioralsimulation</spirit:viewNameRef>
            </spirit:wireTypeDef>
          </spirit:wireTypeDefs>
        </spirit:wire>
      </spirit:port>
      <spirit:port>
        <spirit:name>s00_axi_araddr</spirit:name>
        <spirit:wire>
          <spirit:direction>in</spirit:direction>
          <spirit:vector>
            <spirit:left spirit:format="long" spirit:resolve="dependent" spirit:dependency="(spirit:decode(id(&apos;MODELPARAM_VALUE.C_S00_AXI_ADDR_WIDTH&apos;)) - 1)">3</spirit:left>
            <spirit:right spirit:format="long">0</spirit:right>
          </spirit:vector>
          <spirit:wireTypeDefs>
            <spirit:wireTypeDef>
              <spirit:typeName>wire</spirit:typeName>
              <spirit:viewNameRef>xilinx_verilogsynthesis</spirit:viewNameRef>
              <spirit:viewNameRef>xilinx_verilogbehavioralsimulation</spirit:viewNameRef>
            </spirit:wireTypeDef>
          </spirit:wireTypeDefs>
        </spirit:wire>
      </spirit:port>
      <spirit:port>
        <spirit:name>s00_axi_arprot</spirit:name>
        <spirit:wire>
          <spirit:direction>in</spirit:direction>
          <spirit:vector>
            <spirit:left spirit:format="long">2</spirit:left>
            <spirit:right spirit:format="long">0</spirit:right>
          </spirit:vector>
          <spirit:wireTypeDefs>
            <spirit:wireTypeDef>
              <spirit:typeName>wire</spirit:typeName>
              <spirit:viewNameRef>xilinx_verilogsynthesis</spirit:viewNameRef>
              <spirit:viewNameRef>xilinx_verilogbehavioralsimulation</spirit:viewNameRef>
            </spirit:wireTypeDef>
          </spirit:wireTypeDefs>
        </spirit:wire>
      </spirit:port>
      <spirit:port>
        <spirit:name>s00_axi_arvalid</spirit:name>
        <spirit:wire>
          <spirit:direction>in</spirit:direction>
          <spirit:wireTypeDefs>
            <spirit:wireTypeDef>
              <spirit:typeName>wire</spirit:typeName>
              <spirit:viewNameRef>xilinx_verilogsynthesis</spirit:viewNameRef>
              <spirit:viewNameRef>xilinx_verilogbehavioralsimulation</spirit:viewNameRef>
            </spirit:wireTypeDef>
          </spirit:wireTypeDefs>
        </spirit:wire>
      </spirit:port>
      <spirit:port>
        <spirit:name>s00_axi_arready</spirit:name>
        <spirit:wire>
          <spirit:direction>out</spirit:direction>
          <spirit:wireTypeDefs>
            <spirit:wireTypeDef>
              <spirit:typeName>wire</spirit:typeName>
              <spirit:viewNameRef>xilinx_verilogsynthesis</spirit:viewNameRef>
              <spirit:viewNameRef>xilinx_verilogbehavioralsimulation</spirit:viewNameRef>
            </spirit:wireTypeDef>
          </spirit:wireTypeDefs>
        </spirit:wire>
      </spirit:port>
      <spirit:port>
        <spirit:name>s00_axi_rdata</spirit:name>
        <spirit:wire>
          <spirit:direction>out</spirit:direction>
          <spirit:vector>
            <spirit:left spirit:format="long" spirit:resolve="dependent" spirit:dependency="(spirit:decode(id(&apos;MODELPARAM_VALUE.C_S00_AXI_DATA_WIDTH&apos;)) - 1)">31</spirit:left>
            <spirit:right spirit:format="long">0</spirit:right>
          </spirit:vector>
          <spirit:wireTypeDefs>
            <spirit:wireTypeDef>
              <spirit:typeName>wire</spirit:typeName>
              <spirit:viewNameRef>xilinx_verilogsynthesis</spirit:viewNameRef>
              <spirit:viewNameRef>xilinx_verilogbehavioralsimulation</spirit:viewNameRef>
            </spirit:wireTypeDef>
          </spirit:wireTypeDefs>
        </spirit:wire>
      </spirit:port>
      <spirit:port>
        <spirit:name>s00_axi_rresp</spirit:name>
        <spirit:wire>
          <spirit:direction>out</spirit:direction>
          <spirit:vector>
            <spirit:left spirit:format="long">1</spirit:left>
            <spirit:right spirit:format="long">0</spirit:right>
          </spirit:vector>
          <spirit:wireTypeDefs>
            <spirit:wireTypeDef>
              <spirit:typeName>wire</spirit:typeName>
              <spirit:viewNameRef>xilinx_verilogsynthesis</spirit:viewNameRef>
              <spirit:viewNameRef>xilinx_verilogbehavioralsimulation</spirit:viewNameRef>
            </spirit:wireTypeDef>
          </spirit:wireTypeDefs>
        </spirit:wire>
      </spirit:port>
      <spirit:port>
        <spirit:name>s00_axi_rvalid</spirit:name>
        <spirit:wire>
          <spirit:direction>out</spirit:direction>
          <spirit:wireTypeDefs>
            <spirit:wireTypeDef>
              <spirit:typeName>wire</spirit:typeName>
              <spirit:viewNameRef>xilinx_verilogsynthesis</spirit:viewNameRef>
              <spirit:viewNameRef>xilinx_verilogbehavioralsimulation</spirit:viewNameRef>
            </spirit:wireTypeDef>
          </spirit:wireTypeDefs>
        </spirit:wire>
      </spirit:port>
      <spirit:port>
        <spirit:name>s00_axi_rready</spirit:name>
        <spirit:wire>
          <spirit:direction>in</spirit:direction>
          <spirit:wireTypeDefs>
            <spirit:wireTypeDef>
              <spirit:typeName>wire</spirit:typeName>
              <spirit:viewNameRef>xilinx_verilogsynthesis</spirit:viewNameRef>
              <spirit:viewNameRef>xilinx_verilogbehavioralsimulation</spirit:viewNameRef>
            </spirit:wireTypeDef>
          </spirit:wireTypeDefs>
        </spirit:wire>
      </spirit:port>
      <spirit:port>
        <spirit:name>s00_axi_aclk</spirit:name>
        <spirit:wire>
          <spirit:direction>in</spirit:direction>
          <spirit:wireTypeDefs>
            <spirit:wireTypeDef>
              <spirit:typeName>wire</spirit:typeName>
              <spirit:viewNameRef>xilinx_verilogsynthesis</spirit:viewNameRef>
              <spirit:viewNameRef>xilinx_verilogbehavioralsimulation</spirit:viewNameRef>
            </spirit:wireTypeDef>
          </spirit:wireTypeDefs>
        </spirit:wire>
      </spirit:port>
      <spirit:port>
        <spirit:name>s00_axi_aresetn</spirit:name>
        <spirit:wire>
          <spirit:direction>in</spirit:direction>
          <spirit:wireTypeDefs>
            <spirit:wireTypeDef>
              <spirit:typeName>wire</spirit:typeName>
              <spirit:viewNameRef>xilinx_verilogsynthesis</spirit:viewNameRef>
              <spirit:viewNameRef>xilinx_verilogbehavioralsimulation</spirit:viewNameRef>
            </spirit:wireTypeDef>
          </spirit:wireTypeDefs>
        </spirit:wire>
      </spirit:port>
    </spirit:ports>
    <spirit:modelParameters>
      <spirit:modelParameter xsi:type="spirit:nameValueTypeType" spirit:dataType="integer">
        <spirit:name>C_S00_AXI_DATA_WIDTH</spirit:name>
        <spirit:displayName>C S00 AXI DATA WIDTH</spirit:displayName>
        <spirit:description>Width of S_AXI data bus</spirit:description>
        <spirit:value spirit:format="long" spirit:resolve="generated" spirit:id="MODELPARAM_VALUE.C_S00_AXI_DATA_WIDTH" spirit:order="3" spirit:rangeType="long">32</spirit:value>
      </spirit:modelParameter>
      <spirit:modelParameter spirit:dataType="integer">
        <spirit:name>C_S00_AXI_ADDR_WIDTH</spirit:name>
        <spirit:displayName>C S00 AXI ADDR WIDTH</spirit:displayName>
        <spirit:description>Width of S_AXI address bus</spirit:description>
        <spirit:value spirit:format="long" spirit:resolve="generated" spirit:id="MODELPARAM_VALUE.C_S00_AXI_ADDR_WIDTH" spirit:order="4" spirit:rangeType="long">4</spirit:value>
      </spirit:modelParameter>
    </spirit:modelParameters>
  </spirit:model>
  <spirit:choices>
    <spirit:choice>
      <spirit:name>choice_list_6fc15197</spirit:name>
      <spirit:enumeration>32</spirit:enumeration>
    </spirit:choice>
    <spirit:choice>
      <spirit:name>choice_list_9d8b0d81</spirit:name>
      <spirit:enumeration>ACTIVE_HIGH</spirit:enumeration>
      <spirit:enumeration>ACTIVE_LOW</spirit:enumeration>
    </spirit:choice>
    <spirit:choice>
      <spirit:name>choice_pairs_ce1226b1</spirit:name>
      <spirit:enumeration spirit:text="true">1</spirit:enumeration>
      <spirit:enumeration spirit:text="false">0</spirit:enumeration>
    </spirit:choice>
  </spirit:choices>
  <spirit:fileSets>
    <spirit:fileSet>
      <spirit:name>xilinx_verilogsynthesis_view_fileset</spirit:name>
      <spirit:file>
        <spirit:name>hdl/Subset_Interface_v1_0_S00_AXI.v</spirit:name>
        <spirit:fileType>verilogSource</spirit:fileType>
      </spirit:file>
      <spirit:file>
        <spirit:name>../../DICE_232x448/subset_interface.v</spirit:name>
        <spirit:fileType>verilogSource</spirit:fileType>
      </spirit:file>
      <spirit:file>
        <spirit:name>hdl/Subset_Interface_v1_0.v</spirit:name>
        <spirit:fileType>verilogSource</spirit:fileType>
        <spirit:userFileType>CHECKSUM_823658b9</spirit:userFileType>
      </spirit:file>
    </spirit:fileSet>
    <spirit:fileSet>
      <spirit:name>xilinx_verilogbehavioralsimulation_view_fileset</spirit:name>
      <spirit:file>
        <spirit:name>hdl/Subset_Interface_v1_0_S00_AXI.v</spirit:name>
        <spirit:fileType>verilogSource</spirit:fileType>
      </spirit:file>
      <spirit:file>
        <spirit:name>../../DICE_232x448/subset_interface.v</spirit:name>
        <spirit:fileType>verilogSource</spirit:fileType>
      </spirit:file>
      <spirit:file>
        <spirit:name>hdl/Subset_Interface_v1_0.v</spirit:name>
        <spirit:fileType>verilogSource</spirit:fileType>
      </spirit:file>
    </spirit:fileSet>
    <spirit:fileSet>
      <spirit:name>xilinx_softwaredriver_view_fileset</spirit:name>
      <spirit:file>
        <spirit:name>drivers/Subset_Interface_v1_0/data/Subset_Interface.mdd</spirit:name>
        <spirit:userFileType>mdd</spirit:userFileType>
        <spirit:userFileType>driver_mdd</spirit:userFileType>
      </spirit:file>
      <spirit:file>
        <spirit:name>drivers/Subset_Interface_v1_0/data/Subset_Interface.tcl</spirit:name>
        <spirit:fileType>tclSource</spirit:fileType>
        <spirit:userFileType>driver_tcl</spirit:userFileType>
      </spirit:file>
      <spirit:file>
        <spirit:name>drivers/Subset_Interface_v1_0/src/Makefile</spirit:name>
        <spirit:userFileType>driver_src</spirit:userFileType>
      </spirit:file>
      <spirit:file>
        <spirit:name>drivers/Subset_Interface_v1_0/src/Subset_Interface.h</spirit:name>
        <spirit:fileType>cSource</spirit:fileType>
        <spirit:userFileType>driver_src</spirit:userFileType>
      </spirit:file>
      <spirit:file>
        <spirit:name>drivers/Subset_Interface_v1_0/src/Subset_Interface.c</spirit:name>
        <spirit:fileType>cSource</spirit:fileType>
        <spirit:userFileType>driver_src</spirit:userFileType>
      </spirit:file>
      <spirit:file>
        <spirit:name>drivers/Subset_Interface_v1_0/src/Subset_Interface_selftest.c</spirit:name>
        <spirit:fileType>cSource</spirit:fileType>
        <spirit:userFileType>driver_src</spirit:userFileType>
      </spirit:file>
    </spirit:fileSet>
    <spirit:fileSet>
      <spirit:name>xilinx_xpgui_view_fileset</spirit:name>
      <spirit:file>
        <spirit:name>xgui/Subset_Interface_v1_0.tcl</spirit:name>
        <spirit:fileType>tclSource</spirit:fileType>
        <spirit:userFileType>CHECKSUM_dda4df14</spirit:userFileType>
        <spirit:userFileType>XGUI_VERSION_2</spirit:userFileType>
      </spirit:file>
    </spirit:fileSet>
    <spirit:fileSet>
      <spirit:name>bd_tcl_view_fileset</spirit:name>
      <spirit:file>
        <spirit:name>bd/bd.tcl</spirit:name>
        <spirit:fileType>tclSource</spirit:fileType>
      </spirit:file>
    </spirit:fileSet>
  </spirit:fileSets>
  <spirit:description>My new AXI IP</spirit:description>
  <spirit:parameters>
    <spirit:parameter>
      <spirit:name>C_S00_AXI_DATA_WIDTH</spirit:name>
      <spirit:displayName>C S00 AXI DATA WIDTH</spirit:displayName>
      <spirit:description>Width of S_AXI data bus</spirit:description>
      <spirit:value spirit:format="long" spirit:resolve="user" spirit:id="PARAM_VALUE.C_S00_AXI_DATA_WIDTH" spirit:choiceRef="choice_list_6fc15197" spirit:order="3">32</spirit:value>
      <spirit:vendorExtensions>
        <xilinx:parameterInfo>
          <xilinx:enablement>
            <xilinx:isEnabled xilinx:id="PARAM_ENABLEMENT.C_S00_AXI_DATA_WIDTH">false</xilinx:isEnabled>
          </xilinx:enablement>
        </xilinx:parameterInfo>
      </spirit:vendorExtensions>
    </spirit:parameter>
    <spirit:parameter>
      <spirit:name>C_S00_AXI_ADDR_WIDTH</spirit:name>
      <spirit:displayName>C S00 AXI ADDR WIDTH</spirit:displayName>
      <spirit:description>Width of S_AXI address bus</spirit:description>
      <spirit:value spirit:format="long" spirit:resolve="user" spirit:id="PARAM_VALUE.C_S00_AXI_ADDR_WIDTH" spirit:order="4" spirit:rangeType="long">4</spirit:value>
      <spirit:vendorExtensions>
        <xilinx:parameterInfo>
          <xilinx:enablement>
            <xilinx:isEnabled xilinx:id="PARAM_ENABLEMENT.C_S00_AXI_ADDR_WIDTH">false</xilinx:isEnabled>
          </xilinx:enablement>
        </xilinx:parameterInfo>
      </spirit:vendorExtensions>
    </spirit:parameter>
    <spirit:parameter>
      <spirit:name>C_S00_AXI_BASEADDR</spirit:name>
      <spirit:displayName>C S00 AXI BASEADDR</spirit:displayName>
      <spirit:value spirit:format="bitString" spirit:resolve="user" spirit:id="PARAM_VALUE.C_S00_AXI_BASEADDR" spirit:order="5" spirit:bitStringLength="32">0xFFFFFFFF</spirit:value>
      <spirit:vendorExtensions>
        <xilinx:parameterInfo>
          <xilinx:enablement>
            <xilinx:isEnabled xilinx:id="PARAM_ENABLEMENT.C_S00_AXI_BASEADDR">false</xilinx:isEnabled>
          </xilinx:enablement>
        </xilinx:parameterInfo>
      </spirit:vendorExtensions>
    </spirit:parameter>
    <spirit:parameter>
      <spirit:name>C_S00_AXI_HIGHADDR</spirit:name>
      <spirit:displayName>C S00 AXI HIGHADDR</spirit:displayName>
      <spirit:value spirit:format="bitString" spirit:resolve="user" spirit:id="PARAM_VALUE.C_S00_AXI_HIGHADDR" spirit:order="6" spirit:bitStringLength="32">0x00000000</spirit:value>
      <spirit:vendorExtensions>
        <xilinx:parameterInfo>
          <xilinx:enablement>
            <xilinx:isEnabled xilinx:id="PARAM_ENABLEMENT.C_S00_AXI_HIGHADDR">false</xilinx:isEnabled>
          </xilinx:enablement>
        </xilinx:parameterInfo>
      </spirit:vendorExtensions>
    </spirit:parameter>
    <spirit:parameter>
      <spirit:name>Component_Name</spirit:name>
      <spirit:value spirit:resolve="user" spirit:id="PARAM_VALUE.Component_Name" spirit:order="1">Subset_Interface_v1_0</spirit:value>
    </spirit:parameter>
  </spirit:parameters>
  <spirit:vendorExtensions>
    <xilinx:coreExtensions>
      <xilinx:supportedFamilies>
        <xilinx:family xilinx:lifeCycle="Pre-Production">zynquplus</xilinx:family>
      </xilinx:supportedFamilies>
      <xilinx:taxonomies>
        <xilinx:taxonomy>AXI_Peripheral</xilinx:taxonomy>
      </xilinx:taxonomies>
      <xilinx:displayName>Subset_Interface_v1.0</xilinx:displayName>
      <xilinx:coreRevision>9</xilinx:coreRevision>
      <xilinx:coreCreationDateTime>2019-06-26T16:53:18Z</xilinx:coreCreationDateTime>
      <xilinx:tags>
        <xilinx:tag xilinx:name="ui.data.coregen.dd@73464cd2_ARCHIVE_LOCATION">c:/Users/knstokke/Documents/Vivado18/ip_repo/Subset_Interface_1.0</xilinx:tag>
        <xilinx:tag xilinx:name="ui.data.coregen.dd@5c9a1e2c_ARCHIVE_LOCATION">c:/Users/knstokke/Documents/Vivado18/ip_repo/Subset_Interface_1.0</xilinx:tag>
        <xilinx:tag xilinx:name="ui.data.coregen.dd@718f3e7e_ARCHIVE_LOCATION">c:/Users/knstokke/Documents/Vivado18/ip_repo/Subset_Interface_1.0</xilinx:tag>
        <xilinx:tag xilinx:name="ui.data.coregen.dd@749ff5d4_ARCHIVE_LOCATION">c:/Users/knstokke/Documents/Vivado18/ip_repo/Subset_Interface_1.0</xilinx:tag>
        <xilinx:tag xilinx:name="ui.data.coregen.dd@a6ce9a4_ARCHIVE_LOCATION">c:/Users/knstokke/Documents/Vivado18/ip_repo/Subset_Interface_1.0</xilinx:tag>
        <xilinx:tag xilinx:name="ui.data.coregen.dd@756bf99f_ARCHIVE_LOCATION">c:/Users/knstokke/Documents/Vivado18/ip_repo/Subset_Interface_1.0</xilinx:tag>
        <xilinx:tag xilinx:name="ui.data.coregen.dd@36debd23_ARCHIVE_LOCATION">c:/Users/knstokke/Documents/Vivado18/ip_repo/Subset_Interface_1.0</xilinx:tag>
        <xilinx:tag xilinx:name="ui.data.coregen.dd@62fbe230_ARCHIVE_LOCATION">c:/Users/knstokke/Documents/Vivado18/ip_repo/Subset_Interface_1.0</xilinx:tag>
        <xilinx:tag xilinx:name="ui.data.coregen.dd@76546785_ARCHIVE_LOCATION">c:/Users/knstokke/Documents/Vivado18/ip_repo/Subset_Interface_1.0</xilinx:tag>
        <xilinx:tag xilinx:name="ui.data.coregen.dd@58fc1eb0_ARCHIVE_LOCATION">c:/Users/knstokke/Documents/Vivado18/ip_repo/Subset_Interface_1.0</xilinx:tag>
        <xilinx:tag xilinx:name="ui.data.coregen.dd@1330520b_ARCHIVE_LOCATION">c:/Users/knstokke/Documents/Vivado18/ip_repo/Subset_Interface_1.0</xilinx:tag>
        <xilinx:tag xilinx:name="ui.data.coregen.dd@4bb3f70_ARCHIVE_LOCATION">c:/Users/knstokke/Documents/Vivado18/ip_repo/Subset_Interface_1.0</xilinx:tag>
        <xilinx:tag xilinx:name="ui.data.coregen.dd@2d6fd824_ARCHIVE_LOCATION">c:/Users/knstokke/Documents/Vivado18/ip_repo/Subset_Interface_1.0</xilinx:tag>
        <xilinx:tag xilinx:name="ui.data.coregen.dd@21d4cd7f_ARCHIVE_LOCATION">c:/Users/knstokke/Documents/Vivado18/ip_repo/Subset_Interface_1.0</xilinx:tag>
        <xilinx:tag xilinx:name="ui.data.coregen.dd@6e1cfd01_ARCHIVE_LOCATION">c:/Users/knstokke/Documents/Vivado18/ip_repo/Subset_Interface_1.0</xilinx:tag>
        <xilinx:tag xilinx:name="ui.data.coregen.dd@3e773904_ARCHIVE_LOCATION">c:/Users/knstokke/Documents/Vivado18/ip_repo/Subset_Interface_1.0</xilinx:tag>
        <xilinx:tag xilinx:name="ui.data.coregen.dd@2b419f48_ARCHIVE_LOCATION">c:/Users/knstokke/Documents/Vivado18/ip_repo/Subset_Interface_1.0</xilinx:tag>
        <xilinx:tag xilinx:name="ui.data.coregen.dd@2f02e527_ARCHIVE_LOCATION">c:/Users/knstokke/Documents/Vivado18/ip_repo/Subset_Interface_1.0</xilinx:tag>
        <xilinx:tag xilinx:name="ui.data.coregen.dd@bd3dda2_ARCHIVE_LOCATION">c:/Users/knstokke/Documents/Vivado18/ip_repo/Subset_Interface_1.0</xilinx:tag>
        <xilinx:tag xilinx:name="ui.data.coregen.dd@2a6ba89d_ARCHIVE_LOCATION">c:/Users/knstokke/Documents/Vivado18/ip_repo/Subset_Interface_1.0</xilinx:tag>
        <xilinx:tag xilinx:name="ui.data.coregen.dd@648ec008_ARCHIVE_LOCATION">c:/Users/knstokke/Documents/Vivado18/ip_repo/Subset_Interface_1.0</xilinx:tag>
        <xilinx:tag xilinx:name="ui.data.coregen.dd@680ac4a_ARCHIVE_LOCATION">c:/Users/knstokke/Documents/Vivado18/ip_repo/Subset_Interface_1.0</xilinx:tag>
        <xilinx:tag xilinx:name="ui.data.coregen.dd@2c30ffda_ARCHIVE_LOCATION">c:/Users/knstokke/Documents/Vivado18/ip_repo/Subset_Interface_1.0</xilinx:tag>
        <xilinx:tag xilinx:name="ui.data.coregen.dd@e964d3f_ARCHIVE_LOCATION">c:/Users/knstokke/Documents/Vivado18/ip_repo/Subset_Interface_1.0</xilinx:tag>
        <xilinx:tag xilinx:name="ui.data.coregen.dd@748aa6ab_ARCHIVE_LOCATION">c:/Users/knstokke/Documents/Vivado18/ip_repo/Subset_Interface_1.0</xilinx:tag>
        <xilinx:tag xilinx:name="ui.data.coregen.dd@1a9ad7ef_ARCHIVE_LOCATION">c:/Users/knstokke/Documents/Vivado18/ip_repo/Subset_Interface_1.0</xilinx:tag>
        <xilinx:tag xilinx:name="ui.data.coregen.dd@3353f876_ARCHIVE_LOCATION">c:/Users/knstokke/Documents/Vivado18/ip_repo/Subset_Interface_1.0</xilinx:tag>
        <xilinx:tag xilinx:name="ui.data.coregen.dd@305c644d_ARCHIVE_LOCATION">c:/Users/knstokke/Documents/Vivado18/ip_repo/Subset_Interface_1.0</xilinx:tag>
        <xilinx:tag xilinx:name="ui.data.coregen.dd@165950d5_ARCHIVE_LOCATION">c:/Users/knstokke/Documents/Vivado18/ip_repo/Subset_Interface_1.0</xilinx:tag>
        <xilinx:tag xilinx:name="ui.data.coregen.dd@27145765_ARCHIVE_LOCATION">c:/Users/knstokke/Documents/Vivado18/ip_repo/Subset_Interface_1.0</xilinx:tag>
        <xilinx:tag xilinx:name="ui.data.coregen.dd@3a0f5a75_ARCHIVE_LOCATION">c:/Users/knstokke/Documents/Vivado18/ip_repo/Subset_Interface_1.0</xilinx:tag>
        <xilinx:tag xilinx:name="ui.data.coregen.dd@6a9d0add_ARCHIVE_LOCATION">c:/Users/knstokke/Documents/Vivado18/ip_repo/Subset_Interface_1.0</xilinx:tag>
        <xilinx:tag xilinx:name="ui.data.coregen.dd@75286d48_ARCHIVE_LOCATION">c:/Users/knstokke/Documents/Vivado18/ip_repo/Subset_Interface_1.0</xilinx:tag>
        <xilinx:tag xilinx:name="ui.data.coregen.dd@406f73d1_ARCHIVE_LOCATION">c:/Users/knstokke/Documents/Vivado18/ip_repo/Subset_Interface_1.0</xilinx:tag>
        <xilinx:tag xilinx:name="ui.data.coregen.dd@1ccbcbf_ARCHIVE_LOCATION">c:/Users/knstokke/Documents/Vivado18/ip_repo/Subset_Interface_1.0</xilinx:tag>
        <xilinx:tag xilinx:name="ui.data.coregen.dd@14353205_ARCHIVE_LOCATION">c:/Users/knstokke/Documents/Vivado18/ip_repo/Subset_Interface_1.0</xilinx:tag>
        <xilinx:tag xilinx:name="ui.data.coregen.dd@36f7ce13_ARCHIVE_LOCATION">c:/Users/knstokke/Documents/Vivado18/ip_repo/Subset_Interface_1.0</xilinx:tag>
        <xilinx:tag xilinx:name="ui.data.coregen.dd@3f983821_ARCHIVE_LOCATION">c:/Users/knstokke/Documents/Vivado18/ip_repo/Subset_Interface_1.0</xilinx:tag>
        <xilinx:tag xilinx:name="ui.data.coregen.dd@123c3c94_ARCHIVE_LOCATION">c:/Users/knstokke/Documents/Vivado18/ip_repo/Subset_Interface_1.0</xilinx:tag>
        <xilinx:tag xilinx:name="ui.data.coregen.dd@6792f985_ARCHIVE_LOCATION">c:/Users/knstokke/Documents/Vivado18/ip_repo/Subset_Interface_1.0</xilinx:tag>
        <xilinx:tag xilinx:name="ui.data.coregen.dd@277588ba_ARCHIVE_LOCATION">c:/Users/knstokke/Documents/Vivado18/ip_repo/Subset_Interface_1.0</xilinx:tag>
        <xilinx:tag xilinx:name="ui.data.coregen.dd@2d6ff8be_ARCHIVE_LOCATION">c:/Users/knstokke/Documents/Vivado18/ip_repo/Subset_Interface_1.0</xilinx:tag>
        <xilinx:tag xilinx:name="ui.data.coregen.dd@42f514ac_ARCHIVE_LOCATION">c:/Users/knstokke/Documents/Vivado18/ip_repo/Subset_Interface_1.0</xilinx:tag>
        <xilinx:tag xilinx:name="ui.data.coregen.dd@32ff45b5_ARCHIVE_LOCATION">c:/Users/knstokke/Documents/Vivado18/ip_repo/Subset_Interface_1.0</xilinx:tag>
        <xilinx:tag xilinx:name="ui.data.coregen.dd@4b8a34df_ARCHIVE_LOCATION">c:/Users/knstokke/Documents/Vivado18/ip_repo/Subset_Interface_1.0</xilinx:tag>
        <xilinx:tag xilinx:name="ui.data.coregen.dd@4e9be74e_ARCHIVE_LOCATION">c:/Users/knstokke/Documents/Vivado18/ip_repo/Subset_Interface_1.0</xilinx:tag>
        <xilinx:tag xilinx:name="ui.data.coregen.dd@652f4b14_ARCHIVE_LOCATION">c:/Users/knstokke/Documents/Vivado18/ip_repo/Subset_Interface_1.0</xilinx:tag>
        <xilinx:tag xilinx:name="ui.data.coregen.dd@450f9c02_ARCHIVE_LOCATION">c:/Users/knstokke/Documents/Vivado18/ip_repo/Subset_Interface_1.0</xilinx:tag>
        <xilinx:tag xilinx:name="ui.data.coregen.dd@5c143b5b_ARCHIVE_LOCATION">c:/Users/knstokke/Documents/Vivado18/ip_repo/Subset_Interface_1.0</xilinx:tag>
        <xilinx:tag xilinx:name="ui.data.coregen.dd@2460da8d_ARCHIVE_LOCATION">c:/Users/knstokke/Documents/Vivado18/ip_repo/Subset_Interface_1.0</xilinx:tag>
        <xilinx:tag xilinx:name="ui.data.coregen.dd@5162a9e8_ARCHIVE_LOCATION">c:/Users/knstokke/Documents/Vivado18/ip_repo/Subset_Interface_1.0</xilinx:tag>
        <xilinx:tag xilinx:name="ui.data.coregen.dd@18bef5cb_ARCHIVE_LOCATION">c:/Users/knstokke/Documents/Vivado18/ip_repo/Subset_Interface_1.0</xilinx:tag>
        <xilinx:tag xilinx:name="ui.data.coregen.dd@69129671_ARCHIVE_LOCATION">c:/Users/knstokke/Documents/Vivado18/ip_repo/Subset_Interface_1.0</xilinx:tag>
        <xilinx:tag xilinx:name="ui.data.coregen.dd@71ed715e_ARCHIVE_LOCATION">c:/Users/knstokke/Documents/Vivado18/ip_repo/Subset_Interface_1.0</xilinx:tag>
        <xilinx:tag xilinx:name="ui.data.coregen.dd@48a2da10_ARCHIVE_LOCATION">c:/Users/knstokke/Documents/Vivado18/ip_repo/Subset_Interface_1.0</xilinx:tag>
        <xilinx:tag xilinx:name="ui.data.coregen.dd@162dd3f0_ARCHIVE_LOCATION">c:/Users/knstokke/Documents/Vivado18/ip_repo/Subset_Interface_1.0</xilinx:tag>
        <xilinx:tag xilinx:name="ui.data.coregen.dd@a85a8ee_ARCHIVE_LOCATION">c:/Users/knstokke/Documents/Vivado18/ip_repo/Subset_Interface_1.0</xilinx:tag>
        <xilinx:tag xilinx:name="ui.data.coregen.dd@54d40994_ARCHIVE_LOCATION">c:/Users/knstokke/Documents/Vivado18/ip_repo/Subset_Interface_1.0</xilinx:tag>
        <xilinx:tag xilinx:name="ui.data.coregen.dd@17395de4_ARCHIVE_LOCATION">c:/Users/knstokke/Documents/Vivado18/ip_repo/Subset_Interface_1.0</xilinx:tag>
        <xilinx:tag xilinx:name="ui.data.coregen.dd@7d85be7b_ARCHIVE_LOCATION">c:/Users/knstokke/Documents/Vivado18/ip_repo/Subset_Interface_1.0</xilinx:tag>
        <xilinx:tag xilinx:name="ui.data.coregen.dd@48698c31_ARCHIVE_LOCATION">c:/Users/knstokke/Documents/Vivado18/ip_repo/Subset_Interface_1.0</xilinx:tag>
        <xilinx:tag xilinx:name="ui.data.coregen.dd@10b6449b_ARCHIVE_LOCATION">c:/Users/knstokke/Documents/Vivado18/ip_repo/Subset_Interface_1.0</xilinx:tag>
        <xilinx:tag xilinx:name="ui.data.coregen.dd@20ba922e_ARCHIVE_LOCATION">c:/Users/knstokke/Documents/Vivado18/ip_repo/Subset_Interface_1.0</xilinx:tag>
        <xilinx:tag xilinx:name="ui.data.coregen.dd@6fb9884e_ARCHIVE_LOCATION">c:/Users/knstokke/Documents/Vivado18/ip_repo/Subset_Interface_1.0</xilinx:tag>
        <xilinx:tag xilinx:name="ui.data.coregen.dd@43634a04_ARCHIVE_LOCATION">c:/Users/knstokke/Documents/Vivado18/ip_repo/Subset_Interface_1.0</xilinx:tag>
        <xilinx:tag xilinx:name="ui.data.coregen.dd@6a75fe1b_ARCHIVE_LOCATION">c:/Users/knstokke/Documents/Vivado18/ip_repo/Subset_Interface_1.0</xilinx:tag>
        <xilinx:tag xilinx:name="ui.data.coregen.dd@223ffccb_ARCHIVE_LOCATION">c:/Users/knstokke/Documents/Vivado18/ip_repo/Subset_Interface_1.0</xilinx:tag>
        <xilinx:tag xilinx:name="ui.data.coregen.dd@a3f1657_ARCHIVE_LOCATION">c:/Users/knstokke/Documents/Vivado18/ip_repo/Subset_Interface_1.0</xilinx:tag>
        <xilinx:tag xilinx:name="ui.data.coregen.dd@5a73b26d_ARCHIVE_LOCATION">c:/Users/knstokke/Documents/Vivado18/ip_repo/Subset_Interface_1.0</xilinx:tag>
        <xilinx:tag xilinx:name="ui.data.coregen.dd@451dc180_ARCHIVE_LOCATION">c:/Users/knstokke/Documents/Vivado18/ip_repo/Subset_Interface_1.0</xilinx:tag>
        <xilinx:tag xilinx:name="ui.data.coregen.dd@60faa617_ARCHIVE_LOCATION">c:/Users/knstokke/Documents/Vivado18/ip_repo/Subset_Interface_1.0</xilinx:tag>
        <xilinx:tag xilinx:name="ui.data.coregen.dd@4b2c7b63_ARCHIVE_LOCATION">c:/Users/knstokke/Documents/Vivado18/ip_repo/Subset_Interface_1.0</xilinx:tag>
        <xilinx:tag xilinx:name="ui.data.coregen.dd@53e388d9_ARCHIVE_LOCATION">c:/Users/knstokke/Documents/Vivado18/ip_repo/Subset_Interface_1.0</xilinx:tag>
        <xilinx:tag xilinx:name="ui.data.coregen.dd@42af0e73_ARCHIVE_LOCATION">c:/Users/knstokke/Documents/Vivado18/ip_repo/Subset_Interface_1.0</xilinx:tag>
        <xilinx:tag xilinx:name="ui.data.coregen.dd@2e80c5d1_ARCHIVE_LOCATION">c:/Users/knstokke/Documents/Vivado18/ip_repo/Subset_Interface_1.0</xilinx:tag>
        <xilinx:tag xilinx:name="ui.data.coregen.dd@2ddce240_ARCHIVE_LOCATION">c:/Users/knstokke/Documents/Vivado18/ip_repo/Subset_Interface_1.0</xilinx:tag>
        <xilinx:tag xilinx:name="ui.data.coregen.dd@46490986_ARCHIVE_LOCATION">c:/Users/knstokke/Documents/Vivado18/ip_repo/Subset_Interface_1.0</xilinx:tag>
        <xilinx:tag xilinx:name="ui.data.coregen.dd@3311cc30_ARCHIVE_LOCATION">c:/Users/knstokke/Documents/Vivado18/ip_repo/Subset_Interface_1.0</xilinx:tag>
        <xilinx:tag xilinx:name="ui.data.coregen.dd@44cd33e6_ARCHIVE_LOCATION">c:/Users/knstokke/Documents/Vivado18/ip_repo/Subset_Interface_1.0</xilinx:tag>
        <xilinx:tag xilinx:name="ui.data.coregen.dd@8dcff87_ARCHIVE_LOCATION">c:/Users/knstokke/Documents/Vivado18/ip_repo/Subset_Interface_1.0</xilinx:tag>
        <xilinx:tag xilinx:name="ui.data.coregen.dd@7df382fe_ARCHIVE_LOCATION">c:/Users/knstokke/Documents/Vivado18/ip_repo/Subset_Interface_1.0</xilinx:tag>
        <xilinx:tag xilinx:name="ui.data.coregen.dd@14f0851a_ARCHIVE_LOCATION">c:/Users/knstokke/Documents/Vivado18/ip_repo/Subset_Interface_1.0</xilinx:tag>
        <xilinx:tag xilinx:name="ui.data.coregen.dd@3b8493f4_ARCHIVE_LOCATION">c:/Users/knstokke/Documents/Vivado18/ip_repo/Subset_Interface_1.0</xilinx:tag>
        <xilinx:tag xilinx:name="ui.data.coregen.dd@1d88bac4_ARCHIVE_LOCATION">c:/Users/knstokke/Documents/Vivado18/ip_repo/Subset_Interface_1.0</xilinx:tag>
        <xilinx:tag xilinx:name="ui.data.coregen.dd@664fe1ab_ARCHIVE_LOCATION">c:/Users/knstokke/Documents/Vivado18/ip_repo/Subset_Interface_1.0</xilinx:tag>
        <xilinx:tag xilinx:name="ui.data.coregen.dd@527eac71_ARCHIVE_LOCATION">c:/Users/knstokke/Documents/Vivado18/ip_repo/Subset_Interface_1.0</xilinx:tag>
        <xilinx:tag xilinx:name="ui.data.coregen.dd@ab82fed_ARCHIVE_LOCATION">c:/Users/knstokke/Documents/Vivado18/ip_repo/Subset_Interface_1.0</xilinx:tag>
        <xilinx:tag xilinx:name="ui.data.coregen.dd@862284b_ARCHIVE_LOCATION">c:/Users/knstokke/Documents/Vivado18/ip_repo/Subset_Interface_1.0</xilinx:tag>
        <xilinx:tag xilinx:name="ui.data.coregen.dd@b717925_ARCHIVE_LOCATION">c:/Users/knstokke/Documents/Vivado18/ip_repo/Subset_Interface_1.0</xilinx:tag>
        <xilinx:tag xilinx:name="ui.data.coregen.dd@7f13e996_ARCHIVE_LOCATION">c:/Users/knstokke/Documents/Vivado18/ip_repo/Subset_Interface_1.0</xilinx:tag>
        <xilinx:tag xilinx:name="ui.data.coregen.dd@28a4b9e5_ARCHIVE_LOCATION">c:/Users/knstokke/Documents/Vivado18/ip_repo/Subset_Interface_1.0</xilinx:tag>
        <xilinx:tag xilinx:name="ui.data.coregen.dd@7c57770c_ARCHIVE_LOCATION">c:/Users/knstokke/Documents/Vivado18/ip_repo/Subset_Interface_1.0</xilinx:tag>
        <xilinx:tag xilinx:name="ui.data.coregen.dd@273d973d_ARCHIVE_LOCATION">c:/Users/knstokke/Documents/Vivado18/ip_repo/Subset_Interface_1.0</xilinx:tag>
        <xilinx:tag xilinx:name="ui.data.coregen.dd@e436c65_ARCHIVE_LOCATION">c:/Users/knstokke/Documents/Vivado18/ip_repo/Subset_Interface_1.0</xilinx:tag>
        <xilinx:tag xilinx:name="ui.data.coregen.dd@7d2d3920_ARCHIVE_LOCATION">c:/Users/knstokke/Documents/Vivado18/ip_repo/Subset_Interface_1.0</xilinx:tag>
        <xilinx:tag xilinx:name="ui.data.coregen.dd@692ca9f2_ARCHIVE_LOCATION">c:/Users/knstokke/Documents/Vivado18/ip_repo/Subset_Interface_1.0</xilinx:tag>
        <xilinx:tag xilinx:name="ui.data.coregen.dd@6a089afc_ARCHIVE_LOCATION">c:/Users/knstokke/Documents/Vivado18/ip_repo/Subset_Interface_1.0</xilinx:tag>
        <xilinx:tag xilinx:name="ui.data.coregen.dd@78de0fcf_ARCHIVE_LOCATION">c:/Users/knstokke/Documents/Vivado18/ip_repo/Subset_Interface_1.0</xilinx:tag>
        <xilinx:tag xilinx:name="ui.data.coregen.dd@78d03932_ARCHIVE_LOCATION">c:/Users/knstokke/Documents/Vivado18/ip_repo/Subset_Interface_1.0</xilinx:tag>
        <xilinx:tag xilinx:name="ui.data.coregen.dd@69e12a45_ARCHIVE_LOCATION">c:/Users/knstokke/Documents/Vivado18/ip_repo/Subset_Interface_1.0</xilinx:tag>
        <xilinx:tag xilinx:name="ui.data.coregen.dd@2e2ff422_ARCHIVE_LOCATION">c:/Users/knstokke/Documents/Vivado18/ip_repo/Subset_Interface_1.0</xilinx:tag>
        <xilinx:tag xilinx:name="ui.data.coregen.dd@23ec0f28_ARCHIVE_LOCATION">c:/Users/knstokke/Documents/Vivado18/ip_repo/Subset_Interface_1.0</xilinx:tag>
        <xilinx:tag xilinx:name="ui.data.coregen.dd@1fd89315_ARCHIVE_LOCATION">c:/Users/knstokke/Documents/Vivado18/ip_repo/Subset_Interface_1.0</xilinx:tag>
        <xilinx:tag xilinx:name="ui.data.coregen.dd@5e52f368_ARCHIVE_LOCATION">c:/Users/knstokke/Documents/Vivado18/ip_repo/Subset_Interface_1.0</xilinx:tag>
        <xilinx:tag xilinx:name="ui.data.coregen.dd@58425172_ARCHIVE_LOCATION">c:/Users/knstokke/Documents/Vivado18/ip_repo/Subset_Interface_1.0</xilinx:tag>
        <xilinx:tag xilinx:name="ui.data.coregen.dd@5b2be066_ARCHIVE_LOCATION">c:/Users/knstokke/Documents/Vivado18/ip_repo/Subset_Interface_1.0</xilinx:tag>
        <xilinx:tag xilinx:name="ui.data.coregen.dd@730b0b37_ARCHIVE_LOCATION">c:/Users/knstokke/Documents/Vivado18/ip_repo/Subset_Interface_1.0</xilinx:tag>
        <xilinx:tag xilinx:name="ui.data.coregen.dd@8a09eb0_ARCHIVE_LOCATION">c:/Users/knstokke/Documents/Vivado18/ip_repo/Subset_Interface_1.0</xilinx:tag>
        <xilinx:tag xilinx:name="ui.data.coregen.dd@59590be0_ARCHIVE_LOCATION">c:/Users/knstokke/Documents/Vivado18/ip_repo/Subset_Interface_1.0</xilinx:tag>
        <xilinx:tag xilinx:name="ui.data.coregen.dd@2f9ca7f9_ARCHIVE_LOCATION">c:/Users/knstokke/Documents/Vivado18/ip_repo/Subset_Interface_1.0</xilinx:tag>
        <xilinx:tag xilinx:name="ui.data.coregen.dd@1b04d56e_ARCHIVE_LOCATION">c:/Users/knstokke/Documents/Vivado18/ip_repo/Subset_Interface_1.0</xilinx:tag>
        <xilinx:tag xilinx:name="ui.data.coregen.dd@5dd1e756_ARCHIVE_LOCATION">c:/Users/knstokke/Documents/Vivado18/ip_repo/Subset_Interface_1.0</xilinx:tag>
        <xilinx:tag xilinx:name="ui.data.coregen.dd@737bde5e_ARCHIVE_LOCATION">c:/Users/knstokke/Documents/Vivado18/ip_repo/Subset_Interface_1.0</xilinx:tag>
        <xilinx:tag xilinx:name="ui.data.coregen.dd@19225f8d_ARCHIVE_LOCATION">c:/Users/knstokke/Documents/Vivado18/ip_repo/Subset_Interface_1.0</xilinx:tag>
        <xilinx:tag xilinx:name="ui.data.coregen.dd@1cf37f32_ARCHIVE_LOCATION">c:/Users/knstokke/Documents/Vivado18/ip_repo/Subset_Interface_1.0</xilinx:tag>
        <xilinx:tag xilinx:name="ui.data.coregen.dd@36891ba9_ARCHIVE_LOCATION">c:/Users/knstokke/Documents/Vivado18/ip_repo/Subset_Interface_1.0</xilinx:tag>
        <xilinx:tag xilinx:name="ui.data.coregen.dd@10959e58_ARCHIVE_LOCATION">c:/Users/knstokke/Documents/Vivado18/ip_repo/Subset_Interface_1.0</xilinx:tag>
        <xilinx:tag xilinx:name="ui.data.coregen.dd@1ec9263c_ARCHIVE_LOCATION">c:/Users/knstokke/Documents/Vivado18/ip_repo/Subset_Interface_1.0</xilinx:tag>
        <xilinx:tag xilinx:name="ui.data.coregen.dd@21f19ff4_ARCHIVE_LOCATION">c:/Users/knstokke/Documents/Vivado18/ip_repo/Subset_Interface_1.0</xilinx:tag>
        <xilinx:tag xilinx:name="ui.data.coregen.dd@5711f9b1_ARCHIVE_LOCATION">c:/Users/knstokke/Documents/Vivado18/ip_repo/Subset_Interface_1.0</xilinx:tag>
        <xilinx:tag xilinx:name="ui.data.coregen.dd@4b48c385_ARCHIVE_LOCATION">c:/Users/knstokke/Documents/Vivado18/ip_repo/Subset_Interface_1.0</xilinx:tag>
        <xilinx:tag xilinx:name="ui.data.coregen.dd@81c0a52_ARCHIVE_LOCATION">c:/Users/knstokke/Documents/Vivado18/ip_repo/Subset_Interface_1.0</xilinx:tag>
        <xilinx:tag xilinx:name="ui.data.coregen.dd@3321b830_ARCHIVE_LOCATION">c:/Users/knstokke/Documents/Vivado18/ip_repo/Subset_Interface_1.0</xilinx:tag>
        <xilinx:tag xilinx:name="ui.data.coregen.dd@7623bef2_ARCHIVE_LOCATION">c:/Users/knstokke/Documents/Vivado18/ip_repo/Subset_Interface_1.0</xilinx:tag>
        <xilinx:tag xilinx:name="ui.data.coregen.dd@2a7b586f_ARCHIVE_LOCATION">c:/Users/knstokke/Documents/Vivado18/ip_repo/Subset_Interface_1.0</xilinx:tag>
        <xilinx:tag xilinx:name="ui.data.coregen.dd@1e089c4d_ARCHIVE_LOCATION">c:/Users/knstokke/Documents/Vivado18/ip_repo/Subset_Interface_1.0</xilinx:tag>
        <xilinx:tag xilinx:name="ui.data.coregen.dd@71767f0a_ARCHIVE_LOCATION">c:/Users/knstokke/Documents/Vivado18/ip_repo/Subset_Interface_1.0</xilinx:tag>
        <xilinx:tag xilinx:name="ui.data.coregen.dd@5b448558_ARCHIVE_LOCATION">c:/Users/knstokke/Documents/Vivado18/ip_repo/Subset_Interface_1.0</xilinx:tag>
        <xilinx:tag xilinx:name="ui.data.coregen.dd@5f6b5e8_ARCHIVE_LOCATION">c:/Users/knstokke/Documents/Vivado18/ip_repo/Subset_Interface_1.0</xilinx:tag>
        <xilinx:tag xilinx:name="ui.data.coregen.dd@1dc30e8e_ARCHIVE_LOCATION">c:/Users/knstokke/Documents/Vivado18/ip_repo/Subset_Interface_1.0</xilinx:tag>
        <xilinx:tag xilinx:name="ui.data.coregen.dd@499d2525_ARCHIVE_LOCATION">c:/Users/knstokke/Documents/Vivado18/ip_repo/Subset_Interface_1.0</xilinx:tag>
      </xilinx:tags>
    </xilinx:coreExtensions>
    <xilinx:packagingInfo>
      <xilinx:xilinxVersion>2018.3.1</xilinx:xilinxVersion>
      <xilinx:checksum xilinx:scope="busInterfaces" xilinx:value="7a63f3fc"/>
      <xilinx:checksum xilinx:scope="memoryMaps" xilinx:value="ed1368d5"/>
      <xilinx:checksum xilinx:scope="fileGroups" xilinx:value="23b6b8dd"/>
      <xilinx:checksum xilinx:scope="ports" xilinx:value="c0c999ec"/>
      <xilinx:checksum xilinx:scope="hdlParameters" xilinx:value="6992ea72"/>
      <xilinx:checksum xilinx:scope="parameters" xilinx:value="bfa1c395"/>
    </xilinx:packagingInfo>
  </spirit:vendorExtensions>
</spirit:component>
